# Blender 4.1.1
# www.blender.org
mtllib title.mtl
o テキスト
v -2.089632 0.015553 0.148963
v -2.095556 0.015553 0.144731
v -2.093017 0.015553 0.137960
v -2.086246 0.015553 0.136267
v -2.082438 0.015553 0.145578
v -2.336775 0.015553 0.174355
v -2.338468 0.015553 0.158697
v -2.335505 0.015553 0.143039
v -2.331274 0.015553 0.129073
v -2.319424 0.015553 0.101566
v -2.307998 0.015553 0.090986
v -2.300381 0.015553 0.085908
v -2.289801 0.015553 0.080406
v -2.277529 0.015553 0.075328
v -2.264833 0.015553 0.072789
v -2.236902 0.015553 0.072789
v -2.225476 0.015553 0.075328
v -2.217012 0.015553 0.077867
v -2.210241 0.015553 0.086754
v -2.206432 0.015553 0.095218
v -2.205586 0.015553 0.103259
v -2.206432 0.015553 0.107490
v -2.210241 0.015553 0.113415
v -2.217012 0.015553 0.113415
v -2.221244 0.015553 0.110030
v -2.221244 0.015553 0.101566
v -2.222937 0.015553 0.090140
v -2.236902 0.015553 0.082522
v -2.250021 0.015553 0.082522
v -2.258485 0.015553 0.084215
v -2.274989 0.015553 0.090140
v -2.283876 0.015553 0.098603
v -2.296572 0.015553 0.115108
v -2.302073 0.015553 0.134152
v -2.305459 0.015553 0.153195
v -2.305459 0.015553 0.163775
v -2.299111 0.015553 0.175201
v -2.295726 0.015553 0.186204
v -2.294879 0.015553 0.198477
v -2.289801 0.015553 0.206940
v -2.284723 0.015553 0.216674
v -2.279221 0.015553 0.224291
v -2.270757 0.015553 0.230639
v -2.261870 0.015553 0.233178
v -2.250021 0.015553 0.236564
v -2.237749 0.015553 0.235717
v -2.222090 0.015553 0.223445
v -2.212780 0.015553 0.214135
v -2.208125 0.015553 0.203555
v -2.204740 0.015553 0.193398
v -2.203047 0.015553 0.179433
v -2.204740 0.015553 0.171815
v -2.197122 0.015553 0.164621
v -2.190774 0.015553 0.159543
v -2.184850 0.015553 0.153195
v -2.182311 0.015553 0.145578
v -2.182311 0.015553 0.133305
v -2.180618 0.015553 0.121456
v -2.180618 0.015553 0.111722
v -2.178925 0.015553 0.101566
v -2.179771 0.015553 0.090986
v -2.177232 0.015553 0.083369
v -2.173847 0.015553 0.073635
v -2.169192 0.015553 0.044012
v -2.164960 0.015553 0.024968
v -2.163267 0.015553 0.013119
v -2.159881 0.015553 -0.002539
v -2.158189 0.015553 -0.020736
v -2.150994 0.015553 -0.037241
v -2.150148 0.015553 -0.049513
v -2.145070 0.015553 -0.063479
v -2.140838 0.015553 -0.076174
v -2.137452 0.015553 -0.092679
v -2.133644 0.015553 -0.107490
v -2.131951 0.015553 -0.120609
v -2.131104 0.015553 -0.134152
v -2.131951 0.015553 -0.150656
v -2.132797 0.015553 -0.160389
v -2.136183 0.015553 -0.168853
v -2.134490 0.015553 -0.176894
v -2.126026 0.015553 -0.184511
v -2.121794 0.015553 -0.188743
v -2.113754 0.015553 -0.179433
v -2.111214 0.015553 -0.167160
v -2.110368 0.015553 -0.156157
v -2.110368 0.015553 -0.139653
v -2.111214 0.015553 -0.127380
v -2.112907 0.015553 -0.115108
v -2.112061 0.015553 -0.101566
v -2.114600 0.015553 -0.097757
v -2.118832 0.015553 -0.086754
v -2.123487 0.015553 -0.071942
v -2.126873 0.015553 -0.063479
v -2.130258 0.015553 -0.050360
v -2.133644 0.015553 -0.038934
v -2.138299 0.015553 -0.028777
v -2.132797 0.015553 -0.013965
v -2.131951 0.015553 0.003386
v -2.131951 0.015553 0.016504
v -2.132797 0.015553 0.025815
v -2.130258 0.015553 0.040626
v -2.131951 0.015553 0.066864
v -2.138299 0.015553 0.077867
v -2.134490 0.015553 0.094372
v -2.137452 0.015553 0.112569
v -2.137452 0.015553 0.128227
v -2.139145 0.015553 0.141346
v -2.137452 0.015553 0.156157
v -2.138299 0.015553 0.166314
v -2.134490 0.015553 0.176894
v -2.128565 0.015553 0.181126
v -2.131104 0.015553 0.190859
v -2.136183 0.015553 0.201016
v -2.137452 0.015553 0.213288
v -2.134490 0.015553 0.224291
v -2.134490 0.015553 0.234025
v -2.131104 0.015553 0.242488
v -2.117985 0.015553 0.262802
v -2.112907 0.015553 0.287770
v -2.112061 0.015553 0.295387
v -2.112061 0.015553 0.303428
v -2.117985 0.015553 0.311892
v -2.126873 0.015553 0.321625
v -2.140838 0.015553 0.321625
v -2.167499 0.015553 0.314431
v -2.179771 0.015553 0.311045
v -2.186543 0.015553 0.296234
v -2.189082 0.015553 0.281845
v -2.192890 0.015553 0.275497
v -2.204740 0.015553 0.276344
v -2.217012 0.015553 0.281845
v -2.248328 0.015553 0.286077
v -2.261024 0.015553 0.285231
v -2.275836 0.015553 0.280999
v -2.283876 0.015553 0.276344
v -2.294033 0.015553 0.271265
v -2.305459 0.015553 0.261532
v -2.320271 0.015553 0.237410
v -2.323656 0.015553 0.224291
v -2.328735 0.015553 0.209903
v -2.332120 0.015553 0.197630
v -2.334659 0.015553 0.186204
v -2.108675 0.015553 -0.046974
v -2.112907 0.015553 -0.050360
v -2.112061 0.015553 -0.057131
v -2.106136 0.015553 -0.056284
v -2.101904 0.015553 -0.052052
v -2.086733 0.015553 0.276344
v -2.086733 0.015553 0.268726
v -2.084194 0.015553 0.264494
v -2.075307 0.015553 0.259839
v -2.069382 0.015553 0.254761
v -2.066843 0.015553 0.244604
v -2.065150 0.015553 0.230639
v -2.060495 0.015553 0.216674
v -2.063457 0.015553 0.204401
v -2.059649 0.015553 0.194245
v -2.058802 0.015553 0.180279
v -2.057110 0.015553 0.165468
v -2.057110 0.015553 0.150656
v -2.058802 0.015553 0.132459
v -2.057110 0.015553 0.118917
v -2.057110 0.015553 0.104105
v -2.059649 0.015553 0.092679
v -2.063457 0.015553 0.081676
v -2.059649 0.015553 0.068557
v -2.064304 0.015553 0.057131
v -2.064304 0.015553 0.037241
v -2.065150 0.015553 0.029623
v -2.068536 0.015553 0.018197
v -2.069382 0.015553 0.005925
v -2.072768 0.015553 -0.002539
v -2.072768 0.015553 -0.010580
v -2.076153 0.015553 -0.018197
v -2.071921 0.015553 -0.025815
v -2.066843 0.015553 -0.027931
v -2.063457 0.015553 -0.025815
v -2.059649 0.015553 -0.017351
v -2.057110 0.015553 -0.007617
v -2.055417 0.015553 0.000000
v -2.051185 0.015553 0.008464
v -2.051185 0.015553 0.016504
v -2.045260 0.015553 0.029623
v -2.045260 0.015553 0.041473
v -2.043567 0.015553 0.050360
v -2.043567 0.015553 0.062209
v -2.040605 0.015553 0.072789
v -2.038912 0.015553 0.098603
v -2.037220 0.015553 0.105798
v -2.036373 0.015553 0.122302
v -2.037220 0.015553 0.133305
v -2.036373 0.015553 0.145578
v -2.036373 0.015553 0.156157
v -2.032141 0.015553 0.164621
v -2.024947 0.015553 0.168853
v -2.019869 0.015553 0.174355
v -2.014791 0.015553 0.190859
v -2.013098 0.015553 0.200169
v -2.013098 0.015553 0.234025
v -2.014791 0.015553 0.248836
v -2.012251 0.015553 0.264494
v -2.011405 0.015553 0.274651
v -2.008019 0.015553 0.284384
v -2.011405 0.015553 0.294541
v -2.016483 0.015553 0.302581
v -2.023254 0.015553 0.305121
v -2.032988 0.015553 0.307660
v -2.043567 0.015553 0.305121
v -2.051185 0.015553 0.298350
v -2.058802 0.015553 0.292002
v -2.068536 0.015553 0.292002
v -2.075307 0.015553 0.285231
v -2.081655 0.015553 0.280999
v -2.032988 0.015553 0.475667
v -2.038912 0.015553 0.468049
v -2.032141 0.015553 0.463817
v -2.024947 0.015553 0.465510
v -2.027063 0.015553 0.473127
v -2.076999 0.015553 0.459162
v -2.081655 0.015553 0.452391
v -2.079962 0.015553 0.445620
v -2.072768 0.015553 0.437579
v -2.066843 0.015553 0.429116
v -2.066843 0.015553 0.421075
v -2.071075 0.015553 0.413457
v -2.075307 0.015553 0.407533
v -2.075307 0.015553 0.395260
v -2.071075 0.015553 0.384680
v -2.064304 0.015553 0.376217
v -2.055417 0.015553 0.369022
v -2.044414 0.015553 0.368176
v -2.032141 0.015553 0.369022
v -2.024947 0.015553 0.373678
v -2.016483 0.015553 0.379602
v -2.008866 0.015553 0.388489
v -1.999132 0.015553 0.400339
v -1.994900 0.015553 0.411765
v -1.993208 0.015553 0.420229
v -1.994900 0.015553 0.428269
v -1.999132 0.015553 0.437579
v -2.005057 0.015553 0.444774
v -2.017330 0.015553 0.451545
v -2.027909 0.015553 0.453237
v -2.043567 0.015553 0.454930
v -2.058802 0.015553 0.459162
v -2.069382 0.015553 0.460008
v -1.989462 0.015553 0.028777
v -1.992002 0.015553 0.015658
v -1.989462 0.015553 0.002539
v -1.982692 0.015553 -0.006771
v -1.978883 0.015553 -0.009733
v -1.971265 0.015553 -0.009733
v -1.963648 0.015553 -0.002539
v -1.974651 0.015553 0.005078
v -1.975497 0.015553 0.014812
v -1.977190 0.015553 0.021583
v -1.972958 0.015553 0.042319
v -1.971265 0.015553 0.062209
v -1.967033 0.015553 0.095218
v -1.970419 0.015553 0.109183
v -1.959839 0.015553 0.122302
v -1.958146 0.015553 0.134152
v -1.960685 0.015553 0.142192
v -1.956454 0.015553 0.152349
v -1.956454 0.015553 0.166314
v -1.953068 0.015553 0.176894
v -1.945451 0.015553 0.185358
v -1.939949 0.015553 0.193398
v -1.930639 0.015553 0.208210
v -1.928100 0.015553 0.220906
v -1.916674 0.015553 0.230639
v -1.910749 0.015553 0.236564
v -1.899323 0.015553 0.236564
v -1.877740 0.015553 0.232332
v -1.868853 0.015553 0.227253
v -1.857850 0.015553 0.209903
v -1.849810 0.015553 0.187050
v -1.846424 0.015553 0.171815
v -1.843039 0.015553 0.163775
v -1.840499 0.015553 0.148963
v -1.839653 0.015553 0.133305
v -1.839653 0.015553 0.121456
v -1.837960 0.015553 0.106644
v -1.837960 0.015553 0.057977
v -1.843039 0.015553 0.024968
v -1.843885 0.015553 0.010580
v -1.845578 0.015553 -0.004232
v -1.845578 0.015553 -0.014812
v -1.844731 0.015553 -0.028777
v -1.841346 0.015553 -0.036394
v -1.836267 0.015553 -0.046128
v -1.826534 0.015553 -0.046974
v -1.819763 0.015553 -0.043165
v -1.813415 0.015553 -0.035548
v -1.816801 0.015553 -0.022429
v -1.814262 0.015553 -0.010580
v -1.812569 0.015553 0.019044
v -1.808337 0.015553 0.033855
v -1.811722 0.015553 0.044858
v -1.806644 0.015553 0.059670
v -1.805798 0.015553 0.077021
v -1.801566 0.015553 0.096911
v -1.801566 0.015553 0.115108
v -1.799873 0.015553 0.123149
v -1.791832 0.015553 0.159543
v -1.789293 0.015553 0.168853
v -1.789293 0.015553 0.187050
v -1.786754 0.015553 0.200169
v -1.782522 0.015553 0.216674
v -1.781253 0.015553 0.233178
v -1.782522 0.015553 0.251375
v -1.779560 0.015553 0.259839
v -1.775328 0.015553 0.291155
v -1.777867 0.015553 0.317393
v -1.771942 0.015553 0.329242
v -1.769403 0.015553 0.349132
v -1.766018 0.015553 0.365637
v -1.766018 0.015553 0.382988
v -1.766864 0.015553 0.404570
v -1.763055 0.015553 0.414304
v -1.766864 0.015553 0.421921
v -1.766018 0.015553 0.436733
v -1.758824 0.015553 0.451545
v -1.756284 0.015553 0.468049
v -1.752899 0.015553 0.475667
v -1.753745 0.015553 0.483707
v -1.750360 0.015553 0.500212
v -1.746974 0.015553 0.517562
v -1.746128 0.015553 0.530258
v -1.755438 0.015553 0.543377
v -1.759670 0.015553 0.553957
v -1.766018 0.015553 0.551418
v -1.769403 0.015553 0.558189
v -1.776174 0.015553 0.570461
v -1.789293 0.015553 0.574693
v -1.804105 0.015553 0.572154
v -1.818070 0.015553 0.571308
v -1.829920 0.015553 0.562421
v -1.840499 0.015553 0.548455
v -1.845578 0.015553 0.537452
v -1.847270 0.015553 0.520102
v -1.843885 0.015553 0.508675
v -1.838807 0.015553 0.497672
v -1.834152 0.015553 0.481168
v -1.831612 0.015553 0.461278
v -1.829920 0.015553 0.444774
v -1.829920 0.015553 0.421921
v -1.826534 0.015553 0.401185
v -1.830766 0.015553 0.385527
v -1.831612 0.015553 0.365637
v -1.831612 0.015553 0.344054
v -1.832459 0.015553 0.325011
v -1.831612 0.015553 0.304274
v -1.831612 0.015553 0.258993
v -1.841346 0.015553 0.269573
v -1.853195 0.015553 0.285231
v -1.877740 0.015553 0.293694
v -1.903555 0.015553 0.291155
v -1.920906 0.015553 0.288616
v -1.937410 0.015553 0.282691
v -1.956454 0.015553 0.271265
v -1.969573 0.015553 0.253068
v -1.975497 0.015553 0.242488
v -1.979729 0.015553 0.218366
v -1.983538 0.015553 0.201016
v -1.983538 0.015553 0.183665
v -1.986077 0.015553 0.161236
v -1.986923 0.015553 0.140499
v -1.986923 0.015553 0.123149
v -1.988616 0.015553 0.106644
v -1.988616 0.015553 0.088447
v -1.986077 0.015553 0.063479
v -1.988616 0.015553 0.044012
v -1.543483 0.015553 0.202708
v -1.543483 0.015553 0.194245
v -1.539251 0.015553 0.187897
v -1.535019 0.015553 0.191705
v -1.530364 0.015553 0.196784
v -1.535865 0.015553 0.202708
v -1.763542 0.015553 0.242488
v -1.766081 0.015553 0.231485
v -1.764388 0.015553 0.220059
v -1.760157 0.015553 0.211595
v -1.748730 0.015553 0.191705
v -1.736881 0.015553 0.187897
v -1.720377 0.015553 0.187897
v -1.706411 0.015553 0.192552
v -1.695408 0.015553 0.194245
v -1.680597 0.015553 0.198477
v -1.667478 0.015553 0.198477
v -1.658591 0.015553 0.195091
v -1.643356 0.015553 0.186204
v -1.634469 0.015553 0.176894
v -1.625159 0.015553 0.164621
v -1.618811 0.015553 0.152349
v -1.615425 0.015553 0.142192
v -1.612886 0.015553 0.134998
v -1.606961 0.015553 0.129920
v -1.603153 0.015553 0.112569
v -1.602306 0.015553 0.099873
v -1.602306 0.015553 0.075328
v -1.607808 0.015553 0.062209
v -1.618811 0.015553 0.051206
v -1.628544 0.015553 0.046974
v -1.643356 0.015553 0.042319
v -1.652666 0.015553 0.038087
v -1.684829 0.015553 0.038087
v -1.698794 0.015553 0.040626
v -1.706411 0.015553 0.044012
v -1.712336 0.015553 0.048667
v -1.720377 0.015553 0.047821
v -1.724608 0.015553 0.040626
v -1.722916 0.015553 0.034702
v -1.714452 0.015553 0.027931
v -1.703026 0.015553 0.022429
v -1.688214 0.015553 0.016504
v -1.675095 0.015553 0.012273
v -1.664092 0.015553 0.010580
v -1.642509 0.015553 0.008464
v -1.622196 0.015553 0.010580
v -1.610347 0.015553 0.015658
v -1.598921 0.015553 0.020736
v -1.587071 0.015553 0.028777
v -1.578184 0.015553 0.032163
v -1.573106 0.015553 0.044012
v -1.567605 0.015553 0.054592
v -1.564219 0.015553 0.066864
v -1.562526 0.015553 0.082522
v -1.558295 0.015553 0.099873
v -1.555755 0.015553 0.118917
v -1.555755 0.015553 0.132459
v -1.554909 0.015553 0.150656
v -1.555755 0.015553 0.164621
v -1.558295 0.015553 0.179433
v -1.564219 0.015553 0.191705
v -1.566758 0.015553 0.200169
v -1.566758 0.015553 0.216674
v -1.570567 0.015553 0.228946
v -1.587071 0.015553 0.243335
v -1.594689 0.015553 0.247143
v -1.600614 0.015553 0.248836
v -1.616272 0.015553 0.254761
v -1.626851 0.015553 0.258146
v -1.636162 0.015553 0.258993
v -1.651820 0.015553 0.262802
v -1.667478 0.015553 0.268726
v -1.679750 0.015553 0.272112
v -1.692446 0.015553 0.275497
v -1.704718 0.015553 0.274651
v -1.718684 0.015553 0.272112
v -1.731803 0.015553 0.267880
v -1.744498 0.015553 0.258146
v -1.755078 0.015553 0.251375
v -1.297249 0.015553 0.148963
v -1.303174 0.015553 0.144731
v -1.300635 0.015553 0.137960
v -1.293864 0.015553 0.136267
v -1.290055 0.015553 0.145578
v -1.544393 0.015553 0.174355
v -1.546085 0.015553 0.158697
v -1.543123 0.015553 0.143039
v -1.538891 0.015553 0.129073
v -1.527042 0.015553 0.101566
v -1.515616 0.015553 0.090986
v -1.507998 0.015553 0.085908
v -1.497419 0.015553 0.080406
v -1.485146 0.015553 0.075328
v -1.472450 0.015553 0.072789
v -1.444520 0.015553 0.072789
v -1.433094 0.015553 0.075328
v -1.424630 0.015553 0.077867
v -1.417859 0.015553 0.086754
v -1.414050 0.015553 0.095218
v -1.413203 0.015553 0.103259
v -1.414050 0.015553 0.107490
v -1.417859 0.015553 0.113415
v -1.424630 0.015553 0.113415
v -1.428862 0.015553 0.110030
v -1.428862 0.015553 0.101566
v -1.430554 0.015553 0.090140
v -1.444520 0.015553 0.082522
v -1.457639 0.015553 0.082522
v -1.466102 0.015553 0.084215
v -1.482607 0.015553 0.090140
v -1.491494 0.015553 0.098603
v -1.504190 0.015553 0.115108
v -1.509691 0.015553 0.134152
v -1.513077 0.015553 0.153195
v -1.513077 0.015553 0.163775
v -1.506729 0.015553 0.175201
v -1.503343 0.015553 0.186204
v -1.502497 0.015553 0.198477
v -1.497419 0.015553 0.206940
v -1.492340 0.015553 0.216674
v -1.486839 0.015553 0.224291
v -1.478375 0.015553 0.230639
v -1.469488 0.015553 0.233178
v -1.457639 0.015553 0.236564
v -1.445366 0.015553 0.235717
v -1.429708 0.015553 0.223445
v -1.420398 0.015553 0.214135
v -1.415743 0.015553 0.203555
v -1.412357 0.015553 0.193398
v -1.410664 0.015553 0.179433
v -1.412357 0.015553 0.171815
v -1.404740 0.015553 0.164621
v -1.398392 0.015553 0.159543
v -1.392467 0.015553 0.153195
v -1.389928 0.015553 0.145578
v -1.389928 0.015553 0.133305
v -1.388235 0.015553 0.121456
v -1.388235 0.015553 0.111722
v -1.386543 0.015553 0.101566
v -1.387389 0.015553 0.090986
v -1.384850 0.015553 0.083369
v -1.381464 0.015553 0.073635
v -1.376809 0.015553 0.044012
v -1.372577 0.015553 0.024968
v -1.370884 0.015553 0.013119
v -1.367499 0.015553 -0.002539
v -1.365806 0.015553 -0.020736
v -1.358612 0.015553 -0.037241
v -1.357766 0.015553 -0.049513
v -1.352687 0.015553 -0.063479
v -1.348455 0.015553 -0.076174
v -1.345070 0.015553 -0.092679
v -1.341261 0.015553 -0.107490
v -1.339568 0.015553 -0.120609
v -1.338722 0.015553 -0.134152
v -1.339568 0.015553 -0.150656
v -1.340415 0.015553 -0.160389
v -1.343800 0.015553 -0.168853
v -1.342107 0.015553 -0.176894
v -1.333644 0.015553 -0.184511
v -1.329412 0.015553 -0.188743
v -1.321371 0.015553 -0.179433
v -1.318832 0.015553 -0.167160
v -1.317986 0.015553 -0.156157
v -1.317986 0.015553 -0.139653
v -1.318832 0.015553 -0.127380
v -1.320525 0.015553 -0.115108
v -1.319678 0.015553 -0.101566
v -1.322217 0.015553 -0.097757
v -1.326449 0.015553 -0.086754
v -1.331105 0.015553 -0.071942
v -1.334490 0.015553 -0.063479
v -1.337876 0.015553 -0.050360
v -1.341261 0.015553 -0.038934
v -1.345916 0.015553 -0.028777
v -1.340415 0.015553 -0.013965
v -1.339568 0.015553 0.003386
v -1.339568 0.015553 0.016504
v -1.340415 0.015553 0.025815
v -1.337876 0.015553 0.040626
v -1.339568 0.015553 0.066864
v -1.345916 0.015553 0.077867
v -1.342107 0.015553 0.094372
v -1.345070 0.015553 0.112569
v -1.345070 0.015553 0.128227
v -1.346763 0.015553 0.141346
v -1.345070 0.015553 0.156157
v -1.345916 0.015553 0.166314
v -1.342107 0.015553 0.176894
v -1.336183 0.015553 0.181126
v -1.338722 0.015553 0.190859
v -1.343800 0.015553 0.201016
v -1.345070 0.015553 0.213288
v -1.342107 0.015553 0.224291
v -1.342107 0.015553 0.234025
v -1.338722 0.015553 0.242488
v -1.325603 0.015553 0.262802
v -1.320525 0.015553 0.287770
v -1.319678 0.015553 0.295387
v -1.319678 0.015553 0.303428
v -1.325603 0.015553 0.311892
v -1.334490 0.015553 0.321625
v -1.348455 0.015553 0.321625
v -1.375116 0.015553 0.314431
v -1.387389 0.015553 0.311045
v -1.394160 0.015553 0.296234
v -1.396699 0.015553 0.281845
v -1.400508 0.015553 0.275497
v -1.412357 0.015553 0.276344
v -1.424630 0.015553 0.281845
v -1.455946 0.015553 0.286077
v -1.468642 0.015553 0.285231
v -1.483453 0.015553 0.280999
v -1.491494 0.015553 0.276344
v -1.501650 0.015553 0.271265
v -1.513077 0.015553 0.261532
v -1.527888 0.015553 0.237410
v -1.531274 0.015553 0.224291
v -1.536352 0.015553 0.209903
v -1.539738 0.015553 0.197630
v -1.542277 0.015553 0.186204
v -1.316293 0.015553 -0.046974
v -1.320525 0.015553 -0.050360
v -1.319678 0.015553 -0.057131
v -1.313754 0.015553 -0.056284
v -1.309522 0.015553 -0.052052
v -1.300275 0.015553 0.118917
v -1.301968 0.015553 0.111722
v -1.296890 0.015553 0.108337
v -1.292235 0.015553 0.110030
v -1.292235 0.015553 0.115108
v -1.303661 0.015553 0.048667
v -1.304507 0.015553 0.036394
v -1.303661 0.015553 0.030470
v -1.297736 0.015553 0.024122
v -1.291388 0.015553 0.024122
v -1.284617 0.015553 0.031316
v -1.281232 0.015553 0.042319
v -1.275730 0.015553 0.051206
v -1.272344 0.015553 0.063479
v -1.268959 0.015553 0.066864
v -1.263881 0.015553 0.064325
v -1.256686 0.015553 0.059670
v -1.249069 0.015553 0.050360
v -1.236796 0.015553 0.043165
v -1.229179 0.015553 0.035548
v -1.216060 0.015553 0.028777
v -1.201248 0.015553 0.023275
v -1.188553 0.015553 0.019044
v -1.177127 0.015553 0.015658
v -1.168663 0.015553 0.012273
v -1.159776 0.015553 0.014812
v -1.147503 0.015553 0.016504
v -1.133115 0.015553 0.022429
v -1.119996 0.015553 0.030470
v -1.111955 0.015553 0.040626
v -1.106030 0.015553 0.052052
v -1.105184 0.015553 0.070250
v -1.105184 0.015553 0.082522
v -1.107723 0.015553 0.096064
v -1.115764 0.015553 0.110030
v -1.123381 0.015553 0.123149
v -1.133961 0.015553 0.132459
v -1.144964 0.015553 0.140499
v -1.159776 0.015553 0.143039
v -1.172895 0.015553 0.144731
v -1.187706 0.015553 0.148117
v -1.200402 0.015553 0.156157
v -1.216907 0.015553 0.164621
v -1.224947 0.015553 0.168007
v -1.233411 0.015553 0.170546
v -1.236796 0.015553 0.179433
v -1.230025 0.015553 0.191705
v -1.221985 0.015553 0.202708
v -1.205057 0.015553 0.218366
v -1.187706 0.015553 0.223445
v -1.173741 0.015553 0.224291
v -1.168663 0.015553 0.223445
v -1.159776 0.015553 0.223445
v -1.149196 0.015553 0.218366
v -1.139886 0.015553 0.212442
v -1.128460 0.015553 0.210749
v -1.115764 0.015553 0.210749
v -1.100952 0.015553 0.206940
v -1.087833 0.015553 0.206940
v -1.077254 0.015553 0.212442
v -1.069636 0.015553 0.220059
v -1.068790 0.015553 0.230639
v -1.071329 0.015553 0.239949
v -1.080216 0.015553 0.250529
v -1.089526 0.015553 0.262802
v -1.100952 0.015553 0.272112
v -1.113648 0.015553 0.278883
v -1.127613 0.015553 0.290309
v -1.140732 0.015553 0.296234
v -1.164854 0.015553 0.300889
v -1.185590 0.015553 0.302581
v -1.200402 0.015553 0.298350
v -1.212675 0.015553 0.292002
v -1.225793 0.015553 0.287770
v -1.240605 0.015553 0.278036
v -1.248223 0.015553 0.270419
v -1.255840 0.015553 0.258146
v -1.261342 0.015553 0.242488
v -1.265574 0.015553 0.227253
v -1.271498 0.015553 0.206940
v -1.277000 0.015553 0.191705
v -1.277846 0.015553 0.178587
v -1.277000 0.015553 0.162082
v -1.281232 0.015553 0.143039
v -1.283771 0.015553 0.123149
v -1.291388 0.015553 0.088447
v -1.296043 0.015553 0.075328
v -1.300275 0.015553 0.063479
v -1.264727 0.015553 0.046974
v -1.268113 0.015553 0.038934
v -1.264727 0.015553 0.036394
v -1.257533 0.015553 0.038934
v -1.259649 0.015553 0.044012
v -1.244837 0.015553 0.115954
v -1.245683 0.015553 0.126534
v -1.242298 0.015553 0.131612
v -1.230025 0.015553 0.134998
v -1.219446 0.015553 0.134152
v -1.210135 0.015553 0.129920
v -1.199556 0.015553 0.126534
v -1.188553 0.015553 0.120609
v -1.177973 0.015553 0.118917
v -1.168663 0.015553 0.114262
v -1.160622 0.015553 0.108337
v -1.155544 0.015553 0.100719
v -1.149196 0.015553 0.090986
v -1.147503 0.015553 0.082522
v -1.144118 0.015553 0.074482
v -1.144118 0.015553 0.064325
v -1.148350 0.015553 0.055438
v -1.159776 0.015553 0.052052
v -1.172048 0.015553 0.052052
v -1.185590 0.015553 0.055438
v -1.191938 0.015553 0.062209
v -1.200402 0.015553 0.064325
v -1.220292 0.015553 0.077867
v -1.230025 0.015553 0.084215
v -1.236796 0.015553 0.095218
v -1.243991 0.015553 0.104105
v -1.067584 0.015553 -0.005078
v -1.067584 0.015553 -0.039780
v -1.065891 0.015553 -0.044012
v -1.060389 0.015553 -0.047821
v -1.054465 0.015553 -0.036394
v -1.048540 0.015553 -0.013965
v -1.043038 0.015553 -0.004232
v -1.043038 0.015553 0.001693
v -1.041346 0.015553 0.035548
v -1.031189 0.015553 0.067711
v -1.027804 0.015553 0.102412
v -1.021456 0.015553 0.125688
v -1.013838 0.015553 0.159543
v -1.011299 0.015553 0.184511
v -1.003259 0.015553 0.198477
v -0.996487 0.015553 0.224291
v -0.996487 0.015553 0.245451
v -0.990563 0.015553 0.262802
v -0.991409 0.015553 0.298350
v -0.985061 0.015553 0.310199
v -0.982522 0.015553 0.329242
v -0.981676 0.015553 0.356327
v -0.985061 0.015553 0.382988
v -0.990563 0.015553 0.397799
v -0.985061 0.015553 0.414304
v -0.982522 0.015553 0.431655
v -0.981676 0.015553 0.451545
v -0.971096 0.015553 0.460008
v -0.961786 0.015553 0.463817
v -0.950360 0.015553 0.452391
v -0.937664 0.015553 0.435040
v -0.926238 0.015553 0.413457
v -0.916504 0.015553 0.388489
v -0.908041 0.015553 0.360559
v -0.900423 0.015553 0.337283
v -0.893229 0.015553 0.313584
v -0.885612 0.015553 0.290309
v -0.879264 0.015553 0.277190
v -0.872493 0.015553 0.270419
v -0.864875 0.015553 0.266187
v -0.853449 0.015553 0.271265
v -0.845832 0.015553 0.283538
v -0.832713 0.015553 0.303428
v -0.825518 0.015553 0.321625
v -0.816208 0.015553 0.363098
v -0.812823 0.015553 0.382141
v -0.807321 0.015553 0.405417
v -0.798857 0.015553 0.426576
v -0.793779 0.015553 0.445620
v -0.786585 0.015553 0.461278
v -0.778121 0.015553 0.466356
v -0.767541 0.015553 0.471435
v -0.762463 0.015553 0.460008
v -0.755692 0.015553 0.440965
v -0.747651 0.015553 0.417689
v -0.740880 0.015553 0.368176
v -0.735379 0.015553 0.339822
v -0.735379 0.015553 0.329242
v -0.731147 0.015553 0.291155
v -0.722683 0.015553 0.245451
v -0.721837 0.015553 0.220906
v -0.729454 0.015553 0.212442
v -0.730300 0.015553 0.194245
v -0.734532 0.015553 0.178587
v -0.726069 0.015553 0.164621
v -0.716335 0.015553 0.150656
v -0.699831 0.015553 0.148117
v -0.683749 0.015553 0.148117
v -0.663436 0.015553 0.147270
v -0.649894 0.015553 0.153195
v -0.640161 0.015553 0.160389
v -0.635083 0.015553 0.176894
v -0.640161 0.015553 0.212442
v -0.649894 0.015553 0.230639
v -0.657512 0.015553 0.234025
v -0.659204 0.015553 0.277190
v -0.674016 0.015553 0.328396
v -0.676555 0.015553 0.349132
v -0.687135 0.015553 0.368176
v -0.686289 0.015553 0.380449
v -0.698138 0.015553 0.399492
v -0.698138 0.015553 0.411765
v -0.722683 0.015553 0.471435
v -0.726069 0.015553 0.483707
v -0.733686 0.015553 0.489632
v -0.736225 0.015553 0.505290
v -0.747651 0.015553 0.520102
v -0.762463 0.015553 0.541684
v -0.775582 0.015553 0.549302
v -0.786585 0.015553 0.549302
v -0.793779 0.015553 0.540838
v -0.801397 0.015553 0.525180
v -0.806475 0.015553 0.505290
v -0.812823 0.015553 0.483707
v -0.821286 0.015553 0.454930
v -0.825518 0.015553 0.435040
v -0.832713 0.015553 0.411765
v -0.836098 0.015553 0.393568
v -0.839484 0.015553 0.368176
v -0.842023 0.015553 0.347440
v -0.848371 0.015553 0.327550
v -0.859374 0.015553 0.313584
v -0.865722 0.015553 0.308506
v -0.872493 0.015553 0.316547
v -0.876724 0.015553 0.330935
v -0.884765 0.015553 0.347440
v -0.894075 0.015553 0.375370
v -0.904655 0.015553 0.400339
v -0.910580 0.015553 0.419382
v -0.916504 0.015553 0.433347
v -0.910580 0.015553 0.440118
v -0.905501 0.015553 0.454084
v -0.906348 0.015553 0.471435
v -0.913965 0.015553 0.489632
v -0.922852 0.015553 0.506983
v -0.926238 0.015553 0.523487
v -0.937664 0.015553 0.543377
v -0.946128 0.015553 0.552264
v -0.957554 0.015553 0.567499
v -0.973212 0.015553 0.577232
v -0.982522 0.015553 0.583157
v -0.996487 0.015553 0.579771
v -1.010453 0.015553 0.578079
v -1.024841 0.015553 0.569615
v -1.036268 0.015553 0.559035
v -1.046001 0.015553 0.545916
v -1.048540 0.015553 0.527719
v -1.049386 0.015553 0.506136
v -1.048540 0.015553 0.486246
v -1.047694 0.015553 0.461278
v -1.049386 0.015553 0.414304
v -1.049386 0.015553 0.387220
v -1.057004 0.015553 0.339822
v -1.056157 0.015553 0.316547
v -1.054465 0.015553 0.285231
v -1.053618 0.015553 0.259839
v -1.053618 0.015553 0.236564
v -1.051079 0.015553 0.208210
v -1.046001 0.015553 0.196784
v -1.051079 0.015553 0.174355
v -1.051079 0.015553 0.128227
v -1.056157 0.015553 0.118917
v -1.057004 0.015553 0.087601
v -1.060389 0.015553 0.062209
v -1.065891 0.015553 0.015658
v -0.696445 0.015553 0.101566
v -0.701947 0.015553 0.095218
v -0.695599 0.015553 0.089293
v -0.688828 0.015553 0.090140
v -0.689674 0.015553 0.101566
v -0.796318 0.015553 0.621244
v -0.798857 0.015553 0.615319
v -0.794625 0.015553 0.607702
v -0.787431 0.015553 0.610241
v -0.788278 0.015553 0.621244
v -1.075201 0.015553 0.263648
v -1.082395 0.015553 0.254761
v -1.073508 0.015553 0.245451
v -1.069276 0.015553 0.254761
v -0.300402 0.015553 0.365637
v -0.310559 0.015553 0.361405
v -0.302095 0.015553 0.355480
v -0.291515 0.015553 0.358866
v -0.512421 0.015553 0.407533
v -0.517076 0.015553 0.402031
v -0.512421 0.015553 0.397799
v -0.496763 0.015553 0.396107
v -0.489992 0.015553 0.405417
v -0.631337 0.015553 0.349979
v -0.631337 0.015553 0.333474
v -0.627105 0.015553 0.315277
v -0.625413 0.015553 0.291155
v -0.619911 0.015553 0.267880
v -0.622450 0.015553 0.250529
v -0.624143 0.015553 0.225138
v -0.619065 0.015553 0.208210
v -0.619065 0.015553 0.184511
v -0.608908 0.015553 0.164621
v -0.600868 0.015553 0.144731
v -0.569551 0.015553 0.093525
v -0.555163 0.015553 0.081676
v -0.536119 0.015553 0.068557
v -0.517076 0.015553 0.061363
v -0.476873 0.015553 0.056284
v -0.454444 0.015553 0.058824
v -0.436246 0.015553 0.056284
v -0.424820 0.015553 0.055438
v -0.416356 0.015553 0.058824
v -0.412124 0.015553 0.062209
v -0.407469 0.015553 0.068557
v -0.412124 0.015553 0.080406
v -0.422281 0.015553 0.092679
v -0.435400 0.015553 0.096911
v -0.443017 0.015553 0.094372
v -0.458675 0.015553 0.106644
v -0.473487 0.015553 0.112569
v -0.489145 0.015553 0.114262
v -0.502264 0.015553 0.124841
v -0.517076 0.015553 0.130766
v -0.530618 0.015553 0.138807
v -0.545430 0.015553 0.156157
v -0.557702 0.015553 0.176047
v -0.569551 0.015553 0.192552
v -0.575899 0.015553 0.209056
v -0.573360 0.015553 0.228100
v -0.576746 0.015553 0.245451
v -0.573360 0.015553 0.259839
v -0.570398 0.015553 0.274651
v -0.575899 0.015553 0.292002
v -0.574206 0.015553 0.305121
v -0.578438 0.015553 0.322471
v -0.576746 0.015553 0.343208
v -0.572514 0.015553 0.363098
v -0.566166 0.015553 0.390182
v -0.558548 0.015553 0.415150
v -0.551354 0.015553 0.426576
v -0.549661 0.015553 0.440965
v -0.540351 0.015553 0.457469
v -0.527232 0.015553 0.469742
v -0.512421 0.015553 0.477359
v -0.480681 0.015553 0.475667
v -0.461215 0.015553 0.469742
v -0.451904 0.015553 0.457469
v -0.448519 0.015553 0.438426
v -0.442171 0.015553 0.421075
v -0.437093 0.015553 0.398646
v -0.432861 0.015553 0.378756
v -0.429475 0.015553 0.355480
v -0.425667 0.015553 0.341515
v -0.423127 0.015553 0.330089
v -0.425667 0.015553 0.313584
v -0.429475 0.015553 0.298350
v -0.420588 0.015553 0.290309
v -0.424820 0.015553 0.280999
v -0.421435 0.015553 0.268726
v -0.421435 0.015553 0.252222
v -0.416356 0.015553 0.239103
v -0.415510 0.015553 0.220059
v -0.415510 0.015553 0.206094
v -0.411278 0.015553 0.192552
v -0.407469 0.015553 0.181972
v -0.407469 0.015553 0.168853
v -0.404930 0.015553 0.153195
v -0.399006 0.015553 0.131612
v -0.399006 0.015553 0.120609
v -0.398159 0.015553 0.092679
v -0.397313 0.015553 0.079560
v -0.398159 0.015553 0.066864
v -0.401545 0.015553 0.050360
v -0.407469 0.015553 0.042319
v -0.406623 0.015553 0.032163
v -0.401545 0.015553 0.020736
v -0.393927 0.015553 0.019044
v -0.385887 0.015553 0.020736
v -0.379962 0.015553 0.024122
v -0.376576 0.015553 0.028777
v -0.372344 0.015553 0.038087
v -0.368536 0.015553 0.060516
v -0.367689 0.015553 0.077867
v -0.368536 0.015553 0.096064
v -0.367689 0.015553 0.114262
v -0.367689 0.015553 0.127380
v -0.371075 0.015553 0.150656
v -0.373191 0.015553 0.174355
v -0.377423 0.015553 0.195091
v -0.379116 0.015553 0.211595
v -0.382501 0.015553 0.228946
v -0.382501 0.015553 0.252222
v -0.384194 0.015553 0.278883
v -0.387579 0.015553 0.302581
v -0.384194 0.015553 0.315277
v -0.382501 0.015553 0.335590
v -0.385040 0.015553 0.361405
v -0.391388 0.015553 0.382141
v -0.391388 0.015553 0.398646
v -0.397313 0.015553 0.429116
v -0.397313 0.015553 0.445620
v -0.393927 0.015553 0.458316
v -0.394774 0.015553 0.469742
v -0.387579 0.015553 0.478206
v -0.384194 0.015553 0.489632
v -0.382501 0.015553 0.499365
v -0.385040 0.015553 0.515870
v -0.393081 0.015553 0.523487
v -0.412124 0.015553 0.530258
v -0.430322 0.015553 0.539145
v -0.450212 0.015553 0.545070
v -0.469255 0.015553 0.545916
v -0.482374 0.015553 0.545916
v -0.514960 0.015553 0.539145
v -0.529771 0.015553 0.537452
v -0.541198 0.015553 0.531105
v -0.543737 0.015553 0.525180
v -0.556856 0.015553 0.522641
v -0.569551 0.015553 0.511215
v -0.580978 0.015553 0.501904
v -0.589865 0.015553 0.483707
v -0.597482 0.015553 0.469742
v -0.602560 0.015553 0.453237
v -0.608908 0.015553 0.440965
v -0.614833 0.015553 0.423614
v -0.622450 0.015553 0.402878
v -0.625413 0.015553 0.386373
v -0.627105 0.015553 0.366483
v -0.318240 0.015553 0.447313
v -0.320779 0.015553 0.428269
v -0.319932 0.015553 0.409226
v -0.313584 0.015553 0.392721
v -0.305967 0.015553 0.384680
v -0.292002 0.015553 0.361405
v -0.285231 0.015553 0.356327
v -0.269573 0.015553 0.341515
v -0.264494 0.015553 0.335590
v -0.256454 0.015553 0.330935
v -0.251375 0.015553 0.321625
v -0.236564 0.015553 0.311892
v -0.224291 0.015553 0.301735
v -0.209056 0.015553 0.285231
v -0.197630 0.015553 0.274651
v -0.192552 0.015553 0.266187
v -0.181972 0.015553 0.258146
v -0.181126 0.015553 0.245451
v -0.169700 0.015553 0.241642
v -0.163775 0.015553 0.232332
v -0.153195 0.015553 0.217520
v -0.144731 0.015553 0.202708
v -0.139653 0.015553 0.192552
v -0.124841 0.015553 0.173508
v -0.115954 0.015553 0.158697
v -0.097757 0.015553 0.120609
v -0.090140 0.015553 0.113415
v -0.085061 0.015553 0.104105
v -0.069403 0.015553 0.088447
v -0.064325 0.015553 0.085908
v -0.065171 0.015553 0.082522
v -0.057977 0.015553 0.070250
v -0.047821 0.015553 0.057977
v -0.048667 0.015553 0.054592
v -0.085908 0.015553 0.054592
v -0.099873 0.015553 0.052052
v -0.108337 0.015553 0.054592
v -0.121456 0.015553 0.053745
v -0.139653 0.015553 0.054592
v -0.159543 0.015553 0.052052
v -0.183665 0.015553 0.048667
v -0.197630 0.015553 0.044012
v -0.205248 0.015553 0.046974
v -0.224291 0.015553 0.044012
v -0.231485 0.015553 0.044858
v -0.249683 0.015553 0.044012
v -0.268726 0.015553 0.041473
v -0.283538 0.015553 0.044012
v -0.288616 0.015553 0.040626
v -0.293694 0.015553 0.040626
v -0.301735 0.015553 0.036394
v -0.300889 0.015553 0.030470
v -0.300042 0.015553 0.028777
v -0.292848 0.015553 0.028777
v -0.280152 0.015553 0.025815
v -0.259839 0.015553 0.028777
v -0.236564 0.015553 0.029623
v -0.215827 0.015553 0.029623
v -0.190013 0.015553 0.025815
v -0.157850 0.015553 0.029623
v -0.104105 0.015553 0.029623
v -0.079560 0.015553 0.025815
v -0.071942 0.015553 0.025815
v -0.052899 0.015553 0.022429
v -0.041473 0.015553 0.021583
v -0.032163 0.015553 0.014812
v -0.020736 0.015553 0.016504
v -0.013965 0.015553 0.020736
v -0.012273 0.015553 0.024968
v -0.012273 0.015553 0.036394
v -0.009733 0.015553 0.046974
v -0.017351 0.015553 0.057131
v -0.029623 0.015553 0.074482
v -0.039780 0.015553 0.093525
v -0.052052 0.015553 0.108337
v -0.061363 0.015553 0.118917
v -0.073635 0.015553 0.141346
v -0.085061 0.015553 0.158697
v -0.092679 0.015553 0.177740
v -0.116801 0.015553 0.217520
v -0.131612 0.015553 0.242488
v -0.145578 0.015553 0.258993
v -0.155311 0.015553 0.268726
v -0.160389 0.015553 0.277190
v -0.168007 0.015553 0.286077
v -0.179433 0.015553 0.296234
v -0.209056 0.015553 0.330935
v -0.223445 0.015553 0.344054
v -0.233178 0.015553 0.356327
v -0.241642 0.015553 0.363098
v -0.248836 0.015553 0.372831
v -0.255607 0.015553 0.382988
v -0.259839 0.015553 0.394414
v -0.266187 0.015553 0.404570
v -0.269573 0.015553 0.443927
v -0.268726 0.015553 0.463817
v -0.261532 0.015553 0.477359
v -0.247990 0.015553 0.485400
v -0.239949 0.015553 0.492171
v -0.229793 0.015553 0.493017
v -0.216674 0.015553 0.495557
v -0.199323 0.015553 0.491325
v -0.187897 0.015553 0.484554
v -0.173508 0.015553 0.477359
v -0.163775 0.015553 0.468049
v -0.151502 0.015553 0.459162
v -0.132459 0.015553 0.452391
v -0.119763 0.015553 0.447313
v -0.112569 0.015553 0.445620
v -0.104951 0.015553 0.440965
v -0.077021 0.015553 0.439272
v -0.069403 0.015553 0.440118
v -0.056284 0.015553 0.444774
v -0.048667 0.015553 0.452391
v -0.043165 0.015553 0.459162
v -0.041473 0.015553 0.469742
v -0.043165 0.015553 0.479475
v -0.047821 0.015553 0.484554
v -0.055438 0.015553 0.496826
v -0.064325 0.015553 0.505290
v -0.069403 0.015553 0.512907
v -0.080406 0.015553 0.521794
v -0.093525 0.015553 0.529412
v -0.107490 0.015553 0.536606
v -0.115954 0.015553 0.537452
v -0.121456 0.015553 0.544223
v -0.143885 0.015553 0.548455
v -0.168007 0.015553 0.555650
v -0.183665 0.015553 0.559035
v -0.203555 0.015553 0.556496
v -0.220906 0.015553 0.556496
v -0.239949 0.015553 0.553957
v -0.256454 0.015553 0.547609
v -0.272112 0.015553 0.539145
v -0.281845 0.015553 0.535760
v -0.285231 0.015553 0.528565
v -0.300889 0.015553 0.512061
v -0.309353 0.015553 0.499365
v -0.318240 0.015553 0.487093
v -0.319932 0.015553 0.473127
v -0.319932 0.015553 0.460008
v 0.010580 0.015553 0.484554
v 0.010580 0.015553 0.479475
v 0.012273 0.015553 0.473127
v 0.019890 0.015553 0.473127
v 0.024122 0.015553 0.481168
v 0.019890 0.015553 0.485400
v 0.015658 0.015553 0.487093
v -2.089632 -0.015553 0.148963
v -2.095556 -0.015553 0.144731
v -2.093017 -0.015553 0.137960
v -2.086246 -0.015553 0.136267
v -2.082438 -0.015553 0.145578
v -2.336775 -0.015553 0.174355
v -2.338468 -0.015553 0.158697
v -2.335505 -0.015553 0.143039
v -2.331274 -0.015553 0.129073
v -2.319424 -0.015553 0.101566
v -2.307998 -0.015553 0.090986
v -2.300381 -0.015553 0.085908
v -2.289801 -0.015553 0.080406
v -2.277529 -0.015553 0.075328
v -2.264833 -0.015553 0.072789
v -2.236902 -0.015553 0.072789
v -2.225476 -0.015553 0.075328
v -2.217012 -0.015553 0.077867
v -2.210241 -0.015553 0.086754
v -2.206432 -0.015553 0.095218
v -2.205586 -0.015553 0.103259
v -2.206432 -0.015553 0.107490
v -2.210241 -0.015553 0.113415
v -2.217012 -0.015553 0.113415
v -2.221244 -0.015553 0.110030
v -2.221244 -0.015553 0.101566
v -2.222937 -0.015553 0.090140
v -2.236902 -0.015553 0.082522
v -2.250021 -0.015553 0.082522
v -2.258485 -0.015553 0.084215
v -2.274989 -0.015553 0.090140
v -2.283876 -0.015553 0.098603
v -2.296572 -0.015553 0.115108
v -2.302073 -0.015553 0.134152
v -2.305459 -0.015553 0.153195
v -2.305459 -0.015553 0.163775
v -2.299111 -0.015553 0.175201
v -2.295726 -0.015553 0.186204
v -2.294879 -0.015553 0.198477
v -2.289801 -0.015553 0.206940
v -2.284723 -0.015553 0.216674
v -2.279221 -0.015553 0.224291
v -2.270757 -0.015553 0.230639
v -2.261870 -0.015553 0.233178
v -2.250021 -0.015553 0.236564
v -2.237749 -0.015553 0.235717
v -2.222090 -0.015553 0.223445
v -2.212780 -0.015553 0.214135
v -2.208125 -0.015553 0.203555
v -2.204740 -0.015553 0.193398
v -2.203047 -0.015553 0.179433
v -2.204740 -0.015553 0.171815
v -2.197122 -0.015553 0.164621
v -2.190774 -0.015553 0.159543
v -2.184850 -0.015553 0.153195
v -2.182311 -0.015553 0.145578
v -2.182311 -0.015553 0.133305
v -2.180618 -0.015553 0.121456
v -2.180618 -0.015553 0.111722
v -2.178925 -0.015553 0.101566
v -2.179771 -0.015553 0.090986
v -2.177232 -0.015553 0.083369
v -2.173847 -0.015553 0.073635
v -2.169192 -0.015553 0.044012
v -2.164960 -0.015553 0.024968
v -2.163267 -0.015553 0.013119
v -2.159881 -0.015553 -0.002539
v -2.158189 -0.015553 -0.020736
v -2.150994 -0.015553 -0.037241
v -2.150148 -0.015553 -0.049513
v -2.145070 -0.015553 -0.063479
v -2.140838 -0.015553 -0.076174
v -2.137452 -0.015553 -0.092679
v -2.133644 -0.015553 -0.107490
v -2.131951 -0.015553 -0.120609
v -2.131104 -0.015553 -0.134152
v -2.131951 -0.015553 -0.150656
v -2.132797 -0.015553 -0.160389
v -2.136183 -0.015553 -0.168853
v -2.134490 -0.015553 -0.176894
v -2.126026 -0.015553 -0.184511
v -2.121794 -0.015553 -0.188743
v -2.113754 -0.015553 -0.179433
v -2.111214 -0.015553 -0.167160
v -2.110368 -0.015553 -0.156157
v -2.110368 -0.015553 -0.139653
v -2.111214 -0.015553 -0.127380
v -2.112907 -0.015553 -0.115108
v -2.112061 -0.015553 -0.101566
v -2.114600 -0.015553 -0.097757
v -2.118832 -0.015553 -0.086754
v -2.123487 -0.015553 -0.071942
v -2.126873 -0.015553 -0.063479
v -2.130258 -0.015553 -0.050360
v -2.133644 -0.015553 -0.038934
v -2.138299 -0.015553 -0.028777
v -2.132797 -0.015553 -0.013965
v -2.131951 -0.015553 0.003386
v -2.131951 -0.015553 0.016504
v -2.132797 -0.015553 0.025815
v -2.130258 -0.015553 0.040626
v -2.131951 -0.015553 0.066864
v -2.138299 -0.015553 0.077867
v -2.134490 -0.015553 0.094372
v -2.137452 -0.015553 0.112569
v -2.137452 -0.015553 0.128227
v -2.139145 -0.015553 0.141346
v -2.137452 -0.015553 0.156157
v -2.138299 -0.015553 0.166314
v -2.134490 -0.015553 0.176894
v -2.128565 -0.015553 0.181126
v -2.131104 -0.015553 0.190859
v -2.136183 -0.015553 0.201016
v -2.137452 -0.015553 0.213288
v -2.134490 -0.015553 0.224291
v -2.134490 -0.015553 0.234025
v -2.131104 -0.015553 0.242488
v -2.117985 -0.015553 0.262802
v -2.112907 -0.015553 0.287770
v -2.112061 -0.015553 0.295387
v -2.112061 -0.015553 0.303428
v -2.117985 -0.015553 0.311892
v -2.126873 -0.015553 0.321625
v -2.140838 -0.015553 0.321625
v -2.167499 -0.015553 0.314431
v -2.179771 -0.015553 0.311045
v -2.186543 -0.015553 0.296234
v -2.189082 -0.015553 0.281845
v -2.192890 -0.015553 0.275497
v -2.204740 -0.015553 0.276344
v -2.217012 -0.015553 0.281845
v -2.248328 -0.015553 0.286077
v -2.261024 -0.015553 0.285231
v -2.275836 -0.015553 0.280999
v -2.283876 -0.015553 0.276344
v -2.294033 -0.015553 0.271265
v -2.305459 -0.015553 0.261532
v -2.320271 -0.015553 0.237410
v -2.323656 -0.015553 0.224291
v -2.328735 -0.015553 0.209903
v -2.332120 -0.015553 0.197630
v -2.334659 -0.015553 0.186204
v -2.108675 -0.015553 -0.046974
v -2.112907 -0.015553 -0.050360
v -2.112061 -0.015553 -0.057131
v -2.106136 -0.015553 -0.056284
v -2.101904 -0.015553 -0.052052
v -2.086733 -0.015553 0.276344
v -2.086733 -0.015553 0.268726
v -2.084194 -0.015553 0.264494
v -2.075307 -0.015553 0.259839
v -2.069382 -0.015553 0.254761
v -2.066843 -0.015553 0.244604
v -2.065150 -0.015553 0.230639
v -2.060495 -0.015553 0.216674
v -2.063457 -0.015553 0.204401
v -2.059649 -0.015553 0.194245
v -2.058802 -0.015553 0.180279
v -2.057110 -0.015553 0.165468
v -2.057110 -0.015553 0.150656
v -2.058802 -0.015553 0.132459
v -2.057110 -0.015553 0.118917
v -2.057110 -0.015553 0.104105
v -2.059649 -0.015553 0.092679
v -2.063457 -0.015553 0.081676
v -2.059649 -0.015553 0.068557
v -2.064304 -0.015553 0.057131
v -2.064304 -0.015553 0.037241
v -2.065150 -0.015553 0.029623
v -2.068536 -0.015553 0.018197
v -2.069382 -0.015553 0.005925
v -2.072768 -0.015553 -0.002539
v -2.072768 -0.015553 -0.010580
v -2.076153 -0.015553 -0.018197
v -2.071921 -0.015553 -0.025815
v -2.066843 -0.015553 -0.027931
v -2.063457 -0.015553 -0.025815
v -2.059649 -0.015553 -0.017351
v -2.057110 -0.015553 -0.007617
v -2.055417 -0.015553 0.000000
v -2.051185 -0.015553 0.008464
v -2.051185 -0.015553 0.016504
v -2.045260 -0.015553 0.029623
v -2.045260 -0.015553 0.041473
v -2.043567 -0.015553 0.050360
v -2.043567 -0.015553 0.062209
v -2.040605 -0.015553 0.072789
v -2.038912 -0.015553 0.098603
v -2.037220 -0.015553 0.105798
v -2.036373 -0.015553 0.122302
v -2.037220 -0.015553 0.133305
v -2.036373 -0.015553 0.145578
v -2.036373 -0.015553 0.156157
v -2.032141 -0.015553 0.164621
v -2.024947 -0.015553 0.168853
v -2.019869 -0.015553 0.174355
v -2.014791 -0.015553 0.190859
v -2.013098 -0.015553 0.200169
v -2.013098 -0.015553 0.234025
v -2.014791 -0.015553 0.248836
v -2.012251 -0.015553 0.264494
v -2.011405 -0.015553 0.274651
v -2.008019 -0.015553 0.284384
v -2.011405 -0.015553 0.294541
v -2.016483 -0.015553 0.302581
v -2.023254 -0.015553 0.305121
v -2.032988 -0.015553 0.307660
v -2.043567 -0.015553 0.305121
v -2.051185 -0.015553 0.298350
v -2.058802 -0.015553 0.292002
v -2.068536 -0.015553 0.292002
v -2.075307 -0.015553 0.285231
v -2.081655 -0.015553 0.280999
v -2.032988 -0.015553 0.475667
v -2.038912 -0.015553 0.468049
v -2.032141 -0.015553 0.463817
v -2.024947 -0.015553 0.465510
v -2.027063 -0.015553 0.473127
v -2.076999 -0.015553 0.459162
v -2.081655 -0.015553 0.452391
v -2.079962 -0.015553 0.445620
v -2.072768 -0.015553 0.437579
v -2.066843 -0.015553 0.429116
v -2.066843 -0.015553 0.421075
v -2.071075 -0.015553 0.413457
v -2.075307 -0.015553 0.407533
v -2.075307 -0.015553 0.395260
v -2.071075 -0.015553 0.384680
v -2.064304 -0.015553 0.376217
v -2.055417 -0.015553 0.369022
v -2.044414 -0.015553 0.368176
v -2.032141 -0.015553 0.369022
v -2.024947 -0.015553 0.373678
v -2.016483 -0.015553 0.379602
v -2.008866 -0.015553 0.388489
v -1.999132 -0.015553 0.400339
v -1.994900 -0.015553 0.411765
v -1.993208 -0.015553 0.420229
v -1.994900 -0.015553 0.428269
v -1.999132 -0.015553 0.437579
v -2.005057 -0.015553 0.444774
v -2.017330 -0.015553 0.451545
v -2.027909 -0.015553 0.453237
v -2.043567 -0.015553 0.454930
v -2.058802 -0.015553 0.459162
v -2.069382 -0.015553 0.460008
v -1.989462 -0.015553 0.028777
v -1.992002 -0.015553 0.015658
v -1.989462 -0.015553 0.002539
v -1.982692 -0.015553 -0.006771
v -1.978883 -0.015553 -0.009733
v -1.971265 -0.015553 -0.009733
v -1.963648 -0.015553 -0.002539
v -1.974651 -0.015553 0.005078
v -1.975497 -0.015553 0.014812
v -1.977190 -0.015553 0.021583
v -1.972958 -0.015553 0.042319
v -1.971265 -0.015553 0.062209
v -1.967033 -0.015553 0.095218
v -1.970419 -0.015553 0.109183
v -1.959839 -0.015553 0.122302
v -1.958146 -0.015553 0.134152
v -1.960685 -0.015553 0.142192
v -1.956454 -0.015553 0.152349
v -1.956454 -0.015553 0.166314
v -1.953068 -0.015553 0.176894
v -1.945451 -0.015553 0.185358
v -1.939949 -0.015553 0.193398
v -1.930639 -0.015553 0.208210
v -1.928100 -0.015553 0.220906
v -1.916674 -0.015553 0.230639
v -1.910749 -0.015553 0.236564
v -1.899323 -0.015553 0.236564
v -1.877740 -0.015553 0.232332
v -1.868853 -0.015553 0.227253
v -1.857850 -0.015553 0.209903
v -1.849810 -0.015553 0.187050
v -1.846424 -0.015553 0.171815
v -1.843039 -0.015553 0.163775
v -1.840499 -0.015553 0.148963
v -1.839653 -0.015553 0.133305
v -1.839653 -0.015553 0.121456
v -1.837960 -0.015553 0.106644
v -1.837960 -0.015553 0.057977
v -1.843039 -0.015553 0.024968
v -1.843885 -0.015553 0.010580
v -1.845578 -0.015553 -0.004232
v -1.845578 -0.015553 -0.014812
v -1.844731 -0.015553 -0.028777
v -1.841346 -0.015553 -0.036394
v -1.836267 -0.015553 -0.046128
v -1.826534 -0.015553 -0.046974
v -1.819763 -0.015553 -0.043165
v -1.813415 -0.015553 -0.035548
v -1.816801 -0.015553 -0.022429
v -1.814262 -0.015553 -0.010580
v -1.812569 -0.015553 0.019044
v -1.808337 -0.015553 0.033855
v -1.811722 -0.015553 0.044858
v -1.806644 -0.015553 0.059670
v -1.805798 -0.015553 0.077021
v -1.801566 -0.015553 0.096911
v -1.801566 -0.015553 0.115108
v -1.799873 -0.015553 0.123149
v -1.791832 -0.015553 0.159543
v -1.789293 -0.015553 0.168853
v -1.789293 -0.015553 0.187050
v -1.786754 -0.015553 0.200169
v -1.782522 -0.015553 0.216674
v -1.781253 -0.015553 0.233178
v -1.782522 -0.015553 0.251375
v -1.779560 -0.015553 0.259839
v -1.775328 -0.015553 0.291155
v -1.777867 -0.015553 0.317393
v -1.771942 -0.015553 0.329242
v -1.769403 -0.015553 0.349132
v -1.766018 -0.015553 0.365637
v -1.766018 -0.015553 0.382988
v -1.766864 -0.015553 0.404570
v -1.763055 -0.015553 0.414304
v -1.766864 -0.015553 0.421921
v -1.766018 -0.015553 0.436733
v -1.758824 -0.015553 0.451545
v -1.756284 -0.015553 0.468049
v -1.752899 -0.015553 0.475667
v -1.753745 -0.015553 0.483707
v -1.750360 -0.015553 0.500212
v -1.746974 -0.015553 0.517562
v -1.746128 -0.015553 0.530258
v -1.755438 -0.015553 0.543377
v -1.759670 -0.015553 0.553957
v -1.766018 -0.015553 0.551418
v -1.769403 -0.015553 0.558189
v -1.776174 -0.015553 0.570461
v -1.789293 -0.015553 0.574693
v -1.804105 -0.015553 0.572154
v -1.818070 -0.015553 0.571308
v -1.829920 -0.015553 0.562421
v -1.840499 -0.015553 0.548455
v -1.845578 -0.015553 0.537452
v -1.847270 -0.015553 0.520102
v -1.843885 -0.015553 0.508675
v -1.838807 -0.015553 0.497672
v -1.834152 -0.015553 0.481168
v -1.831612 -0.015553 0.461278
v -1.829920 -0.015553 0.444774
v -1.829920 -0.015553 0.421921
v -1.826534 -0.015553 0.401185
v -1.830766 -0.015553 0.385527
v -1.831612 -0.015553 0.365637
v -1.831612 -0.015553 0.344054
v -1.832459 -0.015553 0.325011
v -1.831612 -0.015553 0.304274
v -1.831612 -0.015553 0.258993
v -1.841346 -0.015553 0.269573
v -1.853195 -0.015553 0.285231
v -1.877740 -0.015553 0.293694
v -1.903555 -0.015553 0.291155
v -1.920906 -0.015553 0.288616
v -1.937410 -0.015553 0.282691
v -1.956454 -0.015553 0.271265
v -1.969573 -0.015553 0.253068
v -1.975497 -0.015553 0.242488
v -1.979729 -0.015553 0.218366
v -1.983538 -0.015553 0.201016
v -1.983538 -0.015553 0.183665
v -1.986077 -0.015553 0.161236
v -1.986923 -0.015553 0.140499
v -1.986923 -0.015553 0.123149
v -1.988616 -0.015553 0.106644
v -1.988616 -0.015553 0.088447
v -1.986077 -0.015553 0.063479
v -1.988616 -0.015553 0.044012
v -1.543483 -0.015553 0.202708
v -1.543483 -0.015553 0.194245
v -1.539251 -0.015553 0.187897
v -1.535019 -0.015553 0.191705
v -1.530364 -0.015553 0.196784
v -1.535865 -0.015553 0.202708
v -1.763542 -0.015553 0.242488
v -1.766081 -0.015553 0.231485
v -1.764388 -0.015553 0.220059
v -1.760157 -0.015553 0.211595
v -1.748730 -0.015553 0.191705
v -1.736881 -0.015553 0.187897
v -1.720377 -0.015553 0.187897
v -1.706411 -0.015553 0.192552
v -1.695408 -0.015553 0.194245
v -1.680597 -0.015553 0.198477
v -1.667478 -0.015553 0.198477
v -1.658591 -0.015553 0.195091
v -1.643356 -0.015553 0.186204
v -1.634469 -0.015553 0.176894
v -1.625159 -0.015553 0.164621
v -1.618811 -0.015553 0.152349
v -1.615425 -0.015553 0.142192
v -1.612886 -0.015553 0.134998
v -1.606961 -0.015553 0.129920
v -1.603153 -0.015553 0.112569
v -1.602306 -0.015553 0.099873
v -1.602306 -0.015553 0.075328
v -1.607808 -0.015553 0.062209
v -1.618811 -0.015553 0.051206
v -1.628544 -0.015553 0.046974
v -1.643356 -0.015553 0.042319
v -1.652666 -0.015553 0.038087
v -1.684829 -0.015553 0.038087
v -1.698794 -0.015553 0.040626
v -1.706411 -0.015553 0.044012
v -1.712336 -0.015553 0.048667
v -1.720377 -0.015553 0.047821
v -1.724608 -0.015553 0.040626
v -1.722916 -0.015553 0.034702
v -1.714452 -0.015553 0.027931
v -1.703026 -0.015553 0.022429
v -1.688214 -0.015553 0.016504
v -1.675095 -0.015553 0.012273
v -1.664092 -0.015553 0.010580
v -1.642509 -0.015553 0.008464
v -1.622196 -0.015553 0.010580
v -1.610347 -0.015553 0.015658
v -1.598921 -0.015553 0.020736
v -1.587071 -0.015553 0.028777
v -1.578184 -0.015553 0.032163
v -1.573106 -0.015553 0.044012
v -1.567605 -0.015553 0.054592
v -1.564219 -0.015553 0.066864
v -1.562526 -0.015553 0.082522
v -1.558295 -0.015553 0.099873
v -1.555755 -0.015553 0.118917
v -1.555755 -0.015553 0.132459
v -1.554909 -0.015553 0.150656
v -1.555755 -0.015553 0.164621
v -1.558295 -0.015553 0.179433
v -1.564219 -0.015553 0.191705
v -1.566758 -0.015553 0.200169
v -1.566758 -0.015553 0.216674
v -1.570567 -0.015553 0.228946
v -1.587071 -0.015553 0.243335
v -1.594689 -0.015553 0.247143
v -1.600614 -0.015553 0.248836
v -1.616272 -0.015553 0.254761
v -1.626851 -0.015553 0.258146
v -1.636162 -0.015553 0.258993
v -1.651820 -0.015553 0.262802
v -1.667478 -0.015553 0.268726
v -1.679750 -0.015553 0.272112
v -1.692446 -0.015553 0.275497
v -1.704718 -0.015553 0.274651
v -1.718684 -0.015553 0.272112
v -1.731803 -0.015553 0.267880
v -1.744498 -0.015553 0.258146
v -1.755078 -0.015553 0.251375
v -1.297249 -0.015553 0.148963
v -1.303174 -0.015553 0.144731
v -1.300635 -0.015553 0.137960
v -1.293864 -0.015553 0.136267
v -1.290055 -0.015553 0.145578
v -1.544393 -0.015553 0.174355
v -1.546085 -0.015553 0.158697
v -1.543123 -0.015553 0.143039
v -1.538891 -0.015553 0.129073
v -1.527042 -0.015553 0.101566
v -1.515616 -0.015553 0.090986
v -1.507998 -0.015553 0.085908
v -1.497419 -0.015553 0.080406
v -1.485146 -0.015553 0.075328
v -1.472450 -0.015553 0.072789
v -1.444520 -0.015553 0.072789
v -1.433094 -0.015553 0.075328
v -1.424630 -0.015553 0.077867
v -1.417859 -0.015553 0.086754
v -1.414050 -0.015553 0.095218
v -1.413203 -0.015553 0.103259
v -1.414050 -0.015553 0.107490
v -1.417859 -0.015553 0.113415
v -1.424630 -0.015553 0.113415
v -1.428862 -0.015553 0.110030
v -1.428862 -0.015553 0.101566
v -1.430554 -0.015553 0.090140
v -1.444520 -0.015553 0.082522
v -1.457639 -0.015553 0.082522
v -1.466102 -0.015553 0.084215
v -1.482607 -0.015553 0.090140
v -1.491494 -0.015553 0.098603
v -1.504190 -0.015553 0.115108
v -1.509691 -0.015553 0.134152
v -1.513077 -0.015553 0.153195
v -1.513077 -0.015553 0.163775
v -1.506729 -0.015553 0.175201
v -1.503343 -0.015553 0.186204
v -1.502497 -0.015553 0.198477
v -1.497419 -0.015553 0.206940
v -1.492340 -0.015553 0.216674
v -1.486839 -0.015553 0.224291
v -1.478375 -0.015553 0.230639
v -1.469488 -0.015553 0.233178
v -1.457639 -0.015553 0.236564
v -1.445366 -0.015553 0.235717
v -1.429708 -0.015553 0.223445
v -1.420398 -0.015553 0.214135
v -1.415743 -0.015553 0.203555
v -1.412357 -0.015553 0.193398
v -1.410664 -0.015553 0.179433
v -1.412357 -0.015553 0.171815
v -1.404740 -0.015553 0.164621
v -1.398392 -0.015553 0.159543
v -1.392467 -0.015553 0.153195
v -1.389928 -0.015553 0.145578
v -1.389928 -0.015553 0.133305
v -1.388235 -0.015553 0.121456
v -1.388235 -0.015553 0.111722
v -1.386543 -0.015553 0.101566
v -1.387389 -0.015553 0.090986
v -1.384850 -0.015553 0.083369
v -1.381464 -0.015553 0.073635
v -1.376809 -0.015553 0.044012
v -1.372577 -0.015553 0.024968
v -1.370884 -0.015553 0.013119
v -1.367499 -0.015553 -0.002539
v -1.365806 -0.015553 -0.020736
v -1.358612 -0.015553 -0.037241
v -1.357766 -0.015553 -0.049513
v -1.352687 -0.015553 -0.063479
v -1.348455 -0.015553 -0.076174
v -1.345070 -0.015553 -0.092679
v -1.341261 -0.015553 -0.107490
v -1.339568 -0.015553 -0.120609
v -1.338722 -0.015553 -0.134152
v -1.339568 -0.015553 -0.150656
v -1.340415 -0.015553 -0.160389
v -1.343800 -0.015553 -0.168853
v -1.342107 -0.015553 -0.176894
v -1.333644 -0.015553 -0.184511
v -1.329412 -0.015553 -0.188743
v -1.321371 -0.015553 -0.179433
v -1.318832 -0.015553 -0.167160
v -1.317986 -0.015553 -0.156157
v -1.317986 -0.015553 -0.139653
v -1.318832 -0.015553 -0.127380
v -1.320525 -0.015553 -0.115108
v -1.319678 -0.015553 -0.101566
v -1.322217 -0.015553 -0.097757
v -1.326449 -0.015553 -0.086754
v -1.331105 -0.015553 -0.071942
v -1.334490 -0.015553 -0.063479
v -1.337876 -0.015553 -0.050360
v -1.341261 -0.015553 -0.038934
v -1.345916 -0.015553 -0.028777
v -1.340415 -0.015553 -0.013965
v -1.339568 -0.015553 0.003386
v -1.339568 -0.015553 0.016504
v -1.340415 -0.015553 0.025815
v -1.337876 -0.015553 0.040626
v -1.339568 -0.015553 0.066864
v -1.345916 -0.015553 0.077867
v -1.342107 -0.015553 0.094372
v -1.345070 -0.015553 0.112569
v -1.345070 -0.015553 0.128227
v -1.346763 -0.015553 0.141346
v -1.345070 -0.015553 0.156157
v -1.345916 -0.015553 0.166314
v -1.342107 -0.015553 0.176894
v -1.336183 -0.015553 0.181126
v -1.338722 -0.015553 0.190859
v -1.343800 -0.015553 0.201016
v -1.345070 -0.015553 0.213288
v -1.342107 -0.015553 0.224291
v -1.342107 -0.015553 0.234025
v -1.338722 -0.015553 0.242488
v -1.325603 -0.015553 0.262802
v -1.320525 -0.015553 0.287770
v -1.319678 -0.015553 0.295387
v -1.319678 -0.015553 0.303428
v -1.325603 -0.015553 0.311892
v -1.334490 -0.015553 0.321625
v -1.348455 -0.015553 0.321625
v -1.375116 -0.015553 0.314431
v -1.387389 -0.015553 0.311045
v -1.394160 -0.015553 0.296234
v -1.396699 -0.015553 0.281845
v -1.400508 -0.015553 0.275497
v -1.412357 -0.015553 0.276344
v -1.424630 -0.015553 0.281845
v -1.455946 -0.015553 0.286077
v -1.468642 -0.015553 0.285231
v -1.483453 -0.015553 0.280999
v -1.491494 -0.015553 0.276344
v -1.501650 -0.015553 0.271265
v -1.513077 -0.015553 0.261532
v -1.527888 -0.015553 0.237410
v -1.531274 -0.015553 0.224291
v -1.536352 -0.015553 0.209903
v -1.539738 -0.015553 0.197630
v -1.542277 -0.015553 0.186204
v -1.316293 -0.015553 -0.046974
v -1.320525 -0.015553 -0.050360
v -1.319678 -0.015553 -0.057131
v -1.313754 -0.015553 -0.056284
v -1.309522 -0.015553 -0.052052
v -1.300275 -0.015553 0.118917
v -1.301968 -0.015553 0.111722
v -1.296890 -0.015553 0.108337
v -1.292235 -0.015553 0.110030
v -1.292235 -0.015553 0.115108
v -1.303661 -0.015553 0.048667
v -1.304507 -0.015553 0.036394
v -1.303661 -0.015553 0.030470
v -1.297736 -0.015553 0.024122
v -1.291388 -0.015553 0.024122
v -1.284617 -0.015553 0.031316
v -1.281232 -0.015553 0.042319
v -1.275730 -0.015553 0.051206
v -1.272344 -0.015553 0.063479
v -1.268959 -0.015553 0.066864
v -1.263881 -0.015553 0.064325
v -1.256686 -0.015553 0.059670
v -1.249069 -0.015553 0.050360
v -1.236796 -0.015553 0.043165
v -1.229179 -0.015553 0.035548
v -1.216060 -0.015553 0.028777
v -1.201248 -0.015553 0.023275
v -1.188553 -0.015553 0.019044
v -1.177127 -0.015553 0.015658
v -1.168663 -0.015553 0.012273
v -1.159776 -0.015553 0.014812
v -1.147503 -0.015553 0.016504
v -1.133115 -0.015553 0.022429
v -1.119996 -0.015553 0.030470
v -1.111955 -0.015553 0.040626
v -1.106030 -0.015553 0.052052
v -1.105184 -0.015553 0.070250
v -1.105184 -0.015553 0.082522
v -1.107723 -0.015553 0.096064
v -1.115764 -0.015553 0.110030
v -1.123381 -0.015553 0.123149
v -1.133961 -0.015553 0.132459
v -1.144964 -0.015553 0.140499
v -1.159776 -0.015553 0.143039
v -1.172895 -0.015553 0.144731
v -1.187706 -0.015553 0.148117
v -1.200402 -0.015553 0.156157
v -1.216907 -0.015553 0.164621
v -1.224947 -0.015553 0.168007
v -1.233411 -0.015553 0.170546
v -1.236796 -0.015553 0.179433
v -1.230025 -0.015553 0.191705
v -1.221985 -0.015553 0.202708
v -1.205057 -0.015553 0.218366
v -1.187706 -0.015553 0.223445
v -1.173741 -0.015553 0.224291
v -1.168663 -0.015553 0.223445
v -1.159776 -0.015553 0.223445
v -1.149196 -0.015553 0.218366
v -1.139886 -0.015553 0.212442
v -1.128460 -0.015553 0.210749
v -1.115764 -0.015553 0.210749
v -1.100952 -0.015553 0.206940
v -1.087833 -0.015553 0.206940
v -1.077254 -0.015553 0.212442
v -1.069636 -0.015553 0.220059
v -1.068790 -0.015553 0.230639
v -1.071329 -0.015553 0.239949
v -1.080216 -0.015553 0.250529
v -1.089526 -0.015553 0.262802
v -1.100952 -0.015553 0.272112
v -1.113648 -0.015553 0.278883
v -1.127613 -0.015553 0.290309
v -1.140732 -0.015553 0.296234
v -1.164854 -0.015553 0.300889
v -1.185590 -0.015553 0.302581
v -1.200402 -0.015553 0.298350
v -1.212675 -0.015553 0.292002
v -1.225793 -0.015553 0.287770
v -1.240605 -0.015553 0.278036
v -1.248223 -0.015553 0.270419
v -1.255840 -0.015553 0.258146
v -1.261342 -0.015553 0.242488
v -1.265574 -0.015553 0.227253
v -1.271498 -0.015553 0.206940
v -1.277000 -0.015553 0.191705
v -1.277846 -0.015553 0.178587
v -1.277000 -0.015553 0.162082
v -1.281232 -0.015553 0.143039
v -1.283771 -0.015553 0.123149
v -1.291388 -0.015553 0.088447
v -1.296043 -0.015553 0.075328
v -1.300275 -0.015553 0.063479
v -1.264727 -0.015553 0.046974
v -1.268113 -0.015553 0.038934
v -1.264727 -0.015553 0.036394
v -1.257533 -0.015553 0.038934
v -1.259649 -0.015553 0.044012
v -1.244837 -0.015553 0.115954
v -1.245683 -0.015553 0.126534
v -1.242298 -0.015553 0.131612
v -1.230025 -0.015553 0.134998
v -1.219446 -0.015553 0.134152
v -1.210135 -0.015553 0.129920
v -1.199556 -0.015553 0.126534
v -1.188553 -0.015553 0.120609
v -1.177973 -0.015553 0.118917
v -1.168663 -0.015553 0.114262
v -1.160622 -0.015553 0.108337
v -1.155544 -0.015553 0.100719
v -1.149196 -0.015553 0.090986
v -1.147503 -0.015553 0.082522
v -1.144118 -0.015553 0.074482
v -1.144118 -0.015553 0.064325
v -1.148350 -0.015553 0.055438
v -1.159776 -0.015553 0.052052
v -1.172048 -0.015553 0.052052
v -1.185590 -0.015553 0.055438
v -1.191938 -0.015553 0.062209
v -1.200402 -0.015553 0.064325
v -1.220292 -0.015553 0.077867
v -1.230025 -0.015553 0.084215
v -1.236796 -0.015553 0.095218
v -1.243991 -0.015553 0.104105
v -1.067584 -0.015553 -0.005078
v -1.067584 -0.015553 -0.039780
v -1.065891 -0.015553 -0.044012
v -1.060389 -0.015553 -0.047821
v -1.054465 -0.015553 -0.036394
v -1.048540 -0.015553 -0.013965
v -1.043038 -0.015553 -0.004232
v -1.043038 -0.015553 0.001693
v -1.041346 -0.015553 0.035548
v -1.031189 -0.015553 0.067711
v -1.027804 -0.015553 0.102412
v -1.021456 -0.015553 0.125688
v -1.013838 -0.015553 0.159543
v -1.011299 -0.015553 0.184511
v -1.003259 -0.015553 0.198477
v -0.996487 -0.015553 0.224291
v -0.996487 -0.015553 0.245451
v -0.990563 -0.015553 0.262802
v -0.991409 -0.015553 0.298350
v -0.985061 -0.015553 0.310199
v -0.982522 -0.015553 0.329242
v -0.981676 -0.015553 0.356327
v -0.985061 -0.015553 0.382988
v -0.990563 -0.015553 0.397799
v -0.985061 -0.015553 0.414304
v -0.982522 -0.015553 0.431655
v -0.981676 -0.015553 0.451545
v -0.971096 -0.015553 0.460008
v -0.961786 -0.015553 0.463817
v -0.950360 -0.015553 0.452391
v -0.937664 -0.015553 0.435040
v -0.926238 -0.015553 0.413457
v -0.916504 -0.015553 0.388489
v -0.908041 -0.015553 0.360559
v -0.900423 -0.015553 0.337283
v -0.893229 -0.015553 0.313584
v -0.885612 -0.015553 0.290309
v -0.879264 -0.015553 0.277190
v -0.872493 -0.015553 0.270419
v -0.864875 -0.015553 0.266187
v -0.853449 -0.015553 0.271265
v -0.845832 -0.015553 0.283538
v -0.832713 -0.015553 0.303428
v -0.825518 -0.015553 0.321625
v -0.816208 -0.015553 0.363098
v -0.812823 -0.015553 0.382141
v -0.807321 -0.015553 0.405417
v -0.798857 -0.015553 0.426576
v -0.793779 -0.015553 0.445620
v -0.786585 -0.015553 0.461278
v -0.778121 -0.015553 0.466356
v -0.767541 -0.015553 0.471435
v -0.762463 -0.015553 0.460008
v -0.755692 -0.015553 0.440965
v -0.747651 -0.015553 0.417689
v -0.740880 -0.015553 0.368176
v -0.735379 -0.015553 0.339822
v -0.735379 -0.015553 0.329242
v -0.731147 -0.015553 0.291155
v -0.722683 -0.015553 0.245451
v -0.721837 -0.015553 0.220906
v -0.729454 -0.015553 0.212442
v -0.730300 -0.015553 0.194245
v -0.734532 -0.015553 0.178587
v -0.726069 -0.015553 0.164621
v -0.716335 -0.015553 0.150656
v -0.699831 -0.015553 0.148117
v -0.683749 -0.015553 0.148117
v -0.663436 -0.015553 0.147270
v -0.649894 -0.015553 0.153195
v -0.640161 -0.015553 0.160389
v -0.635083 -0.015553 0.176894
v -0.640161 -0.015553 0.212442
v -0.649894 -0.015553 0.230639
v -0.657512 -0.015553 0.234025
v -0.659204 -0.015553 0.277190
v -0.674016 -0.015553 0.328396
v -0.676555 -0.015553 0.349132
v -0.687135 -0.015553 0.368176
v -0.686289 -0.015553 0.380449
v -0.698138 -0.015553 0.399492
v -0.698138 -0.015553 0.411765
v -0.722683 -0.015553 0.471435
v -0.726069 -0.015553 0.483707
v -0.733686 -0.015553 0.489632
v -0.736225 -0.015553 0.505290
v -0.747651 -0.015553 0.520102
v -0.762463 -0.015553 0.541684
v -0.775582 -0.015553 0.549302
v -0.786585 -0.015553 0.549302
v -0.793779 -0.015553 0.540838
v -0.801397 -0.015553 0.525180
v -0.806475 -0.015553 0.505290
v -0.812823 -0.015553 0.483707
v -0.821286 -0.015553 0.454930
v -0.825518 -0.015553 0.435040
v -0.832713 -0.015553 0.411765
v -0.836098 -0.015553 0.393568
v -0.839484 -0.015553 0.368176
v -0.842023 -0.015553 0.347440
v -0.848371 -0.015553 0.327550
v -0.859374 -0.015553 0.313584
v -0.865722 -0.015553 0.308506
v -0.872493 -0.015553 0.316547
v -0.876724 -0.015553 0.330935
v -0.884765 -0.015553 0.347440
v -0.894075 -0.015553 0.375370
v -0.904655 -0.015553 0.400339
v -0.910580 -0.015553 0.419382
v -0.916504 -0.015553 0.433347
v -0.910580 -0.015553 0.440118
v -0.905501 -0.015553 0.454084
v -0.906348 -0.015553 0.471435
v -0.913965 -0.015553 0.489632
v -0.922852 -0.015553 0.506983
v -0.926238 -0.015553 0.523487
v -0.937664 -0.015553 0.543377
v -0.946128 -0.015553 0.552264
v -0.957554 -0.015553 0.567499
v -0.973212 -0.015553 0.577232
v -0.982522 -0.015553 0.583157
v -0.996487 -0.015553 0.579771
v -1.010453 -0.015553 0.578079
v -1.024841 -0.015553 0.569615
v -1.036268 -0.015553 0.559035
v -1.046001 -0.015553 0.545916
v -1.048540 -0.015553 0.527719
v -1.049386 -0.015553 0.506136
v -1.048540 -0.015553 0.486246
v -1.047694 -0.015553 0.461278
v -1.049386 -0.015553 0.414304
v -1.049386 -0.015553 0.387220
v -1.057004 -0.015553 0.339822
v -1.056157 -0.015553 0.316547
v -1.054465 -0.015553 0.285231
v -1.053618 -0.015553 0.259839
v -1.053618 -0.015553 0.236564
v -1.051079 -0.015553 0.208210
v -1.046001 -0.015553 0.196784
v -1.051079 -0.015553 0.174355
v -1.051079 -0.015553 0.128227
v -1.056157 -0.015553 0.118917
v -1.057004 -0.015553 0.087601
v -1.060389 -0.015553 0.062209
v -1.065891 -0.015553 0.015658
v -0.696445 -0.015553 0.101566
v -0.701947 -0.015553 0.095218
v -0.695599 -0.015553 0.089293
v -0.688828 -0.015553 0.090140
v -0.689674 -0.015553 0.101566
v -0.796318 -0.015553 0.621244
v -0.798857 -0.015553 0.615319
v -0.794625 -0.015553 0.607702
v -0.787431 -0.015553 0.610241
v -0.788278 -0.015553 0.621244
v -1.075201 -0.015553 0.263648
v -1.082395 -0.015553 0.254761
v -1.073508 -0.015553 0.245451
v -1.069276 -0.015553 0.254761
v -0.300402 -0.015553 0.365637
v -0.310559 -0.015553 0.361405
v -0.302095 -0.015553 0.355480
v -0.291515 -0.015553 0.358866
v -0.512421 -0.015553 0.407533
v -0.517076 -0.015553 0.402031
v -0.512421 -0.015553 0.397799
v -0.496763 -0.015553 0.396107
v -0.489992 -0.015553 0.405417
v -0.631337 -0.015553 0.349979
v -0.631337 -0.015553 0.333474
v -0.627105 -0.015553 0.315277
v -0.625413 -0.015553 0.291155
v -0.619911 -0.015553 0.267880
v -0.622450 -0.015553 0.250529
v -0.624143 -0.015553 0.225138
v -0.619065 -0.015553 0.208210
v -0.619065 -0.015553 0.184511
v -0.608908 -0.015553 0.164621
v -0.600868 -0.015553 0.144731
v -0.569551 -0.015553 0.093525
v -0.555163 -0.015553 0.081676
v -0.536119 -0.015553 0.068557
v -0.517076 -0.015553 0.061363
v -0.476873 -0.015553 0.056284
v -0.454444 -0.015553 0.058824
v -0.436246 -0.015553 0.056284
v -0.424820 -0.015553 0.055438
v -0.416356 -0.015553 0.058824
v -0.412124 -0.015553 0.062209
v -0.407469 -0.015553 0.068557
v -0.412124 -0.015553 0.080406
v -0.422281 -0.015553 0.092679
v -0.435400 -0.015553 0.096911
v -0.443017 -0.015553 0.094372
v -0.458675 -0.015553 0.106644
v -0.473487 -0.015553 0.112569
v -0.489145 -0.015553 0.114262
v -0.502264 -0.015553 0.124841
v -0.517076 -0.015553 0.130766
v -0.530618 -0.015553 0.138807
v -0.545430 -0.015553 0.156157
v -0.557702 -0.015553 0.176047
v -0.569551 -0.015553 0.192552
v -0.575899 -0.015553 0.209056
v -0.573360 -0.015553 0.228100
v -0.576746 -0.015553 0.245451
v -0.573360 -0.015553 0.259839
v -0.570398 -0.015553 0.274651
v -0.575899 -0.015553 0.292002
v -0.574206 -0.015553 0.305121
v -0.578438 -0.015553 0.322471
v -0.576746 -0.015553 0.343208
v -0.572514 -0.015553 0.363098
v -0.566166 -0.015553 0.390182
v -0.558548 -0.015553 0.415150
v -0.551354 -0.015553 0.426576
v -0.549661 -0.015553 0.440965
v -0.540351 -0.015553 0.457469
v -0.527232 -0.015553 0.469742
v -0.512421 -0.015553 0.477359
v -0.480681 -0.015553 0.475667
v -0.461215 -0.015553 0.469742
v -0.451904 -0.015553 0.457469
v -0.448519 -0.015553 0.438426
v -0.442171 -0.015553 0.421075
v -0.437093 -0.015553 0.398646
v -0.432861 -0.015553 0.378756
v -0.429475 -0.015553 0.355480
v -0.425667 -0.015553 0.341515
v -0.423127 -0.015553 0.330089
v -0.425667 -0.015553 0.313584
v -0.429475 -0.015553 0.298350
v -0.420588 -0.015553 0.290309
v -0.424820 -0.015553 0.280999
v -0.421435 -0.015553 0.268726
v -0.421435 -0.015553 0.252222
v -0.416356 -0.015553 0.239103
v -0.415510 -0.015553 0.220059
v -0.415510 -0.015553 0.206094
v -0.411278 -0.015553 0.192552
v -0.407469 -0.015553 0.181972
v -0.407469 -0.015553 0.168853
v -0.404930 -0.015553 0.153195
v -0.399006 -0.015553 0.131612
v -0.399006 -0.015553 0.120609
v -0.398159 -0.015553 0.092679
v -0.397313 -0.015553 0.079560
v -0.398159 -0.015553 0.066864
v -0.401545 -0.015553 0.050360
v -0.407469 -0.015553 0.042319
v -0.406623 -0.015553 0.032163
v -0.401545 -0.015553 0.020736
v -0.393927 -0.015553 0.019044
v -0.385887 -0.015553 0.020736
v -0.379962 -0.015553 0.024122
v -0.376576 -0.015553 0.028777
v -0.372344 -0.015553 0.038087
v -0.368536 -0.015553 0.060516
v -0.367689 -0.015553 0.077867
v -0.368536 -0.015553 0.096064
v -0.367689 -0.015553 0.114262
v -0.367689 -0.015553 0.127380
v -0.371075 -0.015553 0.150656
v -0.373191 -0.015553 0.174355
v -0.377423 -0.015553 0.195091
v -0.379116 -0.015553 0.211595
v -0.382501 -0.015553 0.228946
v -0.382501 -0.015553 0.252222
v -0.384194 -0.015553 0.278883
v -0.387579 -0.015553 0.302581
v -0.384194 -0.015553 0.315277
v -0.382501 -0.015553 0.335590
v -0.385040 -0.015553 0.361405
v -0.391388 -0.015553 0.382141
v -0.391388 -0.015553 0.398646
v -0.397313 -0.015553 0.429116
v -0.397313 -0.015553 0.445620
v -0.393927 -0.015553 0.458316
v -0.394774 -0.015553 0.469742
v -0.387579 -0.015553 0.478206
v -0.384194 -0.015553 0.489632
v -0.382501 -0.015553 0.499365
v -0.385040 -0.015553 0.515870
v -0.393081 -0.015553 0.523487
v -0.412124 -0.015553 0.530258
v -0.430322 -0.015553 0.539145
v -0.450212 -0.015553 0.545070
v -0.469255 -0.015553 0.545916
v -0.482374 -0.015553 0.545916
v -0.514960 -0.015553 0.539145
v -0.529771 -0.015553 0.537452
v -0.541198 -0.015553 0.531105
v -0.543737 -0.015553 0.525180
v -0.556856 -0.015553 0.522641
v -0.569551 -0.015553 0.511215
v -0.580978 -0.015553 0.501904
v -0.589865 -0.015553 0.483707
v -0.597482 -0.015553 0.469742
v -0.602560 -0.015553 0.453237
v -0.608908 -0.015553 0.440965
v -0.614833 -0.015553 0.423614
v -0.622450 -0.015553 0.402878
v -0.625413 -0.015553 0.386373
v -0.627105 -0.015553 0.366483
v -0.318240 -0.015553 0.447313
v -0.320779 -0.015553 0.428269
v -0.319932 -0.015553 0.409226
v -0.313584 -0.015553 0.392721
v -0.305967 -0.015553 0.384680
v -0.292002 -0.015553 0.361405
v -0.285231 -0.015553 0.356327
v -0.269573 -0.015553 0.341515
v -0.264494 -0.015553 0.335590
v -0.256454 -0.015553 0.330935
v -0.251375 -0.015553 0.321625
v -0.236564 -0.015553 0.311892
v -0.224291 -0.015553 0.301735
v -0.209056 -0.015553 0.285231
v -0.197630 -0.015553 0.274651
v -0.192552 -0.015553 0.266187
v -0.181972 -0.015553 0.258146
v -0.181126 -0.015553 0.245451
v -0.169700 -0.015553 0.241642
v -0.163775 -0.015553 0.232332
v -0.153195 -0.015553 0.217520
v -0.144731 -0.015553 0.202708
v -0.139653 -0.015553 0.192552
v -0.124841 -0.015553 0.173508
v -0.115954 -0.015553 0.158697
v -0.097757 -0.015553 0.120609
v -0.090140 -0.015553 0.113415
v -0.085061 -0.015553 0.104105
v -0.069403 -0.015553 0.088447
v -0.064325 -0.015553 0.085908
v -0.065171 -0.015553 0.082522
v -0.057977 -0.015553 0.070250
v -0.047821 -0.015553 0.057977
v -0.048667 -0.015553 0.054592
v -0.085908 -0.015553 0.054592
v -0.099873 -0.015553 0.052052
v -0.108337 -0.015553 0.054592
v -0.121456 -0.015553 0.053745
v -0.139653 -0.015553 0.054592
v -0.159543 -0.015553 0.052052
v -0.183665 -0.015553 0.048667
v -0.197630 -0.015553 0.044012
v -0.205248 -0.015553 0.046974
v -0.224291 -0.015553 0.044012
v -0.231485 -0.015553 0.044858
v -0.249683 -0.015553 0.044012
v -0.268726 -0.015553 0.041473
v -0.283538 -0.015553 0.044012
v -0.288616 -0.015553 0.040626
v -0.293694 -0.015553 0.040626
v -0.301735 -0.015553 0.036394
v -0.300889 -0.015553 0.030470
v -0.300042 -0.015553 0.028777
v -0.292848 -0.015553 0.028777
v -0.280152 -0.015553 0.025815
v -0.259839 -0.015553 0.028777
v -0.236564 -0.015553 0.029623
v -0.215827 -0.015553 0.029623
v -0.190013 -0.015553 0.025815
v -0.157850 -0.015553 0.029623
v -0.104105 -0.015553 0.029623
v -0.079560 -0.015553 0.025815
v -0.071942 -0.015553 0.025815
v -0.052899 -0.015553 0.022429
v -0.041473 -0.015553 0.021583
v -0.032163 -0.015553 0.014812
v -0.020736 -0.015553 0.016504
v -0.013965 -0.015553 0.020736
v -0.012273 -0.015553 0.024968
v -0.012273 -0.015553 0.036394
v -0.009733 -0.015553 0.046974
v -0.017351 -0.015553 0.057131
v -0.029623 -0.015553 0.074482
v -0.039780 -0.015553 0.093525
v -0.052052 -0.015553 0.108337
v -0.061363 -0.015553 0.118917
v -0.073635 -0.015553 0.141346
v -0.085061 -0.015553 0.158697
v -0.092679 -0.015553 0.177740
v -0.116801 -0.015553 0.217520
v -0.131612 -0.015553 0.242488
v -0.145578 -0.015553 0.258993
v -0.155311 -0.015553 0.268726
v -0.160389 -0.015553 0.277190
v -0.168007 -0.015553 0.286077
v -0.179433 -0.015553 0.296234
v -0.209056 -0.015553 0.330935
v -0.223445 -0.015553 0.344054
v -0.233178 -0.015553 0.356327
v -0.241642 -0.015553 0.363098
v -0.248836 -0.015553 0.372831
v -0.255607 -0.015553 0.382988
v -0.259839 -0.015553 0.394414
v -0.266187 -0.015553 0.404570
v -0.269573 -0.015553 0.443927
v -0.268726 -0.015553 0.463817
v -0.261532 -0.015553 0.477359
v -0.247990 -0.015553 0.485400
v -0.239949 -0.015553 0.492171
v -0.229793 -0.015553 0.493017
v -0.216674 -0.015553 0.495557
v -0.199323 -0.015553 0.491325
v -0.187897 -0.015553 0.484554
v -0.173508 -0.015553 0.477359
v -0.163775 -0.015553 0.468049
v -0.151502 -0.015553 0.459162
v -0.132459 -0.015553 0.452391
v -0.119763 -0.015553 0.447313
v -0.112569 -0.015553 0.445620
v -0.104951 -0.015553 0.440965
v -0.077021 -0.015553 0.439272
v -0.069403 -0.015553 0.440118
v -0.056284 -0.015553 0.444774
v -0.048667 -0.015553 0.452391
v -0.043165 -0.015553 0.459162
v -0.041473 -0.015553 0.469742
v -0.043165 -0.015553 0.479475
v -0.047821 -0.015553 0.484554
v -0.055438 -0.015553 0.496826
v -0.064325 -0.015553 0.505290
v -0.069403 -0.015553 0.512907
v -0.080406 -0.015553 0.521794
v -0.093525 -0.015553 0.529412
v -0.107490 -0.015553 0.536606
v -0.115954 -0.015553 0.537452
v -0.121456 -0.015553 0.544223
v -0.143885 -0.015553 0.548455
v -0.168007 -0.015553 0.555650
v -0.183665 -0.015553 0.559035
v -0.203555 -0.015553 0.556496
v -0.220906 -0.015553 0.556496
v -0.239949 -0.015553 0.553957
v -0.256454 -0.015553 0.547609
v -0.272112 -0.015553 0.539145
v -0.281845 -0.015553 0.535760
v -0.285231 -0.015553 0.528565
v -0.300889 -0.015553 0.512061
v -0.309353 -0.015553 0.499365
v -0.318240 -0.015553 0.487093
v -0.319932 -0.015553 0.473127
v -0.319932 -0.015553 0.460008
v 0.010580 -0.015553 0.484554
v 0.010580 -0.015553 0.479475
v 0.012273 -0.015553 0.473127
v 0.019890 -0.015553 0.473127
v 0.024122 -0.015553 0.481168
v 0.019890 -0.015553 0.485400
v 0.015658 -0.015553 0.487093
v 0.010580 -0.015553 0.484554
v 0.010580 0.015553 0.484554
v 0.010580 -0.015553 0.479475
v 0.010580 0.015553 0.479475
v 0.012273 -0.015553 0.473127
v 0.012273 0.015553 0.473127
v 0.019890 -0.015553 0.473127
v 0.019890 0.015553 0.473127
v 0.024122 -0.015553 0.481168
v 0.024122 0.015553 0.481168
v 0.019890 -0.015553 0.485400
v 0.019890 0.015553 0.485400
v 0.015658 -0.015553 0.487093
v 0.015658 0.015553 0.487093
v -0.318240 -0.015553 0.447313
v -0.318240 0.015553 0.447313
v -0.320779 -0.015553 0.428269
v -0.320779 0.015553 0.428269
v -0.319932 -0.015553 0.409226
v -0.319932 0.015553 0.409226
v -0.313584 -0.015553 0.392721
v -0.313584 0.015553 0.392721
v -0.305967 -0.015553 0.384680
v -0.305967 0.015553 0.384680
v -0.292002 -0.015553 0.361405
v -0.292002 0.015553 0.361405
v -0.285231 -0.015553 0.356327
v -0.285231 0.015553 0.356327
v -0.269573 -0.015553 0.341515
v -0.269573 0.015553 0.341515
v -0.264494 -0.015553 0.335590
v -0.264494 0.015553 0.335590
v -0.256454 -0.015553 0.330935
v -0.256454 0.015553 0.330935
v -0.251375 -0.015553 0.321625
v -0.251375 0.015553 0.321625
v -0.236564 -0.015553 0.311892
v -0.236564 0.015553 0.311892
v -0.224291 -0.015553 0.301735
v -0.224291 0.015553 0.301735
v -0.209056 -0.015553 0.285231
v -0.209056 0.015553 0.285231
v -0.197630 -0.015553 0.274651
v -0.197630 0.015553 0.274651
v -0.192552 -0.015553 0.266187
v -0.192552 0.015553 0.266187
v -0.181972 -0.015553 0.258146
v -0.181972 0.015553 0.258146
v -0.181126 -0.015553 0.245451
v -0.181126 0.015553 0.245451
v -0.169700 -0.015553 0.241642
v -0.169700 0.015553 0.241642
v -0.163775 -0.015553 0.232332
v -0.163775 0.015553 0.232332
v -0.153195 -0.015553 0.217520
v -0.153195 0.015553 0.217520
v -0.144731 -0.015553 0.202708
v -0.144731 0.015553 0.202708
v -0.139653 -0.015553 0.192552
v -0.139653 0.015553 0.192552
v -0.124841 -0.015553 0.173508
v -0.124841 0.015553 0.173508
v -0.115954 -0.015553 0.158697
v -0.115954 0.015553 0.158697
v -0.097757 -0.015553 0.120609
v -0.097757 0.015553 0.120609
v -0.090140 -0.015553 0.113415
v -0.090140 0.015553 0.113415
v -0.085061 -0.015553 0.104105
v -0.085061 0.015553 0.104105
v -0.069403 -0.015553 0.088447
v -0.069403 0.015553 0.088447
v -0.064325 -0.015553 0.085908
v -0.064325 0.015553 0.085908
v -0.065171 -0.015553 0.082522
v -0.065171 0.015553 0.082522
v -0.057977 -0.015553 0.070250
v -0.057977 0.015553 0.070250
v -0.047821 -0.015553 0.057977
v -0.047821 0.015553 0.057977
v -0.048667 -0.015553 0.054592
v -0.048667 0.015553 0.054592
v -0.085908 -0.015553 0.054592
v -0.085908 0.015553 0.054592
v -0.099873 -0.015553 0.052052
v -0.099873 0.015553 0.052052
v -0.108337 -0.015553 0.054592
v -0.108337 0.015553 0.054592
v -0.121456 -0.015553 0.053745
v -0.121456 0.015553 0.053745
v -0.139653 -0.015553 0.054592
v -0.139653 0.015553 0.054592
v -0.159543 -0.015553 0.052052
v -0.159543 0.015553 0.052052
v -0.183665 -0.015553 0.048667
v -0.183665 0.015553 0.048667
v -0.197630 -0.015553 0.044012
v -0.197630 0.015553 0.044012
v -0.205248 -0.015553 0.046974
v -0.205248 0.015553 0.046974
v -0.224291 -0.015553 0.044012
v -0.224291 0.015553 0.044012
v -0.231485 -0.015553 0.044858
v -0.231485 0.015553 0.044858
v -0.249683 -0.015553 0.044012
v -0.249683 0.015553 0.044012
v -0.268726 -0.015553 0.041473
v -0.268726 0.015553 0.041473
v -0.283538 -0.015553 0.044012
v -0.283538 0.015553 0.044012
v -0.288616 -0.015553 0.040626
v -0.288616 0.015553 0.040626
v -0.293694 -0.015553 0.040626
v -0.293694 0.015553 0.040626
v -0.301735 -0.015553 0.036394
v -0.301735 0.015553 0.036394
v -0.300889 -0.015553 0.030470
v -0.300889 0.015553 0.030470
v -0.300042 -0.015553 0.028777
v -0.300042 0.015553 0.028777
v -0.292848 -0.015553 0.028777
v -0.292848 0.015553 0.028777
v -0.280152 -0.015553 0.025815
v -0.280152 0.015553 0.025815
v -0.259839 -0.015553 0.028777
v -0.259839 0.015553 0.028777
v -0.236564 -0.015553 0.029623
v -0.236564 0.015553 0.029623
v -0.215827 -0.015553 0.029623
v -0.215827 0.015553 0.029623
v -0.190013 -0.015553 0.025815
v -0.190013 0.015553 0.025815
v -0.157850 -0.015553 0.029623
v -0.157850 0.015553 0.029623
v -0.104105 -0.015553 0.029623
v -0.104105 0.015553 0.029623
v -0.079560 -0.015553 0.025815
v -0.079560 0.015553 0.025815
v -0.071942 -0.015553 0.025815
v -0.071942 0.015553 0.025815
v -0.052899 -0.015553 0.022429
v -0.052899 0.015553 0.022429
v -0.041473 -0.015553 0.021583
v -0.041473 0.015553 0.021583
v -0.032163 -0.015553 0.014812
v -0.032163 0.015553 0.014812
v -0.020736 -0.015553 0.016504
v -0.020736 0.015553 0.016504
v -0.013965 -0.015553 0.020736
v -0.013965 0.015553 0.020736
v -0.012273 -0.015553 0.024968
v -0.012273 0.015553 0.024968
v -0.012273 -0.015553 0.036394
v -0.012273 0.015553 0.036394
v -0.009733 -0.015553 0.046974
v -0.009733 0.015553 0.046974
v -0.017351 -0.015553 0.057131
v -0.017351 0.015553 0.057131
v -0.029623 -0.015553 0.074482
v -0.029623 0.015553 0.074482
v -0.039780 -0.015553 0.093525
v -0.039780 0.015553 0.093525
v -0.052052 -0.015553 0.108337
v -0.052052 0.015553 0.108337
v -0.061363 -0.015553 0.118917
v -0.061363 0.015553 0.118917
v -0.073635 -0.015553 0.141346
v -0.073635 0.015553 0.141346
v -0.085061 -0.015553 0.158697
v -0.085061 0.015553 0.158697
v -0.092679 -0.015553 0.177740
v -0.092679 0.015553 0.177740
v -0.116801 -0.015553 0.217520
v -0.116801 0.015553 0.217520
v -0.131612 -0.015553 0.242488
v -0.131612 0.015553 0.242488
v -0.145578 -0.015553 0.258993
v -0.145578 0.015553 0.258993
v -0.155311 -0.015553 0.268726
v -0.155311 0.015553 0.268726
v -0.160389 -0.015553 0.277190
v -0.160389 0.015553 0.277190
v -0.168007 -0.015553 0.286077
v -0.168007 0.015553 0.286077
v -0.179433 -0.015553 0.296234
v -0.179433 0.015553 0.296234
v -0.209056 -0.015553 0.330935
v -0.209056 0.015553 0.330935
v -0.223445 -0.015553 0.344054
v -0.223445 0.015553 0.344054
v -0.233178 -0.015553 0.356327
v -0.233178 0.015553 0.356327
v -0.241642 -0.015553 0.363098
v -0.241642 0.015553 0.363098
v -0.248836 -0.015553 0.372831
v -0.248836 0.015553 0.372831
v -0.255607 -0.015553 0.382988
v -0.255607 0.015553 0.382988
v -0.259839 -0.015553 0.394414
v -0.259839 0.015553 0.394414
v -0.266187 -0.015553 0.404570
v -0.266187 0.015553 0.404570
v -0.269573 -0.015553 0.443927
v -0.269573 0.015553 0.443927
v -0.268726 -0.015553 0.463817
v -0.268726 0.015553 0.463817
v -0.261532 -0.015553 0.477359
v -0.261532 0.015553 0.477359
v -0.247990 -0.015553 0.485400
v -0.247990 0.015553 0.485400
v -0.239949 -0.015553 0.492171
v -0.239949 0.015553 0.492171
v -0.229793 -0.015553 0.493017
v -0.229793 0.015553 0.493017
v -0.216674 -0.015553 0.495557
v -0.216674 0.015553 0.495557
v -0.199323 -0.015553 0.491325
v -0.199323 0.015553 0.491325
v -0.187897 -0.015553 0.484554
v -0.187897 0.015553 0.484554
v -0.173508 -0.015553 0.477359
v -0.173508 0.015553 0.477359
v -0.163775 -0.015553 0.468049
v -0.163775 0.015553 0.468049
v -0.151502 -0.015553 0.459162
v -0.151502 0.015553 0.459162
v -0.132459 -0.015553 0.452391
v -0.132459 0.015553 0.452391
v -0.119763 -0.015553 0.447313
v -0.119763 0.015553 0.447313
v -0.112569 -0.015553 0.445620
v -0.112569 0.015553 0.445620
v -0.104951 -0.015553 0.440965
v -0.104951 0.015553 0.440965
v -0.077021 -0.015553 0.439272
v -0.077021 0.015553 0.439272
v -0.069403 -0.015553 0.440118
v -0.069403 0.015553 0.440118
v -0.056284 -0.015553 0.444774
v -0.056284 0.015553 0.444774
v -0.048667 -0.015553 0.452391
v -0.048667 0.015553 0.452391
v -0.043165 -0.015553 0.459162
v -0.043165 0.015553 0.459162
v -0.041473 -0.015553 0.469742
v -0.041473 0.015553 0.469742
v -0.043165 -0.015553 0.479475
v -0.043165 0.015553 0.479475
v -0.047821 -0.015553 0.484554
v -0.047821 0.015553 0.484554
v -0.055438 -0.015553 0.496826
v -0.055438 0.015553 0.496826
v -0.064325 -0.015553 0.505290
v -0.064325 0.015553 0.505290
v -0.069403 -0.015553 0.512907
v -0.069403 0.015553 0.512907
v -0.080406 -0.015553 0.521794
v -0.080406 0.015553 0.521794
v -0.093525 -0.015553 0.529412
v -0.093525 0.015553 0.529412
v -0.107490 -0.015553 0.536606
v -0.107490 0.015553 0.536606
v -0.115954 -0.015553 0.537452
v -0.115954 0.015553 0.537452
v -0.121456 -0.015553 0.544223
v -0.121456 0.015553 0.544223
v -0.143885 -0.015553 0.548455
v -0.143885 0.015553 0.548455
v -0.168007 -0.015553 0.555650
v -0.168007 0.015553 0.555650
v -0.183665 -0.015553 0.559035
v -0.183665 0.015553 0.559035
v -0.203555 -0.015553 0.556496
v -0.203555 0.015553 0.556496
v -0.220906 -0.015553 0.556496
v -0.220906 0.015553 0.556496
v -0.239949 -0.015553 0.553957
v -0.239949 0.015553 0.553957
v -0.256454 -0.015553 0.547609
v -0.256454 0.015553 0.547609
v -0.272112 -0.015553 0.539145
v -0.272112 0.015553 0.539145
v -0.281845 -0.015553 0.535760
v -0.281845 0.015553 0.535760
v -0.285231 -0.015553 0.528565
v -0.285231 0.015553 0.528565
v -0.300889 -0.015553 0.512061
v -0.300889 0.015553 0.512061
v -0.309353 -0.015553 0.499365
v -0.309353 0.015553 0.499365
v -0.318240 -0.015553 0.487093
v -0.318240 0.015553 0.487093
v -0.319932 -0.015553 0.473127
v -0.319932 0.015553 0.473127
v -0.319932 -0.015553 0.460008
v -0.319932 0.015553 0.460008
v -0.512421 -0.015553 0.407533
v -0.512421 0.015553 0.407533
v -0.517076 -0.015553 0.402031
v -0.517076 0.015553 0.402031
v -0.512421 -0.015553 0.397799
v -0.512421 0.015553 0.397799
v -0.496763 -0.015553 0.396107
v -0.496763 0.015553 0.396107
v -0.489992 -0.015553 0.405417
v -0.489992 0.015553 0.405417
v -0.631337 -0.015553 0.349979
v -0.631337 0.015553 0.349979
v -0.631337 -0.015553 0.333474
v -0.631337 0.015553 0.333474
v -0.627105 -0.015553 0.315277
v -0.627105 0.015553 0.315277
v -0.625413 -0.015553 0.291155
v -0.625413 0.015553 0.291155
v -0.619911 -0.015553 0.267880
v -0.619911 0.015553 0.267880
v -0.622450 -0.015553 0.250529
v -0.622450 0.015553 0.250529
v -0.624143 -0.015553 0.225138
v -0.624143 0.015553 0.225138
v -0.619065 -0.015553 0.208210
v -0.619065 0.015553 0.208210
v -0.619065 -0.015553 0.184511
v -0.619065 0.015553 0.184511
v -0.608908 -0.015553 0.164621
v -0.608908 0.015553 0.164621
v -0.600868 -0.015553 0.144731
v -0.600868 0.015553 0.144731
v -0.569551 -0.015553 0.093525
v -0.569551 0.015553 0.093525
v -0.555163 -0.015553 0.081676
v -0.555163 0.015553 0.081676
v -0.536119 -0.015553 0.068557
v -0.536119 0.015553 0.068557
v -0.517076 -0.015553 0.061363
v -0.517076 0.015553 0.061363
v -0.476873 -0.015553 0.056284
v -0.476873 0.015553 0.056284
v -0.454444 -0.015553 0.058824
v -0.454444 0.015553 0.058824
v -0.436246 -0.015553 0.056284
v -0.436246 0.015553 0.056284
v -0.424820 -0.015553 0.055438
v -0.424820 0.015553 0.055438
v -0.416356 -0.015553 0.058824
v -0.416356 0.015553 0.058824
v -0.412124 -0.015553 0.062209
v -0.412124 0.015553 0.062209
v -0.407469 -0.015553 0.068557
v -0.407469 0.015553 0.068557
v -0.412124 -0.015553 0.080406
v -0.412124 0.015553 0.080406
v -0.422281 -0.015553 0.092679
v -0.422281 0.015553 0.092679
v -0.435400 -0.015553 0.096911
v -0.435400 0.015553 0.096911
v -0.443017 -0.015553 0.094372
v -0.443017 0.015553 0.094372
v -0.458675 -0.015553 0.106644
v -0.458675 0.015553 0.106644
v -0.473487 -0.015553 0.112569
v -0.473487 0.015553 0.112569
v -0.489145 -0.015553 0.114262
v -0.489145 0.015553 0.114262
v -0.502264 -0.015553 0.124841
v -0.502264 0.015553 0.124841
v -0.517076 -0.015553 0.130766
v -0.517076 0.015553 0.130766
v -0.530618 -0.015553 0.138807
v -0.530618 0.015553 0.138807
v -0.545430 -0.015553 0.156157
v -0.545430 0.015553 0.156157
v -0.557702 -0.015553 0.176047
v -0.557702 0.015553 0.176047
v -0.569551 -0.015553 0.192552
v -0.569551 0.015553 0.192552
v -0.575899 -0.015553 0.209056
v -0.575899 0.015553 0.209056
v -0.573360 -0.015553 0.228100
v -0.573360 0.015553 0.228100
v -0.576746 -0.015553 0.245451
v -0.576746 0.015553 0.245451
v -0.573360 -0.015553 0.259839
v -0.573360 0.015553 0.259839
v -0.570398 -0.015553 0.274651
v -0.570398 0.015553 0.274651
v -0.575899 -0.015553 0.292002
v -0.575899 0.015553 0.292002
v -0.574206 -0.015553 0.305121
v -0.574206 0.015553 0.305121
v -0.578438 -0.015553 0.322471
v -0.578438 0.015553 0.322471
v -0.576746 -0.015553 0.343208
v -0.576746 0.015553 0.343208
v -0.572514 -0.015553 0.363098
v -0.572514 0.015553 0.363098
v -0.566166 -0.015553 0.390182
v -0.566166 0.015553 0.390182
v -0.558548 -0.015553 0.415150
v -0.558548 0.015553 0.415150
v -0.551354 -0.015553 0.426576
v -0.551354 0.015553 0.426576
v -0.549661 -0.015553 0.440965
v -0.549661 0.015553 0.440965
v -0.540351 -0.015553 0.457469
v -0.540351 0.015553 0.457469
v -0.527232 -0.015553 0.469742
v -0.527232 0.015553 0.469742
v -0.512421 -0.015553 0.477359
v -0.512421 0.015553 0.477359
v -0.480681 -0.015553 0.475667
v -0.480681 0.015553 0.475667
v -0.461215 -0.015553 0.469742
v -0.461215 0.015553 0.469742
v -0.451904 -0.015553 0.457469
v -0.451904 0.015553 0.457469
v -0.448519 -0.015553 0.438426
v -0.448519 0.015553 0.438426
v -0.442171 -0.015553 0.421075
v -0.442171 0.015553 0.421075
v -0.437093 -0.015553 0.398646
v -0.437093 0.015553 0.398646
v -0.432861 -0.015553 0.378756
v -0.432861 0.015553 0.378756
v -0.429475 -0.015553 0.355480
v -0.429475 0.015553 0.355480
v -0.425667 -0.015553 0.341515
v -0.425667 0.015553 0.341515
v -0.423127 -0.015553 0.330089
v -0.423127 0.015553 0.330089
v -0.425667 -0.015553 0.313584
v -0.425667 0.015553 0.313584
v -0.429475 -0.015553 0.298350
v -0.429475 0.015553 0.298350
v -0.420588 -0.015553 0.290309
v -0.420588 0.015553 0.290309
v -0.424820 -0.015553 0.280999
v -0.424820 0.015553 0.280999
v -0.421435 -0.015553 0.268726
v -0.421435 0.015553 0.268726
v -0.421435 -0.015553 0.252222
v -0.421435 0.015553 0.252222
v -0.416356 -0.015553 0.239103
v -0.416356 0.015553 0.239103
v -0.415510 -0.015553 0.220059
v -0.415510 0.015553 0.220059
v -0.415510 -0.015553 0.206094
v -0.415510 0.015553 0.206094
v -0.411278 -0.015553 0.192552
v -0.411278 0.015553 0.192552
v -0.407469 -0.015553 0.181972
v -0.407469 0.015553 0.181972
v -0.407469 -0.015553 0.168853
v -0.407469 0.015553 0.168853
v -0.404930 -0.015553 0.153195
v -0.404930 0.015553 0.153195
v -0.399006 -0.015553 0.131612
v -0.399006 0.015553 0.131612
v -0.399006 -0.015553 0.120609
v -0.399006 0.015553 0.120609
v -0.398159 -0.015553 0.092679
v -0.398159 0.015553 0.092679
v -0.397313 -0.015553 0.079560
v -0.397313 0.015553 0.079560
v -0.398159 -0.015553 0.066864
v -0.398159 0.015553 0.066864
v -0.401545 -0.015553 0.050360
v -0.401545 0.015553 0.050360
v -0.407469 -0.015553 0.042319
v -0.407469 0.015553 0.042319
v -0.406623 -0.015553 0.032163
v -0.406623 0.015553 0.032163
v -0.401545 -0.015553 0.020736
v -0.401545 0.015553 0.020736
v -0.393927 -0.015553 0.019044
v -0.393927 0.015553 0.019044
v -0.385887 -0.015553 0.020736
v -0.385887 0.015553 0.020736
v -0.379962 -0.015553 0.024122
v -0.379962 0.015553 0.024122
v -0.376576 -0.015553 0.028777
v -0.376576 0.015553 0.028777
v -0.372344 -0.015553 0.038087
v -0.372344 0.015553 0.038087
v -0.368536 -0.015553 0.060516
v -0.368536 0.015553 0.060516
v -0.367689 -0.015553 0.077867
v -0.367689 0.015553 0.077867
v -0.368536 -0.015553 0.096064
v -0.368536 0.015553 0.096064
v -0.367689 -0.015553 0.114262
v -0.367689 0.015553 0.114262
v -0.367689 -0.015553 0.127380
v -0.367689 0.015553 0.127380
v -0.371075 -0.015553 0.150656
v -0.371075 0.015553 0.150656
v -0.373191 -0.015553 0.174355
v -0.373191 0.015553 0.174355
v -0.377423 -0.015553 0.195091
v -0.377423 0.015553 0.195091
v -0.379116 -0.015553 0.211595
v -0.379116 0.015553 0.211595
v -0.382501 -0.015553 0.228946
v -0.382501 0.015553 0.228946
v -0.382501 -0.015553 0.252222
v -0.382501 0.015553 0.252222
v -0.384194 -0.015553 0.278883
v -0.384194 0.015553 0.278883
v -0.387579 -0.015553 0.302581
v -0.387579 0.015553 0.302581
v -0.384194 -0.015553 0.315277
v -0.384194 0.015553 0.315277
v -0.382501 -0.015553 0.335590
v -0.382501 0.015553 0.335590
v -0.385040 -0.015553 0.361405
v -0.385040 0.015553 0.361405
v -0.391388 -0.015553 0.382141
v -0.391388 0.015553 0.382141
v -0.391388 -0.015553 0.398646
v -0.391388 0.015553 0.398646
v -0.397313 -0.015553 0.429116
v -0.397313 0.015553 0.429116
v -0.397313 -0.015553 0.445620
v -0.397313 0.015553 0.445620
v -0.393927 -0.015553 0.458316
v -0.393927 0.015553 0.458316
v -0.394774 -0.015553 0.469742
v -0.394774 0.015553 0.469742
v -0.387579 -0.015553 0.478206
v -0.387579 0.015553 0.478206
v -0.384194 -0.015553 0.489632
v -0.384194 0.015553 0.489632
v -0.382501 -0.015553 0.499365
v -0.382501 0.015553 0.499365
v -0.385040 -0.015553 0.515870
v -0.385040 0.015553 0.515870
v -0.393081 -0.015553 0.523487
v -0.393081 0.015553 0.523487
v -0.412124 -0.015553 0.530258
v -0.412124 0.015553 0.530258
v -0.430322 -0.015553 0.539145
v -0.430322 0.015553 0.539145
v -0.450212 -0.015553 0.545070
v -0.450212 0.015553 0.545070
v -0.469255 -0.015553 0.545916
v -0.469255 0.015553 0.545916
v -0.482374 -0.015553 0.545916
v -0.482374 0.015553 0.545916
v -0.514960 -0.015553 0.539145
v -0.514960 0.015553 0.539145
v -0.529771 -0.015553 0.537452
v -0.529771 0.015553 0.537452
v -0.541198 -0.015553 0.531105
v -0.541198 0.015553 0.531105
v -0.543737 -0.015553 0.525180
v -0.543737 0.015553 0.525180
v -0.556856 -0.015553 0.522641
v -0.556856 0.015553 0.522641
v -0.569551 -0.015553 0.511215
v -0.569551 0.015553 0.511215
v -0.580978 -0.015553 0.501904
v -0.580978 0.015553 0.501904
v -0.589865 -0.015553 0.483707
v -0.589865 0.015553 0.483707
v -0.597482 -0.015553 0.469742
v -0.597482 0.015553 0.469742
v -0.602560 -0.015553 0.453237
v -0.602560 0.015553 0.453237
v -0.608908 -0.015553 0.440965
v -0.608908 0.015553 0.440965
v -0.614833 -0.015553 0.423614
v -0.614833 0.015553 0.423614
v -0.622450 -0.015553 0.402878
v -0.622450 0.015553 0.402878
v -0.625413 -0.015553 0.386373
v -0.625413 0.015553 0.386373
v -0.627105 -0.015553 0.366483
v -0.627105 0.015553 0.366483
v -0.300402 -0.015553 0.365637
v -0.300402 0.015553 0.365637
v -0.310559 -0.015553 0.361405
v -0.310559 0.015553 0.361405
v -0.302095 -0.015553 0.355480
v -0.302095 0.015553 0.355480
v -0.291515 -0.015553 0.358866
v -0.291515 0.015553 0.358866
v -0.796318 -0.015553 0.621244
v -0.796318 0.015553 0.621244
v -0.798857 -0.015553 0.615319
v -0.798857 0.015553 0.615319
v -0.794625 -0.015553 0.607702
v -0.794625 0.015553 0.607702
v -0.787431 -0.015553 0.610241
v -0.787431 0.015553 0.610241
v -0.788278 -0.015553 0.621244
v -0.788278 0.015553 0.621244
v -1.075201 -0.015553 0.263648
v -1.075201 0.015553 0.263648
v -1.082395 -0.015553 0.254761
v -1.082395 0.015553 0.254761
v -1.073508 -0.015553 0.245451
v -1.073508 0.015553 0.245451
v -1.069276 -0.015553 0.254761
v -1.069276 0.015553 0.254761
v -1.067584 -0.015553 -0.005078
v -1.067584 0.015553 -0.005078
v -1.067584 -0.015553 -0.039780
v -1.067584 0.015553 -0.039780
v -1.065891 -0.015553 -0.044012
v -1.065891 0.015553 -0.044012
v -1.060389 -0.015553 -0.047821
v -1.060389 0.015553 -0.047821
v -1.054465 -0.015553 -0.036394
v -1.054465 0.015553 -0.036394
v -1.048540 -0.015553 -0.013965
v -1.048540 0.015553 -0.013965
v -1.043038 -0.015553 -0.004232
v -1.043038 0.015553 -0.004232
v -1.043038 -0.015553 0.001693
v -1.043038 0.015553 0.001693
v -1.041346 -0.015553 0.035548
v -1.041346 0.015553 0.035548
v -1.031189 -0.015553 0.067711
v -1.031189 0.015553 0.067711
v -1.027804 -0.015553 0.102412
v -1.027804 0.015553 0.102412
v -1.021456 -0.015553 0.125688
v -1.021456 0.015553 0.125688
v -1.013838 -0.015553 0.159543
v -1.013838 0.015553 0.159543
v -1.011299 -0.015553 0.184511
v -1.011299 0.015553 0.184511
v -1.003259 -0.015553 0.198477
v -1.003259 0.015553 0.198477
v -0.996487 -0.015553 0.224291
v -0.996487 0.015553 0.224291
v -0.996487 -0.015553 0.245451
v -0.996487 0.015553 0.245451
v -0.990563 -0.015553 0.262802
v -0.990563 0.015553 0.262802
v -0.991409 -0.015553 0.298350
v -0.991409 0.015553 0.298350
v -0.985061 -0.015553 0.310199
v -0.985061 0.015553 0.310199
v -0.982522 -0.015553 0.329242
v -0.982522 0.015553 0.329242
v -0.981676 -0.015553 0.356327
v -0.981676 0.015553 0.356327
v -0.985061 -0.015553 0.382988
v -0.985061 0.015553 0.382988
v -0.990563 -0.015553 0.397799
v -0.990563 0.015553 0.397799
v -0.985061 -0.015553 0.414304
v -0.985061 0.015553 0.414304
v -0.982522 -0.015553 0.431655
v -0.982522 0.015553 0.431655
v -0.981676 -0.015553 0.451545
v -0.981676 0.015553 0.451545
v -0.971096 -0.015553 0.460008
v -0.971096 0.015553 0.460008
v -0.961786 -0.015553 0.463817
v -0.961786 0.015553 0.463817
v -0.950360 -0.015553 0.452391
v -0.950360 0.015553 0.452391
v -0.937664 -0.015553 0.435040
v -0.937664 0.015553 0.435040
v -0.926238 -0.015553 0.413457
v -0.926238 0.015553 0.413457
v -0.916504 -0.015553 0.388489
v -0.916504 0.015553 0.388489
v -0.908041 -0.015553 0.360559
v -0.908041 0.015553 0.360559
v -0.900423 -0.015553 0.337283
v -0.900423 0.015553 0.337283
v -0.893229 -0.015553 0.313584
v -0.893229 0.015553 0.313584
v -0.885612 -0.015553 0.290309
v -0.885612 0.015553 0.290309
v -0.879264 -0.015553 0.277190
v -0.879264 0.015553 0.277190
v -0.872493 -0.015553 0.270419
v -0.872493 0.015553 0.270419
v -0.864875 -0.015553 0.266187
v -0.864875 0.015553 0.266187
v -0.853449 -0.015553 0.271265
v -0.853449 0.015553 0.271265
v -0.845832 -0.015553 0.283538
v -0.845832 0.015553 0.283538
v -0.832713 -0.015553 0.303428
v -0.832713 0.015553 0.303428
v -0.825518 -0.015553 0.321625
v -0.825518 0.015553 0.321625
v -0.816208 -0.015553 0.363098
v -0.816208 0.015553 0.363098
v -0.812823 -0.015553 0.382141
v -0.812823 0.015553 0.382141
v -0.807321 -0.015553 0.405417
v -0.807321 0.015553 0.405417
v -0.798857 -0.015553 0.426576
v -0.798857 0.015553 0.426576
v -0.793779 -0.015553 0.445620
v -0.793779 0.015553 0.445620
v -0.786585 -0.015553 0.461278
v -0.786585 0.015553 0.461278
v -0.778121 -0.015553 0.466356
v -0.778121 0.015553 0.466356
v -0.767541 -0.015553 0.471435
v -0.767541 0.015553 0.471435
v -0.762463 -0.015553 0.460008
v -0.762463 0.015553 0.460008
v -0.755692 -0.015553 0.440965
v -0.755692 0.015553 0.440965
v -0.747651 -0.015553 0.417689
v -0.747651 0.015553 0.417689
v -0.740880 -0.015553 0.368176
v -0.740880 0.015553 0.368176
v -0.735379 -0.015553 0.339822
v -0.735379 0.015553 0.339822
v -0.735379 -0.015553 0.329242
v -0.735379 0.015553 0.329242
v -0.731147 -0.015553 0.291155
v -0.731147 0.015553 0.291155
v -0.722683 -0.015553 0.245451
v -0.722683 0.015553 0.245451
v -0.721837 -0.015553 0.220906
v -0.721837 0.015553 0.220906
v -0.729454 -0.015553 0.212442
v -0.729454 0.015553 0.212442
v -0.730300 -0.015553 0.194245
v -0.730300 0.015553 0.194245
v -0.734532 -0.015553 0.178587
v -0.734532 0.015553 0.178587
v -0.726069 -0.015553 0.164621
v -0.726069 0.015553 0.164621
v -0.716335 -0.015553 0.150656
v -0.716335 0.015553 0.150656
v -0.699831 -0.015553 0.148117
v -0.699831 0.015553 0.148117
v -0.683749 -0.015553 0.148117
v -0.683749 0.015553 0.148117
v -0.663436 -0.015553 0.147270
v -0.663436 0.015553 0.147270
v -0.649894 -0.015553 0.153195
v -0.649894 0.015553 0.153195
v -0.640161 -0.015553 0.160389
v -0.640161 0.015553 0.160389
v -0.635083 -0.015553 0.176894
v -0.635083 0.015553 0.176894
v -0.640161 -0.015553 0.212442
v -0.640161 0.015553 0.212442
v -0.649894 -0.015553 0.230639
v -0.649894 0.015553 0.230639
v -0.657512 -0.015553 0.234025
v -0.657512 0.015553 0.234025
v -0.659204 -0.015553 0.277190
v -0.659204 0.015553 0.277190
v -0.674016 -0.015553 0.328396
v -0.674016 0.015553 0.328396
v -0.676555 -0.015553 0.349132
v -0.676555 0.015553 0.349132
v -0.687135 -0.015553 0.368176
v -0.687135 0.015553 0.368176
v -0.686289 -0.015553 0.380449
v -0.686289 0.015553 0.380449
v -0.698138 -0.015553 0.399492
v -0.698138 0.015553 0.399492
v -0.698138 -0.015553 0.411765
v -0.698138 0.015553 0.411765
v -0.722683 -0.015553 0.471435
v -0.722683 0.015553 0.471435
v -0.726069 -0.015553 0.483707
v -0.726069 0.015553 0.483707
v -0.733686 -0.015553 0.489632
v -0.733686 0.015553 0.489632
v -0.736225 -0.015553 0.505290
v -0.736225 0.015553 0.505290
v -0.747651 -0.015553 0.520102
v -0.747651 0.015553 0.520102
v -0.762463 -0.015553 0.541684
v -0.762463 0.015553 0.541684
v -0.775582 -0.015553 0.549302
v -0.775582 0.015553 0.549302
v -0.786585 -0.015553 0.549302
v -0.786585 0.015553 0.549302
v -0.793779 -0.015553 0.540838
v -0.793779 0.015553 0.540838
v -0.801397 -0.015553 0.525180
v -0.801397 0.015553 0.525180
v -0.806475 -0.015553 0.505290
v -0.806475 0.015553 0.505290
v -0.812823 -0.015553 0.483707
v -0.812823 0.015553 0.483707
v -0.821286 -0.015553 0.454930
v -0.821286 0.015553 0.454930
v -0.825518 -0.015553 0.435040
v -0.825518 0.015553 0.435040
v -0.832713 -0.015553 0.411765
v -0.832713 0.015553 0.411765
v -0.836098 -0.015553 0.393568
v -0.836098 0.015553 0.393568
v -0.839484 -0.015553 0.368176
v -0.839484 0.015553 0.368176
v -0.842023 -0.015553 0.347440
v -0.842023 0.015553 0.347440
v -0.848371 -0.015553 0.327550
v -0.848371 0.015553 0.327550
v -0.859374 -0.015553 0.313584
v -0.859374 0.015553 0.313584
v -0.865722 -0.015553 0.308506
v -0.865722 0.015553 0.308506
v -0.872493 -0.015553 0.316547
v -0.872493 0.015553 0.316547
v -0.876724 -0.015553 0.330935
v -0.876724 0.015553 0.330935
v -0.884765 -0.015553 0.347440
v -0.884765 0.015553 0.347440
v -0.894075 -0.015553 0.375370
v -0.894075 0.015553 0.375370
v -0.904655 -0.015553 0.400339
v -0.904655 0.015553 0.400339
v -0.910580 -0.015553 0.419382
v -0.910580 0.015553 0.419382
v -0.916504 -0.015553 0.433347
v -0.916504 0.015553 0.433347
v -0.910580 -0.015553 0.440118
v -0.910580 0.015553 0.440118
v -0.905501 -0.015553 0.454084
v -0.905501 0.015553 0.454084
v -0.906348 -0.015553 0.471435
v -0.906348 0.015553 0.471435
v -0.913965 -0.015553 0.489632
v -0.913965 0.015553 0.489632
v -0.922852 -0.015553 0.506983
v -0.922852 0.015553 0.506983
v -0.926238 -0.015553 0.523487
v -0.926238 0.015553 0.523487
v -0.937664 -0.015553 0.543377
v -0.937664 0.015553 0.543377
v -0.946128 -0.015553 0.552264
v -0.946128 0.015553 0.552264
v -0.957554 -0.015553 0.567499
v -0.957554 0.015553 0.567499
v -0.973212 -0.015553 0.577232
v -0.973212 0.015553 0.577232
v -0.982522 -0.015553 0.583157
v -0.982522 0.015553 0.583157
v -0.996487 -0.015553 0.579771
v -0.996487 0.015553 0.579771
v -1.010453 -0.015553 0.578079
v -1.010453 0.015553 0.578079
v -1.024841 -0.015553 0.569615
v -1.024841 0.015553 0.569615
v -1.036268 -0.015553 0.559035
v -1.036268 0.015553 0.559035
v -1.046001 -0.015553 0.545916
v -1.046001 0.015553 0.545916
v -1.048540 -0.015553 0.527719
v -1.048540 0.015553 0.527719
v -1.049386 -0.015553 0.506136
v -1.049386 0.015553 0.506136
v -1.048540 -0.015553 0.486246
v -1.048540 0.015553 0.486246
v -1.047694 -0.015553 0.461278
v -1.047694 0.015553 0.461278
v -1.049386 -0.015553 0.414304
v -1.049386 0.015553 0.414304
v -1.049386 -0.015553 0.387220
v -1.049386 0.015553 0.387220
v -1.057004 -0.015553 0.339822
v -1.057004 0.015553 0.339822
v -1.056157 -0.015553 0.316547
v -1.056157 0.015553 0.316547
v -1.054465 -0.015553 0.285231
v -1.054465 0.015553 0.285231
v -1.053618 -0.015553 0.259839
v -1.053618 0.015553 0.259839
v -1.053618 -0.015553 0.236564
v -1.053618 0.015553 0.236564
v -1.051079 -0.015553 0.208210
v -1.051079 0.015553 0.208210
v -1.046001 -0.015553 0.196784
v -1.046001 0.015553 0.196784
v -1.051079 -0.015553 0.174355
v -1.051079 0.015553 0.174355
v -1.051079 -0.015553 0.128227
v -1.051079 0.015553 0.128227
v -1.056157 -0.015553 0.118917
v -1.056157 0.015553 0.118917
v -1.057004 -0.015553 0.087601
v -1.057004 0.015553 0.087601
v -1.060389 -0.015553 0.062209
v -1.060389 0.015553 0.062209
v -1.065891 -0.015553 0.015658
v -1.065891 0.015553 0.015658
v -0.696445 -0.015553 0.101566
v -0.696445 0.015553 0.101566
v -0.701947 -0.015553 0.095218
v -0.701947 0.015553 0.095218
v -0.695599 -0.015553 0.089293
v -0.695599 0.015553 0.089293
v -0.688828 -0.015553 0.090140
v -0.688828 0.015553 0.090140
v -0.689674 -0.015553 0.101566
v -0.689674 0.015553 0.101566
v -1.300275 -0.015553 0.118917
v -1.300275 0.015553 0.118917
v -1.301968 -0.015553 0.111722
v -1.301968 0.015553 0.111722
v -1.296890 -0.015553 0.108337
v -1.296890 0.015553 0.108337
v -1.292235 -0.015553 0.110030
v -1.292235 0.015553 0.110030
v -1.292235 -0.015553 0.115108
v -1.292235 0.015553 0.115108
v -1.303661 -0.015553 0.048667
v -1.303661 0.015553 0.048667
v -1.304507 -0.015553 0.036394
v -1.304507 0.015553 0.036394
v -1.303661 -0.015553 0.030470
v -1.303661 0.015553 0.030470
v -1.297736 -0.015553 0.024122
v -1.297736 0.015553 0.024122
v -1.291388 -0.015553 0.024122
v -1.291388 0.015553 0.024122
v -1.284617 -0.015553 0.031316
v -1.284617 0.015553 0.031316
v -1.281232 -0.015553 0.042319
v -1.281232 0.015553 0.042319
v -1.275730 -0.015553 0.051206
v -1.275730 0.015553 0.051206
v -1.272344 -0.015553 0.063479
v -1.272344 0.015553 0.063479
v -1.268959 -0.015553 0.066864
v -1.268959 0.015553 0.066864
v -1.263881 -0.015553 0.064325
v -1.263881 0.015553 0.064325
v -1.256686 -0.015553 0.059670
v -1.256686 0.015553 0.059670
v -1.249069 -0.015553 0.050360
v -1.249069 0.015553 0.050360
v -1.236796 -0.015553 0.043165
v -1.236796 0.015553 0.043165
v -1.229179 -0.015553 0.035548
v -1.229179 0.015553 0.035548
v -1.216060 -0.015553 0.028777
v -1.216060 0.015553 0.028777
v -1.201248 -0.015553 0.023275
v -1.201248 0.015553 0.023275
v -1.188553 -0.015553 0.019044
v -1.188553 0.015553 0.019044
v -1.177127 -0.015553 0.015658
v -1.177127 0.015553 0.015658
v -1.168663 -0.015553 0.012273
v -1.168663 0.015553 0.012273
v -1.159776 -0.015553 0.014812
v -1.159776 0.015553 0.014812
v -1.147503 -0.015553 0.016504
v -1.147503 0.015553 0.016504
v -1.133115 -0.015553 0.022429
v -1.133115 0.015553 0.022429
v -1.119996 -0.015553 0.030470
v -1.119996 0.015553 0.030470
v -1.111955 -0.015553 0.040626
v -1.111955 0.015553 0.040626
v -1.106030 -0.015553 0.052052
v -1.106030 0.015553 0.052052
v -1.105184 -0.015553 0.070250
v -1.105184 0.015553 0.070250
v -1.105184 -0.015553 0.082522
v -1.105184 0.015553 0.082522
v -1.107723 -0.015553 0.096064
v -1.107723 0.015553 0.096064
v -1.115764 -0.015553 0.110030
v -1.115764 0.015553 0.110030
v -1.123381 -0.015553 0.123149
v -1.123381 0.015553 0.123149
v -1.133961 -0.015553 0.132459
v -1.133961 0.015553 0.132459
v -1.144964 -0.015553 0.140499
v -1.144964 0.015553 0.140499
v -1.159776 -0.015553 0.143039
v -1.159776 0.015553 0.143039
v -1.172895 -0.015553 0.144731
v -1.172895 0.015553 0.144731
v -1.187706 -0.015553 0.148117
v -1.187706 0.015553 0.148117
v -1.200402 -0.015553 0.156157
v -1.200402 0.015553 0.156157
v -1.216907 -0.015553 0.164621
v -1.216907 0.015553 0.164621
v -1.224947 -0.015553 0.168007
v -1.224947 0.015553 0.168007
v -1.233411 -0.015553 0.170546
v -1.233411 0.015553 0.170546
v -1.236796 -0.015553 0.179433
v -1.236796 0.015553 0.179433
v -1.230025 -0.015553 0.191705
v -1.230025 0.015553 0.191705
v -1.221985 -0.015553 0.202708
v -1.221985 0.015553 0.202708
v -1.205057 -0.015553 0.218366
v -1.205057 0.015553 0.218366
v -1.187706 -0.015553 0.223445
v -1.187706 0.015553 0.223445
v -1.173741 -0.015553 0.224291
v -1.173741 0.015553 0.224291
v -1.168663 -0.015553 0.223445
v -1.168663 0.015553 0.223445
v -1.159776 -0.015553 0.223445
v -1.159776 0.015553 0.223445
v -1.149196 -0.015553 0.218366
v -1.149196 0.015553 0.218366
v -1.139886 -0.015553 0.212442
v -1.139886 0.015553 0.212442
v -1.128460 -0.015553 0.210749
v -1.128460 0.015553 0.210749
v -1.115764 -0.015553 0.210749
v -1.115764 0.015553 0.210749
v -1.100952 -0.015553 0.206940
v -1.100952 0.015553 0.206940
v -1.087833 -0.015553 0.206940
v -1.087833 0.015553 0.206940
v -1.077254 -0.015553 0.212442
v -1.077254 0.015553 0.212442
v -1.069636 -0.015553 0.220059
v -1.069636 0.015553 0.220059
v -1.068790 -0.015553 0.230639
v -1.068790 0.015553 0.230639
v -1.071329 -0.015553 0.239949
v -1.071329 0.015553 0.239949
v -1.080216 -0.015553 0.250529
v -1.080216 0.015553 0.250529
v -1.089526 -0.015553 0.262802
v -1.089526 0.015553 0.262802
v -1.100952 -0.015553 0.272112
v -1.100952 0.015553 0.272112
v -1.113648 -0.015553 0.278883
v -1.113648 0.015553 0.278883
v -1.127613 -0.015553 0.290309
v -1.127613 0.015553 0.290309
v -1.140732 -0.015553 0.296234
v -1.140732 0.015553 0.296234
v -1.164854 -0.015553 0.300889
v -1.164854 0.015553 0.300889
v -1.185590 -0.015553 0.302581
v -1.185590 0.015553 0.302581
v -1.200402 -0.015553 0.298350
v -1.200402 0.015553 0.298350
v -1.212675 -0.015553 0.292002
v -1.212675 0.015553 0.292002
v -1.225793 -0.015553 0.287770
v -1.225793 0.015553 0.287770
v -1.240605 -0.015553 0.278036
v -1.240605 0.015553 0.278036
v -1.248223 -0.015553 0.270419
v -1.248223 0.015553 0.270419
v -1.255840 -0.015553 0.258146
v -1.255840 0.015553 0.258146
v -1.261342 -0.015553 0.242488
v -1.261342 0.015553 0.242488
v -1.265574 -0.015553 0.227253
v -1.265574 0.015553 0.227253
v -1.271498 -0.015553 0.206940
v -1.271498 0.015553 0.206940
v -1.277000 -0.015553 0.191705
v -1.277000 0.015553 0.191705
v -1.277846 -0.015553 0.178587
v -1.277846 0.015553 0.178587
v -1.277000 -0.015553 0.162082
v -1.277000 0.015553 0.162082
v -1.281232 -0.015553 0.143039
v -1.281232 0.015553 0.143039
v -1.283771 -0.015553 0.123149
v -1.283771 0.015553 0.123149
v -1.291388 -0.015553 0.088447
v -1.291388 0.015553 0.088447
v -1.296043 -0.015553 0.075328
v -1.296043 0.015553 0.075328
v -1.300275 -0.015553 0.063479
v -1.300275 0.015553 0.063479
v -1.264727 -0.015553 0.046974
v -1.264727 0.015553 0.046974
v -1.268113 -0.015553 0.038934
v -1.268113 0.015553 0.038934
v -1.264727 -0.015553 0.036394
v -1.264727 0.015553 0.036394
v -1.257533 -0.015553 0.038934
v -1.257533 0.015553 0.038934
v -1.259649 -0.015553 0.044012
v -1.259649 0.015553 0.044012
v -1.244837 -0.015553 0.115954
v -1.244837 0.015553 0.115954
v -1.245683 -0.015553 0.126534
v -1.245683 0.015553 0.126534
v -1.242298 -0.015553 0.131612
v -1.242298 0.015553 0.131612
v -1.230025 -0.015553 0.134998
v -1.230025 0.015553 0.134998
v -1.219446 -0.015553 0.134152
v -1.219446 0.015553 0.134152
v -1.210135 -0.015553 0.129920
v -1.210135 0.015553 0.129920
v -1.199556 -0.015553 0.126534
v -1.199556 0.015553 0.126534
v -1.188553 -0.015553 0.120609
v -1.188553 0.015553 0.120609
v -1.177973 -0.015553 0.118917
v -1.177973 0.015553 0.118917
v -1.168663 -0.015553 0.114262
v -1.168663 0.015553 0.114262
v -1.160622 -0.015553 0.108337
v -1.160622 0.015553 0.108337
v -1.155544 -0.015553 0.100719
v -1.155544 0.015553 0.100719
v -1.149196 -0.015553 0.090986
v -1.149196 0.015553 0.090986
v -1.147503 -0.015553 0.082522
v -1.147503 0.015553 0.082522
v -1.144118 -0.015553 0.074482
v -1.144118 0.015553 0.074482
v -1.144118 -0.015553 0.064325
v -1.144118 0.015553 0.064325
v -1.148350 -0.015553 0.055438
v -1.148350 0.015553 0.055438
v -1.159776 -0.015553 0.052052
v -1.159776 0.015553 0.052052
v -1.172048 -0.015553 0.052052
v -1.172048 0.015553 0.052052
v -1.185590 -0.015553 0.055438
v -1.185590 0.015553 0.055438
v -1.191938 -0.015553 0.062209
v -1.191938 0.015553 0.062209
v -1.200402 -0.015553 0.064325
v -1.200402 0.015553 0.064325
v -1.220292 -0.015553 0.077867
v -1.220292 0.015553 0.077867
v -1.230025 -0.015553 0.084215
v -1.230025 0.015553 0.084215
v -1.236796 -0.015553 0.095218
v -1.236796 0.015553 0.095218
v -1.243991 -0.015553 0.104105
v -1.243991 0.015553 0.104105
v -1.544393 -0.015553 0.174355
v -1.544393 0.015553 0.174355
v -1.546085 -0.015553 0.158697
v -1.546085 0.015553 0.158697
v -1.543123 -0.015553 0.143039
v -1.543123 0.015553 0.143039
v -1.538891 -0.015553 0.129073
v -1.538891 0.015553 0.129073
v -1.527042 -0.015553 0.101566
v -1.527042 0.015553 0.101566
v -1.515616 -0.015553 0.090986
v -1.515616 0.015553 0.090986
v -1.507998 -0.015553 0.085908
v -1.507998 0.015553 0.085908
v -1.497419 -0.015553 0.080406
v -1.497419 0.015553 0.080406
v -1.485146 -0.015553 0.075328
v -1.485146 0.015553 0.075328
v -1.472450 -0.015553 0.072789
v -1.472450 0.015553 0.072789
v -1.444520 -0.015553 0.072789
v -1.444520 0.015553 0.072789
v -1.433094 -0.015553 0.075328
v -1.433094 0.015553 0.075328
v -1.424630 -0.015553 0.077867
v -1.424630 0.015553 0.077867
v -1.417859 -0.015553 0.086754
v -1.417859 0.015553 0.086754
v -1.414050 -0.015553 0.095218
v -1.414050 0.015553 0.095218
v -1.413203 -0.015553 0.103259
v -1.413203 0.015553 0.103259
v -1.414050 -0.015553 0.107490
v -1.414050 0.015553 0.107490
v -1.417859 -0.015553 0.113415
v -1.417859 0.015553 0.113415
v -1.424630 -0.015553 0.113415
v -1.424630 0.015553 0.113415
v -1.428862 -0.015553 0.110030
v -1.428862 0.015553 0.110030
v -1.428862 -0.015553 0.101566
v -1.428862 0.015553 0.101566
v -1.430554 -0.015553 0.090140
v -1.430554 0.015553 0.090140
v -1.444520 -0.015553 0.082522
v -1.444520 0.015553 0.082522
v -1.457639 -0.015553 0.082522
v -1.457639 0.015553 0.082522
v -1.466102 -0.015553 0.084215
v -1.466102 0.015553 0.084215
v -1.482607 -0.015553 0.090140
v -1.482607 0.015553 0.090140
v -1.491494 -0.015553 0.098603
v -1.491494 0.015553 0.098603
v -1.504190 -0.015553 0.115108
v -1.504190 0.015553 0.115108
v -1.509691 -0.015553 0.134152
v -1.509691 0.015553 0.134152
v -1.513077 -0.015553 0.153195
v -1.513077 0.015553 0.153195
v -1.513077 -0.015553 0.163775
v -1.513077 0.015553 0.163775
v -1.506729 -0.015553 0.175201
v -1.506729 0.015553 0.175201
v -1.503343 -0.015553 0.186204
v -1.503343 0.015553 0.186204
v -1.502497 -0.015553 0.198477
v -1.502497 0.015553 0.198477
v -1.497419 -0.015553 0.206940
v -1.497419 0.015553 0.206940
v -1.492340 -0.015553 0.216674
v -1.492340 0.015553 0.216674
v -1.486839 -0.015553 0.224291
v -1.486839 0.015553 0.224291
v -1.478375 -0.015553 0.230639
v -1.478375 0.015553 0.230639
v -1.469488 -0.015553 0.233178
v -1.469488 0.015553 0.233178
v -1.457639 -0.015553 0.236564
v -1.457639 0.015553 0.236564
v -1.445366 -0.015553 0.235717
v -1.445366 0.015553 0.235717
v -1.429708 -0.015553 0.223445
v -1.429708 0.015553 0.223445
v -1.420398 -0.015553 0.214135
v -1.420398 0.015553 0.214135
v -1.415743 -0.015553 0.203555
v -1.415743 0.015553 0.203555
v -1.412357 -0.015553 0.193398
v -1.412357 0.015553 0.193398
v -1.410664 -0.015553 0.179433
v -1.410664 0.015553 0.179433
v -1.412357 -0.015553 0.171815
v -1.412357 0.015553 0.171815
v -1.404740 -0.015553 0.164621
v -1.404740 0.015553 0.164621
v -1.398392 -0.015553 0.159543
v -1.398392 0.015553 0.159543
v -1.392467 -0.015553 0.153195
v -1.392467 0.015553 0.153195
v -1.389928 -0.015553 0.145578
v -1.389928 0.015553 0.145578
v -1.389928 -0.015553 0.133305
v -1.389928 0.015553 0.133305
v -1.388235 -0.015553 0.121456
v -1.388235 0.015553 0.121456
v -1.388235 -0.015553 0.111722
v -1.388235 0.015553 0.111722
v -1.386543 -0.015553 0.101566
v -1.386543 0.015553 0.101566
v -1.387389 -0.015553 0.090986
v -1.387389 0.015553 0.090986
v -1.384850 -0.015553 0.083369
v -1.384850 0.015553 0.083369
v -1.381464 -0.015553 0.073635
v -1.381464 0.015553 0.073635
v -1.376809 -0.015553 0.044012
v -1.376809 0.015553 0.044012
v -1.372577 -0.015553 0.024968
v -1.372577 0.015553 0.024968
v -1.370884 -0.015553 0.013119
v -1.370884 0.015553 0.013119
v -1.367499 -0.015553 -0.002539
v -1.367499 0.015553 -0.002539
v -1.365806 -0.015553 -0.020736
v -1.365806 0.015553 -0.020736
v -1.358612 -0.015553 -0.037241
v -1.358612 0.015553 -0.037241
v -1.357766 -0.015553 -0.049513
v -1.357766 0.015553 -0.049513
v -1.352687 -0.015553 -0.063479
v -1.352687 0.015553 -0.063479
v -1.348455 -0.015553 -0.076174
v -1.348455 0.015553 -0.076174
v -1.345070 -0.015553 -0.092679
v -1.345070 0.015553 -0.092679
v -1.341261 -0.015553 -0.107490
v -1.341261 0.015553 -0.107490
v -1.339568 -0.015553 -0.120609
v -1.339568 0.015553 -0.120609
v -1.338722 -0.015553 -0.134152
v -1.338722 0.015553 -0.134152
v -1.339568 -0.015553 -0.150656
v -1.339568 0.015553 -0.150656
v -1.340415 -0.015553 -0.160389
v -1.340415 0.015553 -0.160389
v -1.343800 -0.015553 -0.168853
v -1.343800 0.015553 -0.168853
v -1.342107 -0.015553 -0.176894
v -1.342107 0.015553 -0.176894
v -1.333644 -0.015553 -0.184511
v -1.333644 0.015553 -0.184511
v -1.329412 -0.015553 -0.188743
v -1.329412 0.015553 -0.188743
v -1.321371 -0.015553 -0.179433
v -1.321371 0.015553 -0.179433
v -1.318832 -0.015553 -0.167160
v -1.318832 0.015553 -0.167160
v -1.317986 -0.015553 -0.156157
v -1.317986 0.015553 -0.156157
v -1.317986 -0.015553 -0.139653
v -1.317986 0.015553 -0.139653
v -1.318832 -0.015553 -0.127380
v -1.318832 0.015553 -0.127380
v -1.320525 -0.015553 -0.115108
v -1.320525 0.015553 -0.115108
v -1.319678 -0.015553 -0.101566
v -1.319678 0.015553 -0.101566
v -1.322217 -0.015553 -0.097757
v -1.322217 0.015553 -0.097757
v -1.326449 -0.015553 -0.086754
v -1.326449 0.015553 -0.086754
v -1.331105 -0.015553 -0.071942
v -1.331105 0.015553 -0.071942
v -1.334490 -0.015553 -0.063479
v -1.334490 0.015553 -0.063479
v -1.337876 -0.015553 -0.050360
v -1.337876 0.015553 -0.050360
v -1.341261 -0.015553 -0.038934
v -1.341261 0.015553 -0.038934
v -1.345916 -0.015553 -0.028777
v -1.345916 0.015553 -0.028777
v -1.340415 -0.015553 -0.013965
v -1.340415 0.015553 -0.013965
v -1.339568 -0.015553 0.003386
v -1.339568 0.015553 0.003386
v -1.339568 -0.015553 0.016504
v -1.339568 0.015553 0.016504
v -1.340415 -0.015553 0.025815
v -1.340415 0.015553 0.025815
v -1.337876 -0.015553 0.040626
v -1.337876 0.015553 0.040626
v -1.339568 -0.015553 0.066864
v -1.339568 0.015553 0.066864
v -1.345916 -0.015553 0.077867
v -1.345916 0.015553 0.077867
v -1.342107 -0.015553 0.094372
v -1.342107 0.015553 0.094372
v -1.345070 -0.015553 0.112569
v -1.345070 0.015553 0.112569
v -1.345070 -0.015553 0.128227
v -1.345070 0.015553 0.128227
v -1.346763 -0.015553 0.141346
v -1.346763 0.015553 0.141346
v -1.345070 -0.015553 0.156157
v -1.345070 0.015553 0.156157
v -1.345916 -0.015553 0.166314
v -1.345916 0.015553 0.166314
v -1.342107 -0.015553 0.176894
v -1.342107 0.015553 0.176894
v -1.336183 -0.015553 0.181126
v -1.336183 0.015553 0.181126
v -1.338722 -0.015553 0.190859
v -1.338722 0.015553 0.190859
v -1.343800 -0.015553 0.201016
v -1.343800 0.015553 0.201016
v -1.345070 -0.015553 0.213288
v -1.345070 0.015553 0.213288
v -1.342107 -0.015553 0.224291
v -1.342107 0.015553 0.224291
v -1.342107 -0.015553 0.234025
v -1.342107 0.015553 0.234025
v -1.338722 -0.015553 0.242488
v -1.338722 0.015553 0.242488
v -1.325603 -0.015553 0.262802
v -1.325603 0.015553 0.262802
v -1.320525 -0.015553 0.287770
v -1.320525 0.015553 0.287770
v -1.319678 -0.015553 0.295387
v -1.319678 0.015553 0.295387
v -1.319678 -0.015553 0.303428
v -1.319678 0.015553 0.303428
v -1.325603 -0.015553 0.311892
v -1.325603 0.015553 0.311892
v -1.334490 -0.015553 0.321625
v -1.334490 0.015553 0.321625
v -1.348455 -0.015553 0.321625
v -1.348455 0.015553 0.321625
v -1.375116 -0.015553 0.314431
v -1.375116 0.015553 0.314431
v -1.387389 -0.015553 0.311045
v -1.387389 0.015553 0.311045
v -1.394160 -0.015553 0.296234
v -1.394160 0.015553 0.296234
v -1.396699 -0.015553 0.281845
v -1.396699 0.015553 0.281845
v -1.400508 -0.015553 0.275497
v -1.400508 0.015553 0.275497
v -1.412357 -0.015553 0.276344
v -1.412357 0.015553 0.276344
v -1.424630 -0.015553 0.281845
v -1.424630 0.015553 0.281845
v -1.455946 -0.015553 0.286077
v -1.455946 0.015553 0.286077
v -1.468642 -0.015553 0.285231
v -1.468642 0.015553 0.285231
v -1.483453 -0.015553 0.280999
v -1.483453 0.015553 0.280999
v -1.491494 -0.015553 0.276344
v -1.491494 0.015553 0.276344
v -1.501650 -0.015553 0.271265
v -1.501650 0.015553 0.271265
v -1.513077 -0.015553 0.261532
v -1.513077 0.015553 0.261532
v -1.527888 -0.015553 0.237410
v -1.527888 0.015553 0.237410
v -1.531274 -0.015553 0.224291
v -1.531274 0.015553 0.224291
v -1.536352 -0.015553 0.209903
v -1.536352 0.015553 0.209903
v -1.539738 -0.015553 0.197630
v -1.539738 0.015553 0.197630
v -1.542277 -0.015553 0.186204
v -1.542277 0.015553 0.186204
v -1.297249 -0.015553 0.148963
v -1.297249 0.015553 0.148963
v -1.303174 -0.015553 0.144731
v -1.303174 0.015553 0.144731
v -1.300635 -0.015553 0.137960
v -1.300635 0.015553 0.137960
v -1.293864 -0.015553 0.136267
v -1.293864 0.015553 0.136267
v -1.290055 -0.015553 0.145578
v -1.290055 0.015553 0.145578
v -1.316293 -0.015553 -0.046974
v -1.316293 0.015553 -0.046974
v -1.320525 -0.015553 -0.050360
v -1.320525 0.015553 -0.050360
v -1.319678 -0.015553 -0.057131
v -1.319678 0.015553 -0.057131
v -1.313754 -0.015553 -0.056284
v -1.313754 0.015553 -0.056284
v -1.309522 -0.015553 -0.052052
v -1.309522 0.015553 -0.052052
v -1.763542 -0.015553 0.242488
v -1.763542 0.015553 0.242488
v -1.766081 -0.015553 0.231485
v -1.766081 0.015553 0.231485
v -1.764388 -0.015553 0.220059
v -1.764388 0.015553 0.220059
v -1.760157 -0.015553 0.211595
v -1.760157 0.015553 0.211595
v -1.748730 -0.015553 0.191705
v -1.748730 0.015553 0.191705
v -1.736881 -0.015553 0.187897
v -1.736881 0.015553 0.187897
v -1.720377 -0.015553 0.187897
v -1.720377 0.015553 0.187897
v -1.706411 -0.015553 0.192552
v -1.706411 0.015553 0.192552
v -1.695408 -0.015553 0.194245
v -1.695408 0.015553 0.194245
v -1.680597 -0.015553 0.198477
v -1.680597 0.015553 0.198477
v -1.667478 -0.015553 0.198477
v -1.667478 0.015553 0.198477
v -1.658591 -0.015553 0.195091
v -1.658591 0.015553 0.195091
v -1.643356 -0.015553 0.186204
v -1.643356 0.015553 0.186204
v -1.634469 -0.015553 0.176894
v -1.634469 0.015553 0.176894
v -1.625159 -0.015553 0.164621
v -1.625159 0.015553 0.164621
v -1.618811 -0.015553 0.152349
v -1.618811 0.015553 0.152349
v -1.615425 -0.015553 0.142192
v -1.615425 0.015553 0.142192
v -1.612886 -0.015553 0.134998
v -1.612886 0.015553 0.134998
v -1.606961 -0.015553 0.129920
v -1.606961 0.015553 0.129920
v -1.603153 -0.015553 0.112569
v -1.603153 0.015553 0.112569
v -1.602306 -0.015553 0.099873
v -1.602306 0.015553 0.099873
v -1.602306 -0.015553 0.075328
v -1.602306 0.015553 0.075328
v -1.607808 -0.015553 0.062209
v -1.607808 0.015553 0.062209
v -1.618811 -0.015553 0.051206
v -1.618811 0.015553 0.051206
v -1.628544 -0.015553 0.046974
v -1.628544 0.015553 0.046974
v -1.643356 -0.015553 0.042319
v -1.643356 0.015553 0.042319
v -1.652666 -0.015553 0.038087
v -1.652666 0.015553 0.038087
v -1.684829 -0.015553 0.038087
v -1.684829 0.015553 0.038087
v -1.698794 -0.015553 0.040626
v -1.698794 0.015553 0.040626
v -1.706411 -0.015553 0.044012
v -1.706411 0.015553 0.044012
v -1.712336 -0.015553 0.048667
v -1.712336 0.015553 0.048667
v -1.720377 -0.015553 0.047821
v -1.720377 0.015553 0.047821
v -1.724608 -0.015553 0.040626
v -1.724608 0.015553 0.040626
v -1.722916 -0.015553 0.034702
v -1.722916 0.015553 0.034702
v -1.714452 -0.015553 0.027931
v -1.714452 0.015553 0.027931
v -1.703026 -0.015553 0.022429
v -1.703026 0.015553 0.022429
v -1.688214 -0.015553 0.016504
v -1.688214 0.015553 0.016504
v -1.675095 -0.015553 0.012273
v -1.675095 0.015553 0.012273
v -1.664092 -0.015553 0.010580
v -1.664092 0.015553 0.010580
v -1.642509 -0.015553 0.008464
v -1.642509 0.015553 0.008464
v -1.622196 -0.015553 0.010580
v -1.622196 0.015553 0.010580
v -1.610347 -0.015553 0.015658
v -1.610347 0.015553 0.015658
v -1.598921 -0.015553 0.020736
v -1.598921 0.015553 0.020736
v -1.587071 -0.015553 0.028777
v -1.587071 0.015553 0.028777
v -1.578184 -0.015553 0.032163
v -1.578184 0.015553 0.032163
v -1.573106 -0.015553 0.044012
v -1.573106 0.015553 0.044012
v -1.567605 -0.015553 0.054592
v -1.567605 0.015553 0.054592
v -1.564219 -0.015553 0.066864
v -1.564219 0.015553 0.066864
v -1.562526 -0.015553 0.082522
v -1.562526 0.015553 0.082522
v -1.558295 -0.015553 0.099873
v -1.558295 0.015553 0.099873
v -1.555755 -0.015553 0.118917
v -1.555755 0.015553 0.118917
v -1.555755 -0.015553 0.132459
v -1.555755 0.015553 0.132459
v -1.554909 -0.015553 0.150656
v -1.554909 0.015553 0.150656
v -1.555755 -0.015553 0.164621
v -1.555755 0.015553 0.164621
v -1.558295 -0.015553 0.179433
v -1.558295 0.015553 0.179433
v -1.564219 -0.015553 0.191705
v -1.564219 0.015553 0.191705
v -1.566758 -0.015553 0.200169
v -1.566758 0.015553 0.200169
v -1.566758 -0.015553 0.216674
v -1.566758 0.015553 0.216674
v -1.570567 -0.015553 0.228946
v -1.570567 0.015553 0.228946
v -1.587071 -0.015553 0.243335
v -1.587071 0.015553 0.243335
v -1.594689 -0.015553 0.247143
v -1.594689 0.015553 0.247143
v -1.600614 -0.015553 0.248836
v -1.600614 0.015553 0.248836
v -1.616272 -0.015553 0.254761
v -1.616272 0.015553 0.254761
v -1.626851 -0.015553 0.258146
v -1.626851 0.015553 0.258146
v -1.636162 -0.015553 0.258993
v -1.636162 0.015553 0.258993
v -1.651820 -0.015553 0.262802
v -1.651820 0.015553 0.262802
v -1.667478 -0.015553 0.268726
v -1.667478 0.015553 0.268726
v -1.679750 -0.015553 0.272112
v -1.679750 0.015553 0.272112
v -1.692446 -0.015553 0.275497
v -1.692446 0.015553 0.275497
v -1.704718 -0.015553 0.274651
v -1.704718 0.015553 0.274651
v -1.718684 -0.015553 0.272112
v -1.718684 0.015553 0.272112
v -1.731803 -0.015553 0.267880
v -1.731803 0.015553 0.267880
v -1.744498 -0.015553 0.258146
v -1.744498 0.015553 0.258146
v -1.755078 -0.015553 0.251375
v -1.755078 0.015553 0.251375
v -1.543483 -0.015553 0.202708
v -1.543483 0.015553 0.202708
v -1.543483 -0.015553 0.194245
v -1.543483 0.015553 0.194245
v -1.539251 -0.015553 0.187897
v -1.539251 0.015553 0.187897
v -1.535019 -0.015553 0.191705
v -1.535019 0.015553 0.191705
v -1.530364 -0.015553 0.196784
v -1.530364 0.015553 0.196784
v -1.535865 -0.015553 0.202708
v -1.535865 0.015553 0.202708
v -1.989462 -0.015553 0.028777
v -1.989462 0.015553 0.028777
v -1.992002 -0.015553 0.015658
v -1.992002 0.015553 0.015658
v -1.989462 -0.015553 0.002539
v -1.989462 0.015553 0.002539
v -1.982692 -0.015553 -0.006771
v -1.982692 0.015553 -0.006771
v -1.978883 -0.015553 -0.009733
v -1.978883 0.015553 -0.009733
v -1.971265 -0.015553 -0.009733
v -1.971265 0.015553 -0.009733
v -1.963648 -0.015553 -0.002539
v -1.963648 0.015553 -0.002539
v -1.974651 -0.015553 0.005078
v -1.974651 0.015553 0.005078
v -1.975497 -0.015553 0.014812
v -1.975497 0.015553 0.014812
v -1.977190 -0.015553 0.021583
v -1.977190 0.015553 0.021583
v -1.972958 -0.015553 0.042319
v -1.972958 0.015553 0.042319
v -1.971265 -0.015553 0.062209
v -1.971265 0.015553 0.062209
v -1.967033 -0.015553 0.095218
v -1.967033 0.015553 0.095218
v -1.970419 -0.015553 0.109183
v -1.970419 0.015553 0.109183
v -1.959839 -0.015553 0.122302
v -1.959839 0.015553 0.122302
v -1.958146 -0.015553 0.134152
v -1.958146 0.015553 0.134152
v -1.960685 -0.015553 0.142192
v -1.960685 0.015553 0.142192
v -1.956454 -0.015553 0.152349
v -1.956454 0.015553 0.152349
v -1.956454 -0.015553 0.166314
v -1.956454 0.015553 0.166314
v -1.953068 -0.015553 0.176894
v -1.953068 0.015553 0.176894
v -1.945451 -0.015553 0.185358
v -1.945451 0.015553 0.185358
v -1.939949 -0.015553 0.193398
v -1.939949 0.015553 0.193398
v -1.930639 -0.015553 0.208210
v -1.930639 0.015553 0.208210
v -1.928100 -0.015553 0.220906
v -1.928100 0.015553 0.220906
v -1.916674 -0.015553 0.230639
v -1.916674 0.015553 0.230639
v -1.910749 -0.015553 0.236564
v -1.910749 0.015553 0.236564
v -1.899323 -0.015553 0.236564
v -1.899323 0.015553 0.236564
v -1.877740 -0.015553 0.232332
v -1.877740 0.015553 0.232332
v -1.868853 -0.015553 0.227253
v -1.868853 0.015553 0.227253
v -1.857850 -0.015553 0.209903
v -1.857850 0.015553 0.209903
v -1.849810 -0.015553 0.187050
v -1.849810 0.015553 0.187050
v -1.846424 -0.015553 0.171815
v -1.846424 0.015553 0.171815
v -1.843039 -0.015553 0.163775
v -1.843039 0.015553 0.163775
v -1.840499 -0.015553 0.148963
v -1.840499 0.015553 0.148963
v -1.839653 -0.015553 0.133305
v -1.839653 0.015553 0.133305
v -1.839653 -0.015553 0.121456
v -1.839653 0.015553 0.121456
v -1.837960 -0.015553 0.106644
v -1.837960 0.015553 0.106644
v -1.837960 -0.015553 0.057977
v -1.837960 0.015553 0.057977
v -1.843039 -0.015553 0.024968
v -1.843039 0.015553 0.024968
v -1.843885 -0.015553 0.010580
v -1.843885 0.015553 0.010580
v -1.845578 -0.015553 -0.004232
v -1.845578 0.015553 -0.004232
v -1.845578 -0.015553 -0.014812
v -1.845578 0.015553 -0.014812
v -1.844731 -0.015553 -0.028777
v -1.844731 0.015553 -0.028777
v -1.841346 -0.015553 -0.036394
v -1.841346 0.015553 -0.036394
v -1.836267 -0.015553 -0.046128
v -1.836267 0.015553 -0.046128
v -1.826534 -0.015553 -0.046974
v -1.826534 0.015553 -0.046974
v -1.819763 -0.015553 -0.043165
v -1.819763 0.015553 -0.043165
v -1.813415 -0.015553 -0.035548
v -1.813415 0.015553 -0.035548
v -1.816801 -0.015553 -0.022429
v -1.816801 0.015553 -0.022429
v -1.814262 -0.015553 -0.010580
v -1.814262 0.015553 -0.010580
v -1.812569 -0.015553 0.019044
v -1.812569 0.015553 0.019044
v -1.808337 -0.015553 0.033855
v -1.808337 0.015553 0.033855
v -1.811722 -0.015553 0.044858
v -1.811722 0.015553 0.044858
v -1.806644 -0.015553 0.059670
v -1.806644 0.015553 0.059670
v -1.805798 -0.015553 0.077021
v -1.805798 0.015553 0.077021
v -1.801566 -0.015553 0.096911
v -1.801566 0.015553 0.096911
v -1.801566 -0.015553 0.115108
v -1.801566 0.015553 0.115108
v -1.799873 -0.015553 0.123149
v -1.799873 0.015553 0.123149
v -1.791832 -0.015553 0.159543
v -1.791832 0.015553 0.159543
v -1.789293 -0.015553 0.168853
v -1.789293 0.015553 0.168853
v -1.789293 -0.015553 0.187050
v -1.789293 0.015553 0.187050
v -1.786754 -0.015553 0.200169
v -1.786754 0.015553 0.200169
v -1.782522 -0.015553 0.216674
v -1.782522 0.015553 0.216674
v -1.781253 -0.015553 0.233178
v -1.781253 0.015553 0.233178
v -1.782522 -0.015553 0.251375
v -1.782522 0.015553 0.251375
v -1.779560 -0.015553 0.259839
v -1.779560 0.015553 0.259839
v -1.775328 -0.015553 0.291155
v -1.775328 0.015553 0.291155
v -1.777867 -0.015553 0.317393
v -1.777867 0.015553 0.317393
v -1.771942 -0.015553 0.329242
v -1.771942 0.015553 0.329242
v -1.769403 -0.015553 0.349132
v -1.769403 0.015553 0.349132
v -1.766018 -0.015553 0.365637
v -1.766018 0.015553 0.365637
v -1.766018 -0.015553 0.382988
v -1.766018 0.015553 0.382988
v -1.766864 -0.015553 0.404570
v -1.766864 0.015553 0.404570
v -1.763055 -0.015553 0.414304
v -1.763055 0.015553 0.414304
v -1.766864 -0.015553 0.421921
v -1.766864 0.015553 0.421921
v -1.766018 -0.015553 0.436733
v -1.766018 0.015553 0.436733
v -1.758824 -0.015553 0.451545
v -1.758824 0.015553 0.451545
v -1.756284 -0.015553 0.468049
v -1.756284 0.015553 0.468049
v -1.752899 -0.015553 0.475667
v -1.752899 0.015553 0.475667
v -1.753745 -0.015553 0.483707
v -1.753745 0.015553 0.483707
v -1.750360 -0.015553 0.500212
v -1.750360 0.015553 0.500212
v -1.746974 -0.015553 0.517562
v -1.746974 0.015553 0.517562
v -1.746128 -0.015553 0.530258
v -1.746128 0.015553 0.530258
v -1.755438 -0.015553 0.543377
v -1.755438 0.015553 0.543377
v -1.759670 -0.015553 0.553957
v -1.759670 0.015553 0.553957
v -1.766018 -0.015553 0.551418
v -1.766018 0.015553 0.551418
v -1.769403 -0.015553 0.558189
v -1.769403 0.015553 0.558189
v -1.776174 -0.015553 0.570461
v -1.776174 0.015553 0.570461
v -1.789293 -0.015553 0.574693
v -1.789293 0.015553 0.574693
v -1.804105 -0.015553 0.572154
v -1.804105 0.015553 0.572154
v -1.818070 -0.015553 0.571308
v -1.818070 0.015553 0.571308
v -1.829920 -0.015553 0.562421
v -1.829920 0.015553 0.562421
v -1.840499 -0.015553 0.548455
v -1.840499 0.015553 0.548455
v -1.845578 -0.015553 0.537452
v -1.845578 0.015553 0.537452
v -1.847270 -0.015553 0.520102
v -1.847270 0.015553 0.520102
v -1.843885 -0.015553 0.508675
v -1.843885 0.015553 0.508675
v -1.838807 -0.015553 0.497672
v -1.838807 0.015553 0.497672
v -1.834152 -0.015553 0.481168
v -1.834152 0.015553 0.481168
v -1.831612 -0.015553 0.461278
v -1.831612 0.015553 0.461278
v -1.829920 -0.015553 0.444774
v -1.829920 0.015553 0.444774
v -1.829920 -0.015553 0.421921
v -1.829920 0.015553 0.421921
v -1.826534 -0.015553 0.401185
v -1.826534 0.015553 0.401185
v -1.830766 -0.015553 0.385527
v -1.830766 0.015553 0.385527
v -1.831612 -0.015553 0.365637
v -1.831612 0.015553 0.365637
v -1.831612 -0.015553 0.344054
v -1.831612 0.015553 0.344054
v -1.832459 -0.015553 0.325011
v -1.832459 0.015553 0.325011
v -1.831612 -0.015553 0.304274
v -1.831612 0.015553 0.304274
v -1.831612 -0.015553 0.258993
v -1.831612 0.015553 0.258993
v -1.841346 -0.015553 0.269573
v -1.841346 0.015553 0.269573
v -1.853195 -0.015553 0.285231
v -1.853195 0.015553 0.285231
v -1.877740 -0.015553 0.293694
v -1.877740 0.015553 0.293694
v -1.903555 -0.015553 0.291155
v -1.903555 0.015553 0.291155
v -1.920906 -0.015553 0.288616
v -1.920906 0.015553 0.288616
v -1.937410 -0.015553 0.282691
v -1.937410 0.015553 0.282691
v -1.956454 -0.015553 0.271265
v -1.956454 0.015553 0.271265
v -1.969573 -0.015553 0.253068
v -1.969573 0.015553 0.253068
v -1.975497 -0.015553 0.242488
v -1.975497 0.015553 0.242488
v -1.979729 -0.015553 0.218366
v -1.979729 0.015553 0.218366
v -1.983538 -0.015553 0.201016
v -1.983538 0.015553 0.201016
v -1.983538 -0.015553 0.183665
v -1.983538 0.015553 0.183665
v -1.986077 -0.015553 0.161236
v -1.986077 0.015553 0.161236
v -1.986923 -0.015553 0.140499
v -1.986923 0.015553 0.140499
v -1.986923 -0.015553 0.123149
v -1.986923 0.015553 0.123149
v -1.988616 -0.015553 0.106644
v -1.988616 0.015553 0.106644
v -1.988616 -0.015553 0.088447
v -1.988616 0.015553 0.088447
v -1.986077 -0.015553 0.063479
v -1.986077 0.015553 0.063479
v -1.988616 -0.015553 0.044012
v -1.988616 0.015553 0.044012
v -2.032988 -0.015553 0.475667
v -2.032988 0.015553 0.475667
v -2.038912 -0.015553 0.468049
v -2.038912 0.015553 0.468049
v -2.032141 -0.015553 0.463817
v -2.032141 0.015553 0.463817
v -2.024947 -0.015553 0.465510
v -2.024947 0.015553 0.465510
v -2.027063 -0.015553 0.473127
v -2.027063 0.015553 0.473127
v -2.076999 -0.015553 0.459162
v -2.076999 0.015553 0.459162
v -2.081655 -0.015553 0.452391
v -2.081655 0.015553 0.452391
v -2.079962 -0.015553 0.445620
v -2.079962 0.015553 0.445620
v -2.072768 -0.015553 0.437579
v -2.072768 0.015553 0.437579
v -2.066843 -0.015553 0.429116
v -2.066843 0.015553 0.429116
v -2.066843 -0.015553 0.421075
v -2.066843 0.015553 0.421075
v -2.071075 -0.015553 0.413457
v -2.071075 0.015553 0.413457
v -2.075307 -0.015553 0.407533
v -2.075307 0.015553 0.407533
v -2.075307 -0.015553 0.395260
v -2.075307 0.015553 0.395260
v -2.071075 -0.015553 0.384680
v -2.071075 0.015553 0.384680
v -2.064304 -0.015553 0.376217
v -2.064304 0.015553 0.376217
v -2.055417 -0.015553 0.369022
v -2.055417 0.015553 0.369022
v -2.044414 -0.015553 0.368176
v -2.044414 0.015553 0.368176
v -2.032141 -0.015553 0.369022
v -2.032141 0.015553 0.369022
v -2.024947 -0.015553 0.373678
v -2.024947 0.015553 0.373678
v -2.016483 -0.015553 0.379602
v -2.016483 0.015553 0.379602
v -2.008866 -0.015553 0.388489
v -2.008866 0.015553 0.388489
v -1.999132 -0.015553 0.400339
v -1.999132 0.015553 0.400339
v -1.994900 -0.015553 0.411765
v -1.994900 0.015553 0.411765
v -1.993208 -0.015553 0.420229
v -1.993208 0.015553 0.420229
v -1.994900 -0.015553 0.428269
v -1.994900 0.015553 0.428269
v -1.999132 -0.015553 0.437579
v -1.999132 0.015553 0.437579
v -2.005057 -0.015553 0.444774
v -2.005057 0.015553 0.444774
v -2.017330 -0.015553 0.451545
v -2.017330 0.015553 0.451545
v -2.027909 -0.015553 0.453237
v -2.027909 0.015553 0.453237
v -2.043567 -0.015553 0.454930
v -2.043567 0.015553 0.454930
v -2.058802 -0.015553 0.459162
v -2.058802 0.015553 0.459162
v -2.069382 -0.015553 0.460008
v -2.069382 0.015553 0.460008
v -2.086733 -0.015553 0.276344
v -2.086733 0.015553 0.276344
v -2.086733 -0.015553 0.268726
v -2.086733 0.015553 0.268726
v -2.084194 -0.015553 0.264494
v -2.084194 0.015553 0.264494
v -2.075307 -0.015553 0.259839
v -2.075307 0.015553 0.259839
v -2.069382 -0.015553 0.254761
v -2.069382 0.015553 0.254761
v -2.066843 -0.015553 0.244604
v -2.066843 0.015553 0.244604
v -2.065150 -0.015553 0.230639
v -2.065150 0.015553 0.230639
v -2.060495 -0.015553 0.216674
v -2.060495 0.015553 0.216674
v -2.063457 -0.015553 0.204401
v -2.063457 0.015553 0.204401
v -2.059649 -0.015553 0.194245
v -2.059649 0.015553 0.194245
v -2.058802 -0.015553 0.180279
v -2.058802 0.015553 0.180279
v -2.057110 -0.015553 0.165468
v -2.057110 0.015553 0.165468
v -2.057110 -0.015553 0.150656
v -2.057110 0.015553 0.150656
v -2.058802 -0.015553 0.132459
v -2.058802 0.015553 0.132459
v -2.057110 -0.015553 0.118917
v -2.057110 0.015553 0.118917
v -2.057110 -0.015553 0.104105
v -2.057110 0.015553 0.104105
v -2.059649 -0.015553 0.092679
v -2.059649 0.015553 0.092679
v -2.063457 -0.015553 0.081676
v -2.063457 0.015553 0.081676
v -2.059649 -0.015553 0.068557
v -2.059649 0.015553 0.068557
v -2.064304 -0.015553 0.057131
v -2.064304 0.015553 0.057131
v -2.064304 -0.015553 0.037241
v -2.064304 0.015553 0.037241
v -2.065150 -0.015553 0.029623
v -2.065150 0.015553 0.029623
v -2.068536 -0.015553 0.018197
v -2.068536 0.015553 0.018197
v -2.069382 -0.015553 0.005925
v -2.069382 0.015553 0.005925
v -2.072768 -0.015553 -0.002539
v -2.072768 0.015553 -0.002539
v -2.072768 -0.015553 -0.010580
v -2.072768 0.015553 -0.010580
v -2.076153 -0.015553 -0.018197
v -2.076153 0.015553 -0.018197
v -2.071921 -0.015553 -0.025815
v -2.071921 0.015553 -0.025815
v -2.066843 -0.015553 -0.027931
v -2.066843 0.015553 -0.027931
v -2.063457 -0.015553 -0.025815
v -2.063457 0.015553 -0.025815
v -2.059649 -0.015553 -0.017351
v -2.059649 0.015553 -0.017351
v -2.057110 -0.015553 -0.007617
v -2.057110 0.015553 -0.007617
v -2.055417 -0.015553 0.000000
v -2.055417 0.015553 0.000000
v -2.051185 -0.015553 0.008464
v -2.051185 0.015553 0.008464
v -2.051185 -0.015553 0.016504
v -2.051185 0.015553 0.016504
v -2.045260 -0.015553 0.029623
v -2.045260 0.015553 0.029623
v -2.045260 -0.015553 0.041473
v -2.045260 0.015553 0.041473
v -2.043567 -0.015553 0.050360
v -2.043567 0.015553 0.050360
v -2.043567 -0.015553 0.062209
v -2.043567 0.015553 0.062209
v -2.040605 -0.015553 0.072789
v -2.040605 0.015553 0.072789
v -2.038912 -0.015553 0.098603
v -2.038912 0.015553 0.098603
v -2.037220 -0.015553 0.105798
v -2.037220 0.015553 0.105798
v -2.036373 -0.015553 0.122302
v -2.036373 0.015553 0.122302
v -2.037220 -0.015553 0.133305
v -2.037220 0.015553 0.133305
v -2.036373 -0.015553 0.145578
v -2.036373 0.015553 0.145578
v -2.036373 -0.015553 0.156157
v -2.036373 0.015553 0.156157
v -2.032141 -0.015553 0.164621
v -2.032141 0.015553 0.164621
v -2.024947 -0.015553 0.168853
v -2.024947 0.015553 0.168853
v -2.019869 -0.015553 0.174355
v -2.019869 0.015553 0.174355
v -2.014791 -0.015553 0.190859
v -2.014791 0.015553 0.190859
v -2.013098 -0.015553 0.200169
v -2.013098 0.015553 0.200169
v -2.013098 -0.015553 0.234025
v -2.013098 0.015553 0.234025
v -2.014791 -0.015553 0.248836
v -2.014791 0.015553 0.248836
v -2.012251 -0.015553 0.264494
v -2.012251 0.015553 0.264494
v -2.011405 -0.015553 0.274651
v -2.011405 0.015553 0.274651
v -2.008019 -0.015553 0.284384
v -2.008019 0.015553 0.284384
v -2.011405 -0.015553 0.294541
v -2.011405 0.015553 0.294541
v -2.016483 -0.015553 0.302581
v -2.016483 0.015553 0.302581
v -2.023254 -0.015553 0.305121
v -2.023254 0.015553 0.305121
v -2.032988 -0.015553 0.307660
v -2.032988 0.015553 0.307660
v -2.043567 -0.015553 0.305121
v -2.043567 0.015553 0.305121
v -2.051185 -0.015553 0.298350
v -2.051185 0.015553 0.298350
v -2.058802 -0.015553 0.292002
v -2.058802 0.015553 0.292002
v -2.068536 -0.015553 0.292002
v -2.068536 0.015553 0.292002
v -2.075307 -0.015553 0.285231
v -2.075307 0.015553 0.285231
v -2.081655 -0.015553 0.280999
v -2.081655 0.015553 0.280999
v -2.336775 -0.015553 0.174355
v -2.336775 0.015553 0.174355
v -2.338468 -0.015553 0.158697
v -2.338468 0.015553 0.158697
v -2.335505 -0.015553 0.143039
v -2.335505 0.015553 0.143039
v -2.331274 -0.015553 0.129073
v -2.331274 0.015553 0.129073
v -2.319424 -0.015553 0.101566
v -2.319424 0.015553 0.101566
v -2.307998 -0.015553 0.090986
v -2.307998 0.015553 0.090986
v -2.300381 -0.015553 0.085908
v -2.300381 0.015553 0.085908
v -2.289801 -0.015553 0.080406
v -2.289801 0.015553 0.080406
v -2.277529 -0.015553 0.075328
v -2.277529 0.015553 0.075328
v -2.264833 -0.015553 0.072789
v -2.264833 0.015553 0.072789
v -2.236902 -0.015553 0.072789
v -2.236902 0.015553 0.072789
v -2.225476 -0.015553 0.075328
v -2.225476 0.015553 0.075328
v -2.217012 -0.015553 0.077867
v -2.217012 0.015553 0.077867
v -2.210241 -0.015553 0.086754
v -2.210241 0.015553 0.086754
v -2.206432 -0.015553 0.095218
v -2.206432 0.015553 0.095218
v -2.205586 -0.015553 0.103259
v -2.205586 0.015553 0.103259
v -2.206432 -0.015553 0.107490
v -2.206432 0.015553 0.107490
v -2.210241 -0.015553 0.113415
v -2.210241 0.015553 0.113415
v -2.217012 -0.015553 0.113415
v -2.217012 0.015553 0.113415
v -2.221244 -0.015553 0.110030
v -2.221244 0.015553 0.110030
v -2.221244 -0.015553 0.101566
v -2.221244 0.015553 0.101566
v -2.222937 -0.015553 0.090140
v -2.222937 0.015553 0.090140
v -2.236902 -0.015553 0.082522
v -2.236902 0.015553 0.082522
v -2.250021 -0.015553 0.082522
v -2.250021 0.015553 0.082522
v -2.258485 -0.015553 0.084215
v -2.258485 0.015553 0.084215
v -2.274989 -0.015553 0.090140
v -2.274989 0.015553 0.090140
v -2.283876 -0.015553 0.098603
v -2.283876 0.015553 0.098603
v -2.296572 -0.015553 0.115108
v -2.296572 0.015553 0.115108
v -2.302073 -0.015553 0.134152
v -2.302073 0.015553 0.134152
v -2.305459 -0.015553 0.153195
v -2.305459 0.015553 0.153195
v -2.305459 -0.015553 0.163775
v -2.305459 0.015553 0.163775
v -2.299111 -0.015553 0.175201
v -2.299111 0.015553 0.175201
v -2.295726 -0.015553 0.186204
v -2.295726 0.015553 0.186204
v -2.294879 -0.015553 0.198477
v -2.294879 0.015553 0.198477
v -2.289801 -0.015553 0.206940
v -2.289801 0.015553 0.206940
v -2.284723 -0.015553 0.216674
v -2.284723 0.015553 0.216674
v -2.279221 -0.015553 0.224291
v -2.279221 0.015553 0.224291
v -2.270757 -0.015553 0.230639
v -2.270757 0.015553 0.230639
v -2.261870 -0.015553 0.233178
v -2.261870 0.015553 0.233178
v -2.250021 -0.015553 0.236564
v -2.250021 0.015553 0.236564
v -2.237749 -0.015553 0.235717
v -2.237749 0.015553 0.235717
v -2.222090 -0.015553 0.223445
v -2.222090 0.015553 0.223445
v -2.212780 -0.015553 0.214135
v -2.212780 0.015553 0.214135
v -2.208125 -0.015553 0.203555
v -2.208125 0.015553 0.203555
v -2.204740 -0.015553 0.193398
v -2.204740 0.015553 0.193398
v -2.203047 -0.015553 0.179433
v -2.203047 0.015553 0.179433
v -2.204740 -0.015553 0.171815
v -2.204740 0.015553 0.171815
v -2.197122 -0.015553 0.164621
v -2.197122 0.015553 0.164621
v -2.190774 -0.015553 0.159543
v -2.190774 0.015553 0.159543
v -2.184850 -0.015553 0.153195
v -2.184850 0.015553 0.153195
v -2.182311 -0.015553 0.145578
v -2.182311 0.015553 0.145578
v -2.182311 -0.015553 0.133305
v -2.182311 0.015553 0.133305
v -2.180618 -0.015553 0.121456
v -2.180618 0.015553 0.121456
v -2.180618 -0.015553 0.111722
v -2.180618 0.015553 0.111722
v -2.178925 -0.015553 0.101566
v -2.178925 0.015553 0.101566
v -2.179771 -0.015553 0.090986
v -2.179771 0.015553 0.090986
v -2.177232 -0.015553 0.083369
v -2.177232 0.015553 0.083369
v -2.173847 -0.015553 0.073635
v -2.173847 0.015553 0.073635
v -2.169192 -0.015553 0.044012
v -2.169192 0.015553 0.044012
v -2.164960 -0.015553 0.024968
v -2.164960 0.015553 0.024968
v -2.163267 -0.015553 0.013119
v -2.163267 0.015553 0.013119
v -2.159881 -0.015553 -0.002539
v -2.159881 0.015553 -0.002539
v -2.158189 -0.015553 -0.020736
v -2.158189 0.015553 -0.020736
v -2.150994 -0.015553 -0.037241
v -2.150994 0.015553 -0.037241
v -2.150148 -0.015553 -0.049513
v -2.150148 0.015553 -0.049513
v -2.145070 -0.015553 -0.063479
v -2.145070 0.015553 -0.063479
v -2.140838 -0.015553 -0.076174
v -2.140838 0.015553 -0.076174
v -2.137452 -0.015553 -0.092679
v -2.137452 0.015553 -0.092679
v -2.133644 -0.015553 -0.107490
v -2.133644 0.015553 -0.107490
v -2.131951 -0.015553 -0.120609
v -2.131951 0.015553 -0.120609
v -2.131104 -0.015553 -0.134152
v -2.131104 0.015553 -0.134152
v -2.131951 -0.015553 -0.150656
v -2.131951 0.015553 -0.150656
v -2.132797 -0.015553 -0.160389
v -2.132797 0.015553 -0.160389
v -2.136183 -0.015553 -0.168853
v -2.136183 0.015553 -0.168853
v -2.134490 -0.015553 -0.176894
v -2.134490 0.015553 -0.176894
v -2.126026 -0.015553 -0.184511
v -2.126026 0.015553 -0.184511
v -2.121794 -0.015553 -0.188743
v -2.121794 0.015553 -0.188743
v -2.113754 -0.015553 -0.179433
v -2.113754 0.015553 -0.179433
v -2.111214 -0.015553 -0.167160
v -2.111214 0.015553 -0.167160
v -2.110368 -0.015553 -0.156157
v -2.110368 0.015553 -0.156157
v -2.110368 -0.015553 -0.139653
v -2.110368 0.015553 -0.139653
v -2.111214 -0.015553 -0.127380
v -2.111214 0.015553 -0.127380
v -2.112907 -0.015553 -0.115108
v -2.112907 0.015553 -0.115108
v -2.112061 -0.015553 -0.101566
v -2.112061 0.015553 -0.101566
v -2.114600 -0.015553 -0.097757
v -2.114600 0.015553 -0.097757
v -2.118832 -0.015553 -0.086754
v -2.118832 0.015553 -0.086754
v -2.123487 -0.015553 -0.071942
v -2.123487 0.015553 -0.071942
v -2.126873 -0.015553 -0.063479
v -2.126873 0.015553 -0.063479
v -2.130258 -0.015553 -0.050360
v -2.130258 0.015553 -0.050360
v -2.133644 -0.015553 -0.038934
v -2.133644 0.015553 -0.038934
v -2.138299 -0.015553 -0.028777
v -2.138299 0.015553 -0.028777
v -2.132797 -0.015553 -0.013965
v -2.132797 0.015553 -0.013965
v -2.131951 -0.015553 0.003386
v -2.131951 0.015553 0.003386
v -2.131951 -0.015553 0.016504
v -2.131951 0.015553 0.016504
v -2.132797 -0.015553 0.025815
v -2.132797 0.015553 0.025815
v -2.130258 -0.015553 0.040626
v -2.130258 0.015553 0.040626
v -2.131951 -0.015553 0.066864
v -2.131951 0.015553 0.066864
v -2.138299 -0.015553 0.077867
v -2.138299 0.015553 0.077867
v -2.134490 -0.015553 0.094372
v -2.134490 0.015553 0.094372
v -2.137452 -0.015553 0.112569
v -2.137452 0.015553 0.112569
v -2.137452 -0.015553 0.128227
v -2.137452 0.015553 0.128227
v -2.139145 -0.015553 0.141346
v -2.139145 0.015553 0.141346
v -2.137452 -0.015553 0.156157
v -2.137452 0.015553 0.156157
v -2.138299 -0.015553 0.166314
v -2.138299 0.015553 0.166314
v -2.134490 -0.015553 0.176894
v -2.134490 0.015553 0.176894
v -2.128565 -0.015553 0.181126
v -2.128565 0.015553 0.181126
v -2.131104 -0.015553 0.190859
v -2.131104 0.015553 0.190859
v -2.136183 -0.015553 0.201016
v -2.136183 0.015553 0.201016
v -2.137452 -0.015553 0.213288
v -2.137452 0.015553 0.213288
v -2.134490 -0.015553 0.224291
v -2.134490 0.015553 0.224291
v -2.134490 -0.015553 0.234025
v -2.134490 0.015553 0.234025
v -2.131104 -0.015553 0.242488
v -2.131104 0.015553 0.242488
v -2.117985 -0.015553 0.262802
v -2.117985 0.015553 0.262802
v -2.112907 -0.015553 0.287770
v -2.112907 0.015553 0.287770
v -2.112061 -0.015553 0.295387
v -2.112061 0.015553 0.295387
v -2.112061 -0.015553 0.303428
v -2.112061 0.015553 0.303428
v -2.117985 -0.015553 0.311892
v -2.117985 0.015553 0.311892
v -2.126873 -0.015553 0.321625
v -2.126873 0.015553 0.321625
v -2.140838 -0.015553 0.321625
v -2.140838 0.015553 0.321625
v -2.167499 -0.015553 0.314431
v -2.167499 0.015553 0.314431
v -2.179771 -0.015553 0.311045
v -2.179771 0.015553 0.311045
v -2.186543 -0.015553 0.296234
v -2.186543 0.015553 0.296234
v -2.189082 -0.015553 0.281845
v -2.189082 0.015553 0.281845
v -2.192890 -0.015553 0.275497
v -2.192890 0.015553 0.275497
v -2.204740 -0.015553 0.276344
v -2.204740 0.015553 0.276344
v -2.217012 -0.015553 0.281845
v -2.217012 0.015553 0.281845
v -2.248328 -0.015553 0.286077
v -2.248328 0.015553 0.286077
v -2.261024 -0.015553 0.285231
v -2.261024 0.015553 0.285231
v -2.275836 -0.015553 0.280999
v -2.275836 0.015553 0.280999
v -2.283876 -0.015553 0.276344
v -2.283876 0.015553 0.276344
v -2.294033 -0.015553 0.271265
v -2.294033 0.015553 0.271265
v -2.305459 -0.015553 0.261532
v -2.305459 0.015553 0.261532
v -2.320271 -0.015553 0.237410
v -2.320271 0.015553 0.237410
v -2.323656 -0.015553 0.224291
v -2.323656 0.015553 0.224291
v -2.328735 -0.015553 0.209903
v -2.328735 0.015553 0.209903
v -2.332120 -0.015553 0.197630
v -2.332120 0.015553 0.197630
v -2.334659 -0.015553 0.186204
v -2.334659 0.015553 0.186204
v -2.089632 -0.015553 0.148963
v -2.089632 0.015553 0.148963
v -2.095556 -0.015553 0.144731
v -2.095556 0.015553 0.144731
v -2.093017 -0.015553 0.137960
v -2.093017 0.015553 0.137960
v -2.086246 -0.015553 0.136267
v -2.086246 0.015553 0.136267
v -2.082438 -0.015553 0.145578
v -2.082438 0.015553 0.145578
v -2.108675 -0.015553 -0.046974
v -2.108675 0.015553 -0.046974
v -2.112907 -0.015553 -0.050360
v -2.112907 0.015553 -0.050360
v -2.112061 -0.015553 -0.057131
v -2.112061 0.015553 -0.057131
v -2.106136 -0.015553 -0.056284
v -2.106136 0.015553 -0.056284
v -2.101904 -0.015553 -0.052052
v -2.101904 0.015553 -0.052052
vn -0.0000 1.0000 -0.0000
vn -0.0000 -1.0000 -0.0000
vn -0.9915 -0.0000 -0.1299
vn -0.8507 -0.0000 0.5257
vn -0.8506 -0.0000 0.5257
vn -0.6092 -0.0000 -0.7930
vn 0.5168 -0.0000 -0.8561
vn 0.9887 -0.0000 0.1499
vn 0.5505 -0.0000 0.8348
vn -0.0416 -0.0000 0.9991
vn -0.9990 -0.0000 0.0441
vn -1.0000 -0.0000 -0.0000
vn -0.9789 -0.0000 -0.2043
vn -0.8458 -0.0000 -0.5335
vn -0.7964 -0.0000 -0.6047
vn -0.7426 -0.0000 -0.6697
vn -0.6446 -0.0000 -0.7645
vn -0.7242 -0.0000 -0.6896
vn -0.6392 -0.0000 -0.7690
vn -0.7160 -0.0000 -0.6981
vn -0.7355 -0.0000 -0.6775
vn -0.5943 -0.0000 -0.8043
vn -0.6877 -0.0000 -0.7260
vn -0.7077 -0.0000 -0.7066
vn -0.7762 -0.0000 -0.6304
vn -0.7076 -0.0000 -0.7066
vn -0.7447 -0.0000 -0.6674
vn -0.8806 -0.0000 -0.4739
vn -0.7913 -0.0000 -0.6114
vn -0.6154 -0.0000 -0.7882
vn -0.8290 -0.0000 -0.5593
vn -0.8421 -0.0000 -0.5394
vn -0.8817 -0.0000 -0.4719
vn -0.8460 -0.0000 -0.5332
vn -0.8249 -0.0000 -0.5652
vn -0.8809 -0.0000 -0.4733
vn -0.8081 -0.0000 -0.5890
vn -0.7920 -0.0000 -0.6105
vn -0.8007 -0.0000 -0.5991
vn -0.5847 -0.0000 -0.8112
vn -0.9085 -0.0000 -0.4179
vn -0.9898 -0.0000 -0.1421
vn -0.8192 -0.0000 -0.5735
vn -0.9752 -0.0000 -0.2213
vn -0.6154 -0.0000 0.7882
vn -0.0898 -0.0000 0.9960
vn 0.0558 -0.0000 0.9984
vn 0.1133 -0.0000 0.9936
vn -0.0090 -0.0000 1.0000
vn -0.0402 -0.0000 0.9992
vn -0.1328 -0.0000 0.9911
vn -0.2286 -0.0000 0.9735
vn 0.0246 -0.0000 0.9997
vn 0.1081 -0.0000 0.9941
vn -0.0186 -0.0000 0.9998
vn 0.0353 -0.0000 0.9994
vn -0.0894 -0.0000 0.9960
vn 0.0186 -0.0000 0.9998
vn -0.2076 -0.0000 0.9782
vn -0.2898 -0.0000 0.9571
vn -0.2399 -0.0000 0.9708
vn -0.8906 -0.0000 0.4549
vn -0.9545 -0.0000 -0.2982
vn -0.5257 -0.0000 -0.8507
vn -0.1144 -0.0000 -0.9934
vn -0.0422 -0.0000 -0.9991
vn 0.0905 -0.0000 -0.9959
vn 0.0182 -0.0000 -0.9998
vn -0.0732 -0.0000 -0.9973
vn -0.0143 -0.0000 -0.9999
vn 0.0589 -0.0000 -0.9983
vn -0.0769 -0.0000 -0.9970
vn -0.0879 -0.0000 -0.9961
vn -0.1246 -0.0000 -0.9922
vn -0.3442 -0.0000 -0.9389
vn -0.2385 -0.0000 -0.9711
vn 0.3456 -0.0000 -0.9384
vn 0.7672 -0.0000 -0.6414
vn 0.9820 -0.0000 -0.1891
vn 0.9931 -0.0000 -0.1175
vn 0.9793 -0.0000 0.2026
vn 0.8083 -0.0000 0.5888
vn 0.8511 -0.0000 0.5251
vn 0.8304 -0.0000 0.5571
vn 0.7605 -0.0000 0.6494
vn 0.8190 -0.0000 0.5738
vn 0.8569 -0.0000 0.5154
vn 0.8863 -0.0000 0.4630
vn 0.8948 -0.0000 0.4465
vn 0.8576 -0.0000 0.5144
vn 0.8146 -0.0000 0.5801
vn 0.7359 -0.0000 0.6771
vn 0.7882 -0.0000 0.6154
vn 0.8112 -0.0000 0.5847
vn 0.7134 -0.0000 0.7007
vn 0.7142 -0.0000 0.7000
vn 0.7186 -0.0000 0.6955
vn 0.7310 -0.0000 0.6824
vn 0.7086 -0.0000 0.7056
vn 0.7205 -0.0000 0.6935
vn 0.8184 -0.0000 0.5747
vn 0.8910 -0.0000 0.4541
vn 0.8975 -0.0000 0.4409
vn 0.9485 -0.0000 0.3167
vn 0.9998 -0.0000 0.0216
vn 0.9650 -0.0000 -0.2623
vn 0.7237 -0.0000 -0.6901
vn 0.5793 -0.0000 -0.8151
vn 0.3816 -0.0000 -0.9243
vn 0.1367 -0.0000 -0.9906
vn -0.0240 -0.0000 -0.9997
vn -0.3775 -0.0000 -0.9260
vn -0.4788 -0.0000 -0.8779
vn -0.5757 -0.0000 -0.8177
vn -0.6404 -0.0000 -0.7681
vn -0.4655 -0.0000 -0.8851
vn -0.3533 -0.0000 -0.9355
vn -0.3011 -0.0000 -0.9536
vn -0.3800 -0.0000 -0.9250
vn -0.2999 -0.0000 -0.9540
vn 0.0251 -0.0000 -0.9997
vn 0.2239 -0.0000 -0.9746
vn 0.5339 -0.0000 -0.8456
vn 0.7426 -0.0000 -0.6697
vn 0.9129 -0.0000 -0.4082
vn 1.0000 -0.0000 0.0068
vn 0.8974 -0.0000 0.4413
vn 0.7969 -0.0000 0.6042
vn 0.8973 -0.0000 0.4413
vn 0.7759 -0.0000 0.6308
vn 0.7656 -0.0000 0.6434
vn 0.7387 -0.0000 0.6741
vn 0.5669 -0.0000 0.8238
vn 0.4802 -0.0000 0.8772
vn 0.2837 -0.0000 0.9589
vn 0.4742 -0.0000 0.8804
vn 0.5120 -0.0000 0.8590
vn 0.2359 -0.0000 0.9718
vn 0.2488 -0.0000 0.9686
vn 0.0430 -0.0000 0.9991
vn -0.0634 -0.0000 0.9980
vn -0.0662 -0.0000 0.9978
vn -0.2473 -0.0000 0.9689
vn -0.4181 -0.0000 0.9084
vn -0.4033 -0.0000 0.9151
vn -0.6690 -0.0000 0.7433
vn -0.8256 -0.0000 0.5642
vn -0.7816 -0.0000 0.6238
vn -0.8212 -0.0000 0.5707
vn -0.9310 -0.0000 0.3650
vn -0.9982 -0.0000 0.0603
vn -0.9978 -0.0000 -0.0662
vn -0.9979 -0.0000 -0.0653
vn -0.3776 -0.0000 0.9260
vn -0.4103 -0.0000 -0.9120
vn 0.4052 -0.0000 -0.9142
vn 0.9115 -0.0000 0.4114
vn -0.9935 -0.0000 -0.1140
vn -0.9921 -0.0000 0.1252
vn -0.9889 -0.0000 -0.1487
vn -0.9886 -0.0000 -0.1505
vn -0.9991 -0.0000 -0.0434
vn -0.9944 -0.0000 0.1057
vn -0.9937 -0.0000 -0.1122
vn -0.9894 -0.0000 -0.1452
vn -0.9723 -0.0000 -0.2339
vn -0.9097 -0.0000 -0.4152
vn -0.8931 -0.0000 -0.4498
vn -0.7548 -0.0000 -0.6559
vn -0.6021 -0.0000 -0.7985
vn -0.4637 -0.0000 -0.8860
vn -0.2410 -0.0000 -0.9705
vn -0.0065 -0.0000 -1.0000
vn -0.0130 -0.0000 -0.9999
vn -0.1061 -0.0000 -0.9944
vn 0.1527 -0.0000 -0.9883
vn 0.5035 -0.0000 -0.8640
vn 0.7218 -0.0000 -0.6921
vn 0.9917 -0.0000 -0.1289
vn 0.8614 -0.0000 0.5080
vn 0.9917 -0.0000 -0.1288
vn 0.5611 -0.0000 0.8277
vn -0.0049 -0.0000 1.0000
vn 0.1707 -0.0000 0.9853
vn 0.4992 -0.0000 0.8665
vn 0.2417 -0.0000 0.9704
vn 0.3831 -0.0000 0.9237
vn 0.5052 -0.0000 0.8630
vn 0.4423 -0.0000 0.8969
vn 0.6442 -0.0000 0.7648
vn 0.8082 -0.0000 0.5889
vn 0.8322 -0.0000 0.5545
vn 0.8800 -0.0000 0.4750
vn 0.9931 -0.0000 0.1170
vn 0.9995 -0.0000 0.0301
vn 0.9998 -0.0000 -0.0192
vn 0.9771 -0.0000 -0.2126
vn 0.9985 -0.0000 0.0548
vn 0.9960 -0.0000 0.0892
vn 0.9985 -0.0000 0.0554
vn 0.9969 -0.0000 0.0788
vn 0.9894 -0.0000 -0.1450
vn 0.9759 -0.0000 -0.2182
vn 0.9656 -0.0000 -0.2601
vn 0.9094 -0.0000 -0.4160
vn 0.9429 -0.0000 -0.3330
vn 0.9507 -0.0000 -0.3102
vn 0.7862 -0.0000 -0.6180
vn 0.5758 -0.0000 -0.8176
vn 0.2093 -0.0000 -0.9778
vn -0.1735 -0.0000 -0.9848
vn 0.2093 -0.0000 -0.9779
vn -0.5717 -0.0000 -0.8204
vn -0.9161 -0.0000 -0.4009
vn -0.9655 -0.0000 -0.2603
vn -0.9592 -0.0000 -0.2828
vn -0.9767 -0.0000 -0.2145
vn -0.9844 -0.0000 -0.1761
vn -0.9790 -0.0000 -0.2039
vn -0.9707 -0.0000 -0.2401
vn -0.9995 -0.0000 -0.0330
vn -0.9708 -0.0000 -0.2401
vn -0.9803 -0.0000 0.1975
vn -0.9567 -0.0000 -0.2909
vn -0.9792 -0.0000 -0.2030
vn -0.9969 -0.0000 0.0787
vn -0.9792 -0.0000 -0.2029
vn -0.9910 -0.0000 -0.1342
vn -0.9969 -0.0000 0.0786
vn -0.9830 -0.0000 -0.1836
vn -0.9787 -0.0000 -0.2054
vn -0.9998 -0.0000 -0.0222
vn -0.9886 -0.0000 -0.1509
vn -0.9479 -0.0000 -0.3186
vn -0.9851 -0.0000 -0.1719
vn -0.9968 -0.0000 -0.0803
vn -0.9771 -0.0000 -0.2127
vn -0.9910 -0.0000 -0.1336
vn -0.9999 -0.0000 -0.0151
vn -0.9989 -0.0000 -0.0473
vn -1.0000 -0.0000 0.0011
vn -0.9910 -0.0000 0.1340
vn -0.9136 -0.0000 0.4065
vn -0.9622 -0.0000 0.2725
vn -0.9136 -0.0000 0.4066
vn -0.9687 -0.0000 -0.2481
vn -0.6332 -0.0000 -0.7740
vn -0.0056 -0.0000 -1.0000
vn -0.6331 -0.0000 -0.7740
vn 0.3554 -0.0000 -0.9347
vn 0.6673 -0.0000 -0.7448
vn 0.8640 -0.0000 -0.5036
vn 0.9561 -0.0000 -0.2931
vn 0.9941 -0.0000 -0.1083
vn 0.9561 -0.0000 -0.2930
vn 1.0000 -0.0000 -0.0011
vn 1.0000 -0.0000 -0.0000
vn 0.9997 -0.0000 -0.0232
vn 0.9974 -0.0000 0.0722
vn 0.9932 -0.0000 0.1165
vn 0.9895 -0.0000 0.1447
vn 0.9885 -0.0000 0.1512
vn 0.9891 -0.0000 0.1469
vn 0.9954 -0.0000 0.0962
vn 0.9995 -0.0000 0.0317
vn 0.9947 -0.0000 0.1025
vn 0.9982 -0.0000 -0.0593
vn 0.9853 -0.0000 -0.1710
vn 1.0000 -0.0000 0.0075
vn 0.9805 -0.0000 0.1963
vn 0.9890 -0.0000 0.1480
vn 0.9954 -0.0000 0.0959
vn 0.9915 -0.0000 -0.1299
vn 0.9956 -0.0000 -0.0932
vn 0.9507 -0.0000 -0.3101
vn 0.8794 -0.0000 -0.4762
vn 0.9736 -0.0000 -0.2281
vn 1.0000 -0.0000 -0.0098
vn 0.8858 -0.0000 0.4640
vn 0.5227 -0.0000 0.8525
vn 0.3875 -0.0000 0.9219
vn 0.3634 -0.0000 0.9316
vn 0.1662 -0.0000 0.9861
vn 0.0222 -0.0000 0.9998
vn -0.1023 -0.0000 0.9948
vn -0.1587 -0.0000 0.9873
vn -0.3055 -0.0000 0.9522
vn -0.7423 -0.0000 0.6701
vn -0.6277 -0.0000 0.7785
vn -0.4457 -0.0000 0.8952
vn -0.6505 -0.0000 0.7595
vn -0.7834 -0.0000 0.6215
vn -0.8885 -0.0000 0.4590
vn -0.9215 -0.0000 0.3884
vn -0.9257 -0.0000 0.3783
vn -0.9198 -0.0000 0.3924
vn -0.9426 -0.0000 0.3340
vn -0.9651 -0.0000 0.2617
vn -0.9914 -0.0000 0.1309
vn -0.9859 -0.0000 0.1672
vn -0.9942 -0.0000 0.1078
vn 0.1278 -0.0000 0.9918
vn -0.1499 -0.0000 -0.9887
vn -0.9942 -0.0000 0.1077
vn 0.9855 -0.0000 -0.1699
vn 0.9855 -0.0000 -0.1698
vn -0.9987 -0.0000 -0.0511
vn -0.5505 -0.0000 0.8348
vn -0.3543 -0.0000 -0.9351
vn 0.8379 -0.0000 -0.5458
vn 0.6795 -0.0000 0.7337
vn 0.6794 -0.0000 0.7337
vn -0.9992 -0.0000 -0.0408
vn 0.0462 -0.0000 0.9989
vn 0.0463 -0.0000 0.9989
vn 0.1670 -0.0000 -0.9860
vn 0.9967 -0.0000 0.0806
vn -0.9820 -0.0000 -0.1891
vn -0.9992 -0.0000 0.0407
vn -0.7820 -0.0000 -0.6232
vn 0.2410 -0.0000 -0.9705
vn 0.9329 -0.0000 -0.3600
vn 0.2411 -0.0000 -0.9705
vn 0.9263 -0.0000 -0.3768
vn 0.9671 -0.0000 -0.2544
vn 0.9997 -0.0000 -0.0250
vn 0.9842 -0.0000 -0.1770
vn 0.9798 -0.0000 -0.2002
vn 0.9835 -0.0000 -0.1808
vn 0.9704 -0.0000 -0.2414
vn 0.9870 -0.0000 -0.1606
vn 0.9518 -0.0000 -0.3068
vn 0.9251 -0.0000 -0.3797
vn 0.9918 -0.0000 -0.1279
vn 0.9865 -0.0000 -0.1638
vn 0.9884 -0.0000 -0.1520
vn 0.9727 -0.0000 -0.2319
vn 0.9517 -0.0000 -0.3071
vn 0.9966 -0.0000 -0.0818
vn 0.9989 -0.0000 0.0475
vn 0.9711 -0.0000 0.2386
vn 0.9999 -0.0000 0.0169
vn 0.9729 -0.0000 -0.2314
vn 0.9956 -0.0000 -0.0938
vn 0.8919 -0.0000 -0.4523
vn 0.5069 -0.0000 -0.8620
vn -0.1972 -0.0000 -0.9804
vn 0.5068 -0.0000 -0.8620
vn -0.7593 -0.0000 -0.6507
vn -0.8476 -0.0000 -0.5306
vn -0.9093 -0.0000 -0.4162
vn -0.9451 -0.0000 -0.3269
vn -0.9538 -0.0000 -0.3005
vn -0.9537 -0.0000 -0.3008
vn -0.9274 -0.0000 -0.3741
vn -0.8150 -0.0000 -0.5794
vn -0.6022 -0.0000 -0.7983
vn -0.0444 -0.0000 -0.9990
vn 0.6569 -0.0000 -0.7539
vn 0.8423 -0.0000 -0.5390
vn 0.8871 -0.0000 -0.4616
vn 0.9557 -0.0000 -0.2942
vn 0.9804 -0.0000 -0.1971
vn 0.9793 -0.0000 -0.2026
vn 0.9535 -0.0000 -0.3015
vn 0.9491 -0.0000 -0.3151
vn 0.9409 -0.0000 -0.3388
vn 0.7448 -0.0000 -0.6673
vn 0.4741 -0.0000 -0.8805
vn -0.3453 -0.0000 -0.9385
vn -0.9287 -0.0000 -0.3708
vn -0.9437 -0.0000 -0.3308
vn -0.9727 -0.0000 -0.2321
vn -0.9866 -0.0000 -0.1630
vn -0.9954 -0.0000 -0.0957
vn -0.9985 -0.0000 -0.0553
vn -0.9892 -0.0000 -0.1464
vn -0.9941 -0.0000 -0.1086
vn -0.9397 -0.0000 0.3421
vn -0.9250 -0.0000 0.3799
vn -0.9880 -0.0000 0.1546
vn -0.9902 -0.0000 -0.1400
vn -0.8382 -0.0000 -0.5453
vn -0.5290 -0.0000 -0.8486
vn -0.0763 -0.0000 -0.9971
vn -0.0208 -0.0000 -0.9998
vn 0.1843 -0.0000 -0.9829
vn 0.5007 -0.0000 -0.8656
vn 0.8160 -0.0000 -0.5781
vn 0.9969 -0.0000 -0.0782
vn 0.9503 -0.0000 0.3113
vn 0.6809 -0.0000 0.7324
vn 0.8276 -0.0000 0.5612
vn 0.9872 -0.0000 0.1597
vn 0.9797 -0.0000 0.2003
vn 0.9510 -0.0000 0.3093
vn 0.9761 -0.0000 0.2174
vn 0.9704 -0.0000 0.2415
vn 0.9615 -0.0000 0.2747
vn 0.9810 -0.0000 0.1939
vn 0.9461 -0.0000 0.3238
vn 0.8312 -0.0000 0.5559
vn 0.8601 -0.0000 0.5101
vn 0.9176 -0.0000 0.3976
vn 0.8085 -0.0000 0.5886
vn 0.6800 -0.0000 0.7333
vn 0.8085 -0.0000 0.5885
vn 0.2600 -0.0000 0.9656
vn -0.4197 -0.0000 0.9076
vn -0.8372 -0.0000 0.5469
vn -0.9389 -0.0000 0.3442
vn -0.9643 -0.0000 0.2648
vn -0.9594 -0.0000 0.2822
vn -0.9694 -0.0000 0.2453
vn -0.9677 -0.0000 0.2520
vn -0.9709 -0.0000 0.2395
vn -0.9875 -0.0000 0.1576
vn -0.9919 -0.0000 0.1269
vn -0.9769 -0.0000 0.2137
vn -0.8832 -0.0000 0.4690
vn -0.7097 -0.0000 0.7045
vn 0.0979 -0.0000 0.9952
vn 0.8809 -0.0000 0.4732
vn 0.9324 -0.0000 0.3613
vn 0.9258 -0.0000 0.3779
vn 0.9354 -0.0000 0.3535
vn 0.9390 -0.0000 0.3440
vn 0.9389 -0.0000 0.3442
vn 0.9874 -0.0000 -0.1581
vn 0.8609 -0.0000 -0.5088
vn 0.9888 -0.0000 -0.1495
vn 0.9753 -0.0000 0.2208
vn 0.9069 -0.0000 0.4213
vn 0.9435 -0.0000 0.3314
vn 0.9352 -0.0000 0.3540
vn 0.8014 -0.0000 0.5982
vn 0.7634 -0.0000 0.6459
vn 0.6756 -0.0000 0.7373
vn 0.5324 -0.0000 0.8465
vn 0.1637 -0.0000 0.9865
vn -0.1783 -0.0000 0.9840
vn -0.3204 -0.0000 0.9473
vn -0.5967 -0.0000 0.8025
vn -0.7445 -0.0000 0.6677
vn -0.9255 -0.0000 0.3788
vn -0.9960 -0.0000 0.0888
vn -1.0000 -0.0000 -0.0017
vn -0.9993 -0.0000 -0.0382
vn -0.9998 -0.0000 0.0180
vn -0.9968 -0.0000 0.0796
vn -0.9981 -0.0000 0.0615
vn -0.9990 -0.0000 -0.0452
vn -0.9990 -0.0000 -0.0436
vn -0.9999 -0.0000 -0.0167
vn -0.9990 -0.0000 -0.0446
vn -0.9680 -0.0000 -0.2511
vn -0.9952 -0.0000 -0.0976
vn -0.9938 -0.0000 0.1111
vn -0.9690 -0.0000 0.2471
vn -0.9656 -0.0000 0.2601
vn -0.9968 -0.0000 0.0797
vn -0.9656 -0.0000 0.2602
vn -0.9922 -0.0000 0.1248
vn -0.9950 -0.0000 0.0994
vn -0.9986 -0.0000 -0.0529
vn -0.4154 -0.0000 0.9096
vn -0.4154 -0.0000 0.9097
vn -0.3082 -0.0000 -0.9513
vn 0.7736 -0.0000 -0.6336
vn 0.6805 -0.0000 0.7328
vn -0.9302 -0.0000 -0.3671
vn -0.4338 -0.0000 0.9010
vn -0.1193 -0.0000 -0.9929
vn 0.8191 -0.0000 -0.5737
vn 0.8450 -0.0000 0.5347
vn 0.8450 -0.0000 0.5348
vn -0.9993 -0.0000 -0.0365
vn -0.9892 -0.0000 0.1463
vn -0.9020 -0.0000 -0.4317
vn -0.3986 -0.0000 -0.9171
vn 0.3966 -0.0000 -0.9180
vn -0.3985 -0.0000 -0.9171
vn 0.8644 -0.0000 -0.5028
vn 0.9105 -0.0000 -0.4136
vn 0.9164 -0.0000 -0.4002
vn 0.8642 -0.0000 -0.5032
vn 0.1602 -0.0000 -0.9871
vn -0.4960 -0.0000 -0.8683
vn -0.6666 -0.0000 -0.7454
vn -0.6500 -0.0000 -0.7599
vn -0.6114 -0.0000 -0.7913
vn -0.5899 -0.0000 -0.8075
vn -0.4042 -0.0000 -0.9147
vn -0.3323 -0.0000 -0.9432
vn -0.3002 -0.0000 -0.9539
vn -0.3281 -0.0000 -0.9446
vn -0.0511 -0.0000 -0.9987
vn 0.2062 -0.0000 -0.9785
vn 0.2608 -0.0000 -0.9654
vn 0.4531 -0.0000 -0.8915
vn 0.6635 -0.0000 -0.7482
vn 0.8397 -0.0000 -0.5430
vn 0.9658 -0.0000 -0.2594
vn 0.9957 -0.0000 0.0925
vn 0.9380 -0.0000 0.3465
vn 0.8657 -0.0000 0.5006
vn 0.7728 -0.0000 0.6347
vn 0.6260 -0.0000 0.7798
vn 0.3898 -0.0000 0.9209
vn 0.6260 -0.0000 0.7799
vn 0.1485 -0.0000 0.9889
vn 0.1756 -0.0000 0.9845
vn 0.3845 -0.0000 0.9231
vn 0.4962 -0.0000 0.8682
vn 0.4225 -0.0000 0.9064
vn 0.3382 -0.0000 0.9411
vn 0.6810 -0.0000 0.7323
vn 0.9975 -0.0000 -0.0700
vn 0.8432 -0.0000 -0.5376
vn 0.7467 -0.0000 -0.6652
vn 0.4931 -0.0000 -0.8700
vn 0.1718 -0.0000 -0.9851
vn 0.4930 -0.0000 -0.8700
vn -0.0523 -0.0000 -0.9986
vn -0.0825 -0.0000 -0.9966
vn -0.2219 -0.0000 -0.9751
vn -0.4857 -0.0000 -0.8741
vn -0.3494 -0.0000 -0.9370
vn -0.0735 -0.0000 -0.9973
vn -0.1255 -0.0000 -0.9921
vn 0.2375 -0.0000 -0.9714
vn 0.5911 -0.0000 -0.8066
vn 0.9079 -0.0000 -0.4192
vn 0.9957 -0.0000 0.0931
vn 0.8859 -0.0000 0.4640
vn 0.7814 -0.0000 0.6240
vn 0.7193 -0.0000 0.6947
vn 0.5537 -0.0000 0.8327
vn 0.5546 -0.0000 0.8321
vn 0.5269 -0.0000 0.8499
vn 0.3026 -0.0000 0.9531
vn 0.1356 -0.0000 0.9908
vn -0.0983 -0.0000 0.9952
vn -0.3689 -0.0000 0.9295
vn -0.3845 -0.0000 0.9231
vn -0.4320 -0.0000 0.9019
vn -0.6314 -0.0000 0.7754
vn -0.7835 -0.0000 0.6213
vn -0.9019 -0.0000 0.4320
vn -0.9540 -0.0000 0.2997
vn -0.9618 -0.0000 0.2738
vn -0.9507 -0.0000 0.3100
vn -0.9790 -0.0000 0.2040
vn -1.0000 -0.0000 0.0066
vn -0.9965 -0.0000 0.0836
vn -0.9851 -0.0000 0.1720
vn -0.9853 -0.0000 0.1707
vn -0.9615 -0.0000 0.2749
vn -0.9421 -0.0000 0.3354
vn -0.9600 -0.0000 0.2801
vn -0.9653 -0.0000 -0.2613
vn -0.3166 -0.0000 0.9486
vn -0.1515 -0.0000 -0.9885
vn 0.9138 -0.0000 -0.4063
vn 0.7526 -0.0000 0.6584
vn 0.7526 -0.0000 0.6585
vn 0.9679 -0.0000 -0.2514
vn 0.9971 -0.0000 0.0755
vn 0.5859 -0.0000 -0.8104
vn 0.9679 -0.0000 -0.2513
vn 0.0945 -0.0000 -0.9955
vn -0.2505 -0.0000 -0.9681
vn -0.3599 -0.0000 -0.9330
vn -0.3911 -0.0000 -0.9204
vn -0.3205 -0.0000 -0.9472
vn -0.3911 -0.0000 -0.9203
vn -0.3062 -0.0000 -0.9520
vn -0.5221 -0.0000 -0.8529
vn -0.7235 -0.0000 -0.6903
vn -0.8348 -0.0000 -0.5505
vn -0.9258 -0.0000 -0.3780
vn -0.9559 -0.0000 -0.2936
vn -0.9802 -0.0000 -0.1979
vn -0.9754 -0.0000 0.2204
vn -0.6497 -0.0000 0.7602
vn -0.1435 -0.0000 0.9896
vn 0.1222 -0.0000 0.9925
vn 0.5067 -0.0000 0.8621
vn 0.4090 -0.0000 0.9125
vn 0.7163 -0.0000 0.6978
vn 0.8161 -0.0000 0.5778
vn 0.9302 -0.0000 0.3671
vn -0.9992 -0.0000 -0.0396
vn -0.9899 -0.0000 0.1417
vn -0.9712 -0.0000 -0.2383
vn -0.9392 -0.0000 -0.3434
vn -0.8166 -0.0000 -0.5772
vn -0.6190 -0.0000 -0.7854
vn -0.5088 -0.0000 -0.8609
vn -0.4223 -0.0000 -0.9065
vn -0.2906 -0.0000 -0.9568
vn -0.0985 -0.0000 -0.9951
vn 0.1091 -0.0000 -0.9940
vn 0.2523 -0.0000 -0.9676
vn 0.5692 -0.0000 -0.8222
vn 0.8593 -0.0000 -0.5115
vn 0.9654 -0.0000 -0.2608
vn 0.9989 -0.0000 0.0462
vn 0.9270 -0.0000 0.3750
vn 0.4792 -0.0000 0.8777
vn -0.3310 -0.0000 0.9436
vn -0.9013 -0.0000 0.4332
vn -0.9973 -0.0000 0.0735
vn -0.8201 -0.0000 0.5723
vn -0.2471 -0.0000 0.9690
vn 0.0985 -0.0000 0.9951
vn 0.2677 -0.0000 0.9635
vn 0.5251 -0.0000 0.8510
vn 0.7433 -0.0000 0.6689
vn 0.8923 -0.0000 0.4515
vn 0.9740 -0.0000 0.2266
vn 0.9961 -0.0000 0.0879
vn 0.9680 -0.0000 -0.2508
vn 0.9200 -0.0000 -0.3920
vn 0.9832 -0.0000 -0.1826
vn 0.9540 -0.0000 -0.2999
vn 0.8724 -0.0000 -0.4887
vn 0.9540 -0.0000 -0.3000
vn 0.8509 -0.0000 -0.5254
vn 0.7135 -0.0000 -0.7007
vn 0.4448 -0.0000 -0.8956
vn 0.7134 -0.0000 -0.7007
vn 0.2747 -0.0000 -0.9615
vn 0.4448 -0.0000 -0.8957
vn 0.1045 -0.0000 -0.9945
vn -0.3586 -0.0000 -0.9335
vn -0.6632 -0.0000 -0.7484
vn -0.8254 -0.0000 -0.5646
vn -0.9330 -0.0000 -0.3599
vn -0.9756 -0.0000 -0.2194
vn -0.9988 -0.0000 0.0490
vn -0.9560 -0.0000 -0.2933
vn -0.6562 -0.0000 -0.7546
vn -0.6797 -0.0000 -0.7335
vn -0.8596 -0.0000 -0.5110
vn -0.9871 -0.0000 -0.1602
vn -0.9975 -0.0000 -0.0709
vn -0.9966 -0.0000 -0.0825
vn -0.9991 -0.0000 -0.0426
vn -0.9927 -0.0000 -0.1207
vn -0.9466 -0.0000 -0.3224
vn -0.9701 -0.0000 -0.2429
vn -0.9825 -0.0000 -0.1862
vn -0.9838 -0.0000 -0.1793
vn -0.9843 -0.0000 -0.1765
vn -0.9883 -0.0000 -0.1523
vn -0.9684 -0.0000 -0.2492
vn -0.9713 -0.0000 -0.2377
vn -0.9684 -0.0000 -0.2493
vn -0.9783 -0.0000 -0.2073
vn -0.9443 -0.0000 -0.3290
vn -0.9659 -0.0000 -0.2590
vn -0.9743 -0.0000 -0.2251
vn -0.9820 -0.0000 -0.1889
vn -0.9955 -0.0000 -0.0952
vn -1.0000 -0.0000 -0.0056
vn -0.9976 -0.0000 0.0689
vn -0.9728 -0.0000 0.2315
vn -0.9963 -0.0000 0.0864
vn -0.8665 -0.0000 -0.4993
vn -0.6883 -0.0000 -0.7255
vn 0.0365 -0.0000 -0.9993
vn 0.8969 -0.0000 -0.4423
vn 0.9902 -0.0000 -0.1399
vn 0.9993 -0.0000 -0.0384
vn 0.9994 -0.0000 0.0344
vn 0.9947 -0.0000 0.1028
vn 0.9993 -0.0000 0.0373
vn 0.9657 -0.0000 0.2598
vn 0.8881 -0.0000 0.4596
vn 0.9441 -0.0000 0.3296
vn 0.9419 -0.0000 0.3359
vn 0.9637 -0.0000 0.2670
vn 0.9363 -0.0000 0.3513
vn 0.9993 -0.0000 0.0371
vn 0.9796 -0.0000 -0.2008
vn 0.9997 -0.0000 -0.0244
vn 0.9990 -0.0000 0.0453
vn 0.9992 -0.0000 -0.0395
vn 0.9986 -0.0000 -0.0527
vn 0.9992 -0.0000 -0.0396
vn 0.9571 -0.0000 0.2896
vn 0.9890 -0.0000 0.1477
vn 0.9995 -0.0000 -0.0327
vn 0.9979 -0.0000 0.0641
vn 1.0000 -0.0000 0.0073
vn 0.9999 -0.0000 -0.0153
vn 0.9914 -0.0000 -0.1308
vn 0.7973 -0.0000 -0.6036
vn 0.9402 -0.0000 -0.3407
vn 0.9361 -0.0000 0.3517
vn 0.9601 -0.0000 0.2796
vn 0.9968 -0.0000 -0.0799
vn 0.9914 -0.0000 -0.1311
vn 0.8884 -0.0000 -0.4591
vn 0.9260 -0.0000 -0.3775
vn 0.9879 -0.0000 -0.1550
vn 0.9985 -0.0000 -0.0553
vn 0.9537 -0.0000 0.3006
vn 0.7805 -0.0000 0.6252
vn 0.4036 -0.0000 0.9149
vn -0.1314 -0.0000 0.9913
vn 0.4036 -0.0000 0.9150
vn -0.2632 -0.0000 0.9647
vn -0.6485 -0.0000 0.7612
vn -0.9548 -0.0000 0.2972
vn -0.9368 -0.0000 0.3500
vn -0.4614 -0.0000 0.8872
vn 0.2439 -0.0000 0.9698
vn 0.2743 -0.0000 0.9616
vn 0.0339 -0.0000 0.9994
vn -0.1716 -0.0000 0.9852
vn -0.3908 -0.0000 0.9205
vn -0.4744 -0.0000 0.8803
vn -0.5519 -0.0000 0.8339
vn -0.4743 -0.0000 0.8803
vn -0.7597 -0.0000 0.6503
vn -0.9204 -0.0000 0.3909
vn -0.9565 -0.0000 0.2916
vn -0.9541 -0.0000 0.2996
vn -0.9704 -0.0000 0.2415
vn -0.9805 -0.0000 0.1964
vn -0.0901 -0.0000 0.9959
vn -0.6658 -0.0000 -0.7462
vn 0.4518 -0.0000 -0.8921
vn -0.6657 -0.0000 -0.7462
vn 0.9319 -0.0000 0.3628
vn 0.9318 -0.0000 0.3629
vn -0.9265 -0.0000 0.3763
vn -0.0156 -0.0000 0.9999
vn -0.6070 -0.0000 -0.7947
vn 0.4472 -0.0000 -0.8944
vn 0.9975 -0.0000 0.0709
vn -0.9992 -0.0000 0.0399
vn -0.8805 -0.0000 0.4741
vn -0.9537 -0.0000 -0.3006
vn -0.9992 -0.0000 0.0398
vn -0.8811 -0.0000 -0.4729
vn -0.6289 -0.0000 -0.7775
vn -0.1549 -0.0000 -0.9879
vn 0.2350 -0.0000 -0.9720
vn 0.2138 -0.0000 -0.9769
vn 0.1387 -0.0000 -0.9903
vn -0.1810 -0.0000 -0.9835
vn -0.4314 -0.0000 -0.9022
vn -0.6197 -0.0000 -0.7848
vn -0.7612 -0.0000 -0.6485
vn -0.8456 -0.0000 -0.5339
vn -0.9212 -0.0000 -0.3890
vn -0.9459 -0.0000 -0.3245
vn -0.8582 -0.0000 -0.5134
vn -0.9900 -0.0000 -0.1409
vn -0.9994 -0.0000 -0.0333
vn -0.9804 -0.0000 0.1972
vn -0.8303 -0.0000 0.5574
vn -0.5628 -0.0000 0.8266
vn -0.8302 -0.0000 0.5574
vn -0.3498 -0.0000 0.9368
vn -0.3575 -0.0000 0.9339
vn -0.2117 -0.0000 0.9773
vn 0.0898 -0.0000 0.9960
vn 0.2946 -0.0000 0.9556
vn 0.5159 -0.0000 0.8566
vn 0.2769 -0.0000 0.9609
vn -0.5413 -0.0000 0.8408
vn -0.9920 -0.0000 0.1264
vn -0.8325 -0.0000 -0.5540
vn -0.5327 -0.0000 -0.8463
vn -0.4028 -0.0000 -0.9153
vn -0.3394 -0.0000 -0.9406
vn -0.2303 -0.0000 -0.9731
vn -0.1249 -0.0000 -0.9922
vn 0.0030 -0.0000 -1.0000
vn 0.2516 -0.0000 -0.9678
vn 0.4000 -0.0000 -0.9165
vn 0.4857 -0.0000 -0.8741
vn 0.4619 -0.0000 -0.8870
vn 0.6925 -0.0000 -0.7214
vn 0.9038 -0.0000 -0.4279
vn 0.9307 -0.0000 -0.3657
vn 0.9823 -0.0000 -0.1873
vn 0.9850 -0.0000 -0.1726
vn 0.9828 -0.0000 -0.1848
vn 0.9978 -0.0000 -0.0662
vn 1.0000 -0.0000 0.0070
vn 0.9934 -0.0000 0.1149
vn 0.9524 -0.0000 0.3048
vn 0.9321 -0.0000 0.3622
vn 0.9894 -0.0000 0.1452
vn 0.8379 -0.0000 0.5458
vn 0.5566 -0.0000 0.8308
vn 0.3625 -0.0000 0.9320
vn 0.3146 -0.0000 0.9492
vn 0.3294 -0.0000 0.9442
vn 0.1988 -0.0000 0.9800
vn 0.1639 -0.0000 0.9865
vn 0.2957 -0.0000 0.9553
vn 0.3102 -0.0000 0.9507
vn 0.2618 -0.0000 0.9651
vn 0.0957 -0.0000 0.9954
vn -0.1240 -0.0000 0.9923
vn -0.2435 -0.0000 0.9699
vn -0.4645 -0.0000 0.8856
vn -0.5743 -0.0000 0.8187
vn -0.6362 -0.0000 0.7715
vn -0.9571 -0.0000 -0.2898
vn -0.7071 -0.0000 0.7071
vn -0.1247 -0.0000 -0.9922
vn 0.7039 -0.0000 -0.7103
vn 1.0000 -0.0000 0.0032
vn 0.3997 -0.0000 0.9166
vn -0.9924 -0.0000 0.1230
vn -0.9171 -0.0000 -0.3986
vn -0.7184 -0.0000 -0.6956
vn -0.3245 -0.0000 -0.9459
vn 0.3694 -0.0000 -0.9293
vn 0.9971 -0.0000 0.0756
vn 0.3695 -0.0000 -0.9292
vn 0.8648 -0.0000 0.5021
vn 0.9863 -0.0000 0.1651
vn 0.9998 -0.0000 0.0218
vn 0.9898 -0.0000 -0.1426
vn 0.9944 -0.0000 -0.1060
vn 0.9985 -0.0000 0.0551
vn 0.9758 -0.0000 -0.2186
vn 0.9170 -0.0000 -0.3989
vn 0.9966 -0.0000 0.0819
vn 0.9990 -0.0000 -0.0445
vn 0.9806 -0.0000 -0.1961
vn 0.9990 -0.0000 -0.0444
vn 0.9880 -0.0000 -0.1542
vn 0.8672 -0.0000 -0.4980
vn 0.7860 -0.0000 -0.6182
vn 0.8361 -0.0000 -0.5485
vn 0.9289 -0.0000 -0.3703
vn 0.8621 -0.0000 -0.5067
vn 0.6783 -0.0000 -0.7348
vn 0.3827 -0.0000 -0.9239
vn -0.0967 -0.0000 -0.9953
vn -0.3489 -0.0000 -0.9372
vn -0.6907 -0.0000 -0.7232
vn -0.8997 -0.0000 -0.4365
vn -0.9615 -0.0000 -0.2749
vn -0.9528 -0.0000 -0.3037
vn -0.9599 -0.0000 -0.2803
vn -0.9937 -0.0000 -0.1117
vn -0.9996 -0.0000 -0.0270
vn -0.9984 -0.0000 -0.0569
vn -0.9971 -0.0000 0.0763
vn -0.9944 -0.0000 0.1055
vn -0.9963 -0.0000 0.0862
vn -0.9984 -0.0000 0.0569
vn -0.9995 -0.0000 -0.0303
vn -0.9715 -0.0000 -0.2371
vn -0.9006 -0.0000 -0.4346
vn -0.5550 -0.0000 -0.8319
vn 0.2112 -0.0000 -0.9774
vn 0.6398 -0.0000 -0.7686
vn 0.9757 -0.0000 -0.2193
vn 0.9998 -0.0000 0.0207
vn 0.9910 -0.0000 -0.1337
vn 0.9860 -0.0000 -0.1669
vn 0.9999 -0.0000 0.0101
vn 0.9999 -0.0000 -0.0159
vn 0.9821 -0.0000 -0.1884
vn 0.9945 -0.0000 -0.1046
vn 0.9946 -0.0000 -0.1036
vn 0.9775 -0.0000 -0.2109
vn 0.9709 -0.0000 -0.2395
vn 0.9912 -0.0000 -0.1327
vn 0.9954 -0.0000 -0.0954
vn 0.9866 -0.0000 -0.1632
vn 1.0000 -0.0000 -0.0036
vn 0.9911 -0.0000 -0.1331
vn 0.9724 -0.0000 -0.2333
vn 0.9998 -0.0000 -0.0189
vn 0.9567 -0.0000 -0.2910
vn 0.9865 -0.0000 -0.1639
vn 0.9949 -0.0000 -0.1010
vn 0.9998 -0.0000 0.0196
vn 0.9861 -0.0000 -0.1661
vn 0.9794 -0.0000 0.2019
vn 0.9678 -0.0000 -0.2519
vn 0.9546 -0.0000 -0.2978
vn 0.9595 -0.0000 -0.2816
vn 0.9878 -0.0000 -0.1560
vn 0.9988 -0.0000 -0.0487
vn 0.9806 -0.0000 -0.1962
vn 0.9916 -0.0000 -0.1293
vn 0.9623 -0.0000 0.2718
vn 0.8781 -0.0000 0.4784
vn 0.3939 -0.0000 0.9191
vn 0.3554 -0.0000 0.9347
vn 0.8852 -0.0000 0.4652
vn 0.6360 -0.0000 0.7717
vn 0.0711 -0.0000 0.9975
vn -0.1149 -0.0000 0.9934
vn -0.3448 -0.0000 0.9387
vn -0.7054 -0.0000 0.7088
vn -0.8575 -0.0000 0.5145
vn -0.8575 -0.0000 0.5144
vn -0.9358 -0.0000 -0.3525
vn -0.9955 -0.0000 -0.0953
vn -0.9381 -0.0000 -0.3463
vn -0.9799 -0.0000 -0.1996
vn -0.9934 -0.0000 -0.1143
vn -0.9967 -0.0000 -0.0808
vn -0.9987 -0.0000 0.0510
vn -0.9883 -0.0000 0.1526
vn -0.9998 -0.0000 0.0213
vn -0.9998 -0.0000 0.0222
vn -1.0000 -0.0000 0.0018
vn -0.9998 -0.0000 -0.0204
vn -0.3633 -0.0000 0.9317
vn 0.7676 -0.0000 0.6410
vn 0.5871 -0.0000 0.8095
vn 0.1167 -0.0000 0.9932
vn -0.1214 -0.0000 0.9926
vn -0.2425 -0.0000 0.9701
vn -0.4282 -0.0000 0.9037
vn -0.6767 -0.0000 0.7362
vn -0.8432 -0.0000 0.5376
vn -0.9811 -0.0000 0.1936
vn -0.9984 -0.0000 0.0563
vn -0.9971 -0.0000 0.0767
vn -0.9998 -0.0000 0.0204
vn -0.9987 -0.0000 0.0511
vn -0.9987 -0.0000 -0.0507
vn -0.9999 -0.0000 0.0142
vn -0.9957 -0.0000 0.0925
vn -0.9846 -0.0000 -0.1747
vn -0.2497 -0.0000 0.9683
vn -0.2498 -0.0000 0.9683
vn -0.1630 -0.0000 -0.9866
vn 0.8606 -0.0000 -0.5093
vn 0.7528 -0.0000 0.6582
vn 0.7529 -0.0000 0.6582
vn -0.9841 -0.0000 0.1777
vn -0.5138 -0.0000 0.8579
vn -0.8835 -0.0000 -0.4684
vn -0.7836 -0.0000 -0.6212
vn -0.9680 -0.0000 0.2508
vn -0.8453 -0.0000 0.5343
vn -0.9523 -0.0000 0.3052
vn -0.8640 -0.0000 -0.5035
vn -0.7091 -0.0000 -0.7051
vn -0.3697 -0.0000 -0.9292
vn -0.7092 -0.0000 -0.7051
vn -0.0040 -0.0000 -1.0000
vn 0.3161 -0.0000 -0.9487
vn 0.5585 -0.0000 -0.8295
vn 0.6717 -0.0000 -0.7409
vn 0.7660 -0.0000 -0.6428
vn 0.8672 -0.0000 -0.4979
vn 0.9621 -0.0000 -0.2726
vn 1.0000 -0.0000 0.0050
vn 0.9502 -0.0000 0.3118
vn 1.0000 -0.0000 0.0051
vn 0.8484 -0.0000 0.5293
vn 0.6389 -0.0000 0.7693
vn 0.3254 -0.0000 0.9456
vn 0.1328 -0.0000 0.9911
vn 0.1882 -0.0000 0.9821
vn 0.1745 -0.0000 0.9847
vn -0.0154 -0.0000 0.9999
vn -0.9637 -0.0000 -0.2669
vn -0.9153 -0.0000 0.4027
vn -0.6863 -0.0000 -0.7273
vn -0.5610 -0.0000 -0.8278
vn -0.8506 -0.0000 -0.5257
vn -0.9833 -0.0000 -0.1818
vn -0.8507 -0.0000 -0.5257
vn -0.9991 -0.0000 -0.0424
vn -0.9981 -0.0000 -0.0609
vn -0.9991 -0.0000 -0.0425
vn -0.9781 -0.0000 -0.2081
vn -0.9962 -0.0000 -0.0871
vn -0.9989 -0.0000 0.0464
vn -0.9999 -0.0000 -0.0158
vn -0.9981 -0.0000 -0.0621
vn -0.9940 -0.0000 0.1091
vn -0.9997 -0.0000 0.0253
vn -0.9986 -0.0000 0.0521
vn -0.9997 -0.0000 0.0254
vn -0.9813 -0.0000 0.1922
vn -0.9985 -0.0000 0.0553
vn -0.9814 -0.0000 0.1922
vn -0.9802 -0.0000 0.1980
vn -0.9841 -0.0000 0.1775
vn -0.9749 -0.0000 0.2228
vn -0.9820 -0.0000 0.1891
vn -0.9782 -0.0000 0.2076
vn -0.9990 -0.0000 -0.0444
vn -0.6663 -0.0000 -0.7457
vn 0.0818 -0.0000 -0.9966
vn 0.7534 -0.0000 -0.6575
vn 0.9431 -0.0000 -0.3326
vn 0.9721 -0.0000 -0.2347
vn 0.9431 -0.0000 -0.3325
vn 0.9424 -0.0000 -0.3346
vn 0.9732 -0.0000 -0.2298
vn 0.9776 -0.0000 -0.2105
vn 0.9956 -0.0000 -0.0940
vn 0.9907 -0.0000 -0.1361
vn 0.9857 -0.0000 -0.1685
vn 0.9890 -0.0000 -0.1477
vn 0.9857 -0.0000 -0.1684
vn 0.9901 -0.0000 -0.1407
vn 0.9999 -0.0000 0.0128
vn 1.0000 -0.0000 0.0040
vn 0.9994 -0.0000 -0.0344
vn 0.7308 -0.0000 -0.6826
vn 0.6277 -0.0000 -0.7785
vn 0.8668 -0.0000 -0.4986
vn 0.9715 -0.0000 -0.2369
vn 0.9960 -0.0000 -0.0898
vn 0.9984 -0.0000 0.0569
vn 0.9997 -0.0000 -0.0235
vn 0.9926 -0.0000 -0.1217
vn 0.9783 -0.0000 -0.2074
vn 1.0000 -0.0000 -0.0065
vn 0.9037 -0.0000 0.4282
vn 0.6312 -0.0000 0.7756
vn 0.3022 -0.0000 0.9533
vn 0.0098 -0.0000 1.0000
vn -0.4627 -0.0000 0.8865
vn -0.6524 -0.0000 0.7579
vn -0.4628 -0.0000 0.8865
vn -0.3404 -0.0000 0.9403
vn -0.3827 -0.0000 0.9239
vn -0.6340 -0.0000 0.7733
vn -0.6170 -0.0000 0.7869
vn -0.9392 -0.0000 -0.3433
vn 0.9680 -0.0000 -0.2509
vn 0.4447 -0.0000 -0.8957
vn 0.9419 -0.0000 0.3358
vn 0.9363 -0.0000 0.3512
vn 0.9571 -0.0000 0.2897
vn 0.9968 -0.0000 -0.0798
vn -0.3909 -0.0000 0.9205
vn -0.9265 -0.0000 0.3764
vt 0.828767 0.000000
vt 0.842466 0.000000
vt 0.835616 0.000000
vt 0.849315 0.000000
vt 0.856164 0.000000
vt 0.821918 0.000000
vt 0.863014 0.000000
vt 0.815068 0.000000
vt 0.869863 0.000000
vt 0.808219 0.000000
vt 0.801370 0.000000
vt 0.890411 0.000000
vt 0.904110 0.000000
vt 0.897260 0.000000
vt 0.910959 0.000000
vt 0.876712 0.000000
vt 0.883562 0.000000
vt 0.917808 0.000000
vt 0.924658 0.000000
vt 0.931507 0.000000
vt 0.794521 0.000000
vt 0.938356 0.000000
vt 0.787671 0.000000
vt 0.301370 0.000000
vt 0.945205 0.000000
vt 0.308219 0.000000
vt 0.294521 0.000000
vt 0.315068 0.000000
vt 0.780822 0.000000
vt 0.287671 0.000000
vt 0.280822 0.000000
vt 0.773973 0.000000
vt 0.273973 0.000000
vt 0.952055 0.000000
vt 0.321918 0.000000
vt 0.267123 0.000000
vt 0.328767 0.000000
vt 0.767123 0.000000
vt 0.958904 0.000000
vt 0.260274 0.000000
vt 0.335616 0.000000
vt 0.760274 0.000000
vt 0.253425 0.000000
vt 0.965753 0.000000
vt 0.342466 0.000000
vt 0.753425 0.000000
vt 0.246575 0.000000
vt 0.034247 0.000000
vt 0.746575 0.000000
vt 0.349315 0.000000
vt 0.739726 0.000000
vt 0.239726 0.000000
vt 0.041096 0.000000
vt 0.356164 0.000000
vt 0.732877 0.000000
vt 0.363014 0.000000
vt 0.232877 0.000000
vt 0.369863 0.000000
vt 0.047945 0.000000
vt 0.726027 0.000000
vt 0.376712 0.000000
vt 0.226027 0.000000
vt 0.383562 0.000000
vt 0.054795 0.000000
vt 0.719178 0.000000
vt 0.219178 0.000000
vt 0.390411 0.000000
vt 0.061644 0.000000
vt 0.712329 0.000000
vt 0.397260 0.000000
vt 0.212329 0.000000
vt 0.143836 0.000000
vt 0.157534 0.000000
vt 0.150685 0.000000
vt 0.164384 0.000000
vt 0.705479 0.000000
vt 0.404110 0.000000
vt 0.171233 0.000000
vt 0.136986 0.000000
vt 0.130137 0.000000
vt 0.410959 0.000000
vt 0.178082 0.000000
vt 0.068493 0.000000
vt 0.205479 0.000000
vt 0.123288 0.000000
vt 0.698630 0.000000
vt 0.417808 0.000000
vt 0.075342 0.000000
vt 0.184932 0.000000
vt 0.198630 0.000000
vt 0.116438 0.000000
vt 0.082192 0.000000
vt 0.191781 0.000000
vt 0.424658 0.000000
vt 0.089041 0.000000
vt 0.691781 0.000000
vt 0.109589 0.000000
vt 0.102740 0.000000
vt 0.095890 0.000000
vt 0.431507 0.000000
vt 0.684932 0.000000
vt 0.438356 0.000000
vt 0.678082 0.000000
vt 0.671233 0.000000
vt 0.445205 0.000000
vt 0.664384 0.000000
vt 0.452055 0.000000
vt 0.657534 0.000000
vt 0.458904 0.000000
vt 0.650685 0.000000
vt 0.465753 0.000000
vt 0.643836 0.000000
vt 0.472603 0.000000
vt 0.636986 0.000000
vt 1.000000 0.000000
vt 0.979452 0.000000
vt 0.972603 0.000000
vt 0.479452 0.000000
vt 0.986301 0.000000
vt 0.630137 0.000000
vt 0.993151 0.000000
vt 0.623288 0.000000
vt 0.486301 0.000000
vt 0.616438 0.000000
vt 0.493151 0.000000
vt 0.609589 0.000000
vt 0.500000 0.000000
vt 0.602740 0.000000
vt 0.595890 0.000000
vt 0.506849 0.000000
vt 0.589041 0.000000
vt 0.513699 0.000000
vt 0.582192 0.000000
vt 0.520548 0.000000
vt 0.575342 0.000000
vt 0.527397 0.000000
vt 0.568493 0.000000
vt 0.534247 0.000000
vt 0.561644 0.000000
vt 0.541096 0.000000
vt 0.547945 0.000000
vt 0.554795 0.000000
vt 0.027397 0.000000
vt 0.006849 0.000000
vt 0.000000 0.000000
vt 0.020548 0.000000
vt 0.013699 0.000000
vt 0.714286 0.000000
vt 0.683673 0.000000
vt 0.673469 0.000000
vt 0.704082 0.000000
vt 0.693878 0.000000
vt 0.989796 0.000000
vt 0.724490 0.000000
vt 0.979592 0.000000
vt 0.734694 0.000000
vt 0.969388 0.000000
vt 0.959184 0.000000
vt 0.744898 0.000000
vt 0.948980 0.000000
vt 0.755102 0.000000
vt 0.938776 0.000000
vt 0.928571 0.000000
vt 0.765306 0.000000
vt 0.775510 0.000000
vt 0.918367 0.000000
vt 0.785714 0.000000
vt 0.908163 0.000000
vt 0.795918 0.000000
vt 0.897959 0.000000
vt 0.806122 0.000000
vt 0.887755 0.000000
vt 0.816327 0.000000
vt 0.877551 0.000000
vt 0.826531 0.000000
vt 0.867347 0.000000
vt 0.836735 0.000000
vt 0.857143 0.000000
vt 0.846939 0.000000
vt 0.591837 0.000000
vt 0.612245 0.000000
vt 0.602041 0.000000
vt 0.581633 0.000000
vt 0.622449 0.000000
vt 0.571429 0.000000
vt 0.632653 0.000000
vt 0.561224 0.000000
vt 0.642857 0.000000
vt 0.653061 0.000000
vt 0.663265 0.000000
vt 0.551020 0.000000
vt 0.010204 0.000000
vt 0.540816 0.000000
vt 0.020408 0.000000
vt 0.530612 0.000000
vt 0.030612 0.000000
vt 0.040816 0.000000
vt 0.051020 0.000000
vt 0.520408 0.000000
vt 0.061224 0.000000
vt 0.510204 0.000000
vt 0.071429 0.000000
vt 0.081633 0.000000
vt 0.091837 0.000000
vt 0.102041 0.000000
vt 0.489796 0.000000
vt 0.112245 0.000000
vt 0.479592 0.000000
vt 0.469388 0.000000
vt 0.122449 0.000000
vt 0.459184 0.000000
vt 0.448980 0.000000
vt 0.132653 0.000000
vt 0.438776 0.000000
vt 0.428571 0.000000
vt 0.142857 0.000000
vt 0.418367 0.000000
vt 0.153061 0.000000
vt 0.408163 0.000000
vt 0.163265 0.000000
vt 0.397959 0.000000
vt 0.173469 0.000000
vt 0.183673 0.000000
vt 0.387755 0.000000
vt 0.193878 0.000000
vt 0.377551 0.000000
vt 0.204082 0.000000
vt 0.367347 0.000000
vt 0.357143 0.000000
vt 0.214286 0.000000
vt 0.346939 0.000000
vt 0.224490 0.000000
vt 0.234694 0.000000
vt 0.336735 0.000000
vt 0.326531 0.000000
vt 0.244898 0.000000
vt 0.316327 0.000000
vt 0.255102 0.000000
vt 0.306122 0.000000
vt 0.265306 0.000000
vt 0.295918 0.000000
vt 0.275510 0.000000
vt 0.285714 0.000000
vt 0.690476 0.000000
vt 0.706349 0.000000
vt 0.698413 0.000000
vt 0.722222 0.000000
vt 0.682540 0.000000
vt 0.730159 0.000000
vt 0.674603 0.000000
vt 0.658730 0.000000
vt 0.666667 0.000000
vt 0.738095 0.000000
vt 0.650794 0.000000
vt 0.746032 0.000000
vt 0.753968 0.000000
vt 0.634921 0.000000
vt 0.761905 0.000000
vt 0.626984 0.000000
vt 0.769841 0.000000
vt 0.619048 0.000000
vt 0.777778 0.000000
vt 0.611111 0.000000
vt 0.603175 0.000000
vt 0.595238 0.000000
vt 0.793651 0.000000
vt 0.587302 0.000000
vt 0.579365 0.000000
vt 0.801587 0.000000
vt 0.563492 0.000000
vt 0.809524 0.000000
vt 0.817460 0.000000
vt 0.555556 0.000000
vt 0.547619 0.000000
vt 0.825397 0.000000
vt 0.539683 0.000000
vt 0.833333 0.000000
vt 0.531746 0.000000
vt 0.841270 0.000000
vt 0.523810 0.000000
vt 0.849206 0.000000
vt 0.865079 0.000000
vt 0.880952 0.000000
vt 0.873016 0.000000
vt 0.515873 0.000000
vt 0.888889 0.000000
vt 0.896825 0.000000
vt 0.904762 0.000000
vt 0.912698 0.000000
vt 0.507937 0.000000
vt 0.920635 0.000000
vt 0.206349 0.000000
vt 0.198413 0.000000
vt 0.190476 0.000000
vt 0.492063 0.000000
vt 0.222222 0.000000
vt 0.182540 0.000000
vt 0.230159 0.000000
vt 0.174603 0.000000
vt 0.936508 0.000000
vt 0.484127 0.000000
vt 0.238095 0.000000
vt 0.166667 0.000000
vt 0.944444 0.000000
vt 0.476190 0.000000
vt 0.158730 0.000000
vt 0.468254 0.000000
vt 0.246032 0.000000
vt 0.150794 0.000000
vt 0.952381 0.000000
vt 0.253968 0.000000
vt 0.460317 0.000000
vt 0.134921 0.000000
vt 0.261905 0.000000
vt 0.960317 0.000000
vt 0.452381 0.000000
vt 0.126984 0.000000
vt 0.269841 0.000000
vt 0.119048 0.000000
vt 0.968254 0.000000
vt 0.111111 0.000000
vt 0.277778 0.000000
vt 0.444444 0.000000
vt 0.976190 0.000000
vt 0.103175 0.000000
vt 0.436508 0.000000
vt 0.095238 0.000000
vt 0.293651 0.000000
vt 0.984127 0.000000
vt 0.087302 0.000000
vt 0.992063 0.000000
vt 0.420635 0.000000
vt 0.079365 0.000000
vt 0.412698 0.000000
vt 0.301587 0.000000
vt 0.404762 0.000000
vt 0.396825 0.000000
vt 0.007937 0.000000
vt 0.309524 0.000000
vt 0.063492 0.000000
vt 0.388889 0.000000
vt 0.015873 0.000000
vt 0.055556 0.000000
vt 0.317460 0.000000
vt 0.047619 0.000000
vt 0.023810 0.000000
vt 0.039683 0.000000
vt 0.325397 0.000000
vt 0.031746 0.000000
vt 0.380952 0.000000
vt 0.333333 0.000000
vt 0.373016 0.000000
vt 0.341270 0.000000
vt 0.365079 0.000000
vt 0.349206 0.000000
vt 0.924051 0.000000
vt 0.949367 0.000000
vt 0.936709 0.000000
vt 0.962025 0.000000
vt 0.911392 0.000000
vt 0.974684 0.000000
vt 0.898734 0.000000
vt 0.987342 0.000000
vt 0.886076 0.000000
vt 0.873418 0.000000
vt 0.860759 0.000000
vt 0.848101 0.000000
vt 0.075949 0.000000
vt 0.835443 0.000000
vt 0.822785 0.000000
vt 0.810127 0.000000
vt 0.088608 0.000000
vt 0.101266 0.000000
vt 0.797468 0.000000
vt 0.113924 0.000000
vt 0.784810 0.000000
vt 0.189873 0.000000
vt 0.126582 0.000000
vt 0.772152 0.000000
vt 0.202532 0.000000
vt 0.215190 0.000000
vt 0.177215 0.000000
vt 0.227848 0.000000
vt 0.164557 0.000000
vt 0.151899 0.000000
vt 0.759494 0.000000
vt 0.139241 0.000000
vt 0.240506 0.000000
vt 0.746835 0.000000
vt 0.253165 0.000000
vt 0.734177 0.000000
vt 0.265823 0.000000
vt 0.278481 0.000000
vt 0.721519 0.000000
vt 0.291139 0.000000
vt 0.303797 0.000000
vt 0.708861 0.000000
vt 0.316456 0.000000
vt 0.696203 0.000000
vt 0.329114 0.000000
vt 0.683544 0.000000
vt 0.341772 0.000000
vt 0.670886 0.000000
vt 0.354430 0.000000
vt 0.658228 0.000000
vt 0.367089 0.000000
vt 0.645570 0.000000
vt 0.379747 0.000000
vt 0.443038 0.000000
vt 0.468354 0.000000
vt 0.455696 0.000000
vt 0.481013 0.000000
vt 0.392405 0.000000
vt 0.632911 0.000000
vt 0.430380 0.000000
vt 0.405063 0.000000
vt 0.417722 0.000000
vt 0.493671 0.000000
vt 0.506329 0.000000
vt 0.620253 0.000000
vt 0.607595 0.000000
vt 0.518987 0.000000
vt 0.531646 0.000000
vt 0.594937 0.000000
vt 0.544304 0.000000
vt 0.582278 0.000000
vt 0.556962 0.000000
vt 0.569620 0.000000
vt 0.050633 0.000000
vt 0.063291 0.000000
vt 0.012658 0.000000
vt 0.037975 0.000000
vt 0.025316 0.000000
vt 0.584746 0.000000
vt 0.601695 0.000000
vt 0.593220 0.000000
vt 0.576271 0.000000
vt 0.610169 0.000000
vt 0.567797 0.000000
vt 0.618644 0.000000
vt 0.559322 0.000000
vt 0.627119 0.000000
vt 0.550847 0.000000
vt 0.635593 0.000000
vt 0.542373 0.000000
vt 0.644068 0.000000
vt 0.533898 0.000000
vt 0.652542 0.000000
vt 0.525424 0.000000
vt 0.661017 0.000000
vt 0.516949 0.000000
vt 0.508475 0.000000
vt 0.423729 0.000000
vt 0.415254 0.000000
vt 0.669492 0.000000
vt 0.440678 0.000000
vt 0.432203 0.000000
vt 0.449153 0.000000
vt 0.406780 0.000000
vt 0.457627 0.000000
vt 0.398305 0.000000
vt 0.491525 0.000000
vt 0.474576 0.000000
vt 0.466102 0.000000
vt 0.483051 0.000000
vt 0.677966 0.000000
vt 0.389830 0.000000
vt 0.381356 0.000000
vt 0.686441 0.000000
vt 0.372881 0.000000
vt 0.694915 0.000000
vt 0.364407 0.000000
vt 0.355932 0.000000
vt 0.347458 0.000000
vt 0.703390 0.000000
vt 0.338983 0.000000
vt 0.330508 0.000000
vt 0.322034 0.000000
vt 0.313559 0.000000
vt 0.813559 0.000000
vt 0.711864 0.000000
vt 0.305085 0.000000
vt 0.822034 0.000000
vt 0.805085 0.000000
vt 0.830508 0.000000
vt 0.296610 0.000000
vt 0.796610 0.000000
vt 0.838983 0.000000
vt 0.847458 0.000000
vt 0.788136 0.000000
vt 0.288136 0.000000
vt 0.720339 0.000000
vt 0.855932 0.000000
vt 0.864407 0.000000
vt 0.033898 0.000000
vt 0.008475 0.000000
vt 0.025424 0.000000
vt 0.872881 0.000000
vt 0.016949 0.000000
vt 0.279661 0.000000
vt 0.881356 0.000000
vt 0.991525 0.000000
vt 0.889831 0.000000
vt 0.271186 0.000000
vt 0.983051 0.000000
vt 0.898305 0.000000
vt 0.728814 0.000000
vt 0.974576 0.000000
vt 0.262712 0.000000
vt 0.906780 0.000000
vt 0.966102 0.000000
vt 0.118644 0.000000
vt 0.737288 0.000000
vt 0.915254 0.000000
vt 0.254237 0.000000
vt 0.127119 0.000000
vt 0.110169 0.000000
vt 0.923729 0.000000
vt 0.957627 0.000000
vt 0.135593 0.000000
vt 0.101695 0.000000
vt 0.042373 0.000000
vt 0.949153 0.000000
vt 0.144068 0.000000
vt 0.932203 0.000000
vt 0.940678 0.000000
vt 0.245763 0.000000
vt 0.093220 0.000000
vt 0.152542 0.000000
vt 0.050847 0.000000
vt 0.779661 0.000000
vt 0.754237 0.000000
vt 0.745763 0.000000
vt 0.771186 0.000000
vt 0.161017 0.000000
vt 0.084746 0.000000
vt 0.237288 0.000000
vt 0.762712 0.000000
vt 0.059322 0.000000
vt 0.169492 0.000000
vt 0.076271 0.000000
vt 0.228814 0.000000
vt 0.067797 0.000000
vt 0.177966 0.000000
vt 0.186441 0.000000
vt 0.220339 0.000000
vt 0.194915 0.000000
vt 0.211864 0.000000
vt 0.203390 0.000000
vt 0.968354 0.000000
vt 0.955696 0.000000
vt 0.981013 0.000000
vt 0.993671 0.000000
vt 0.753165 0.000000
vt 0.765823 0.000000
vt 0.778481 0.000000
vt 0.740506 0.000000
vt 0.791139 0.000000
vt 0.550633 0.000000
vt 0.563291 0.000000
vt 0.727848 0.000000
vt 0.575949 0.000000
vt 0.803797 0.000000
vt 0.537975 0.000000
vt 0.715190 0.000000
vt 0.588608 0.000000
vt 0.525316 0.000000
vt 0.816456 0.000000
vt 0.322785 0.000000
vt 0.512658 0.000000
vt 0.702532 0.000000
vt 0.310127 0.000000
vt 0.183544 0.000000
vt 0.170886 0.000000
vt 0.335443 0.000000
vt 0.601266 0.000000
vt 0.158228 0.000000
vt 0.297468 0.000000
vt 0.689873 0.000000
vt 0.196203 0.000000
vt 0.677215 0.000000
vt 0.348101 0.000000
vt 0.145570 0.000000
vt 0.829114 0.000000
vt 0.613924 0.000000
vt 0.284810 0.000000
vt 0.208861 0.000000
vt 0.132911 0.000000
vt 0.664557 0.000000
vt 0.487342 0.000000
vt 0.626582 0.000000
vt 0.272152 0.000000
vt 0.360759 0.000000
vt 0.841772 0.000000
vt 0.221519 0.000000
vt 0.651899 0.000000
vt 0.120253 0.000000
vt 0.474684 0.000000
vt 0.639241 0.000000
vt 0.259494 0.000000
vt 0.107595 0.000000
vt 0.373418 0.000000
vt 0.234177 0.000000
vt 0.854430 0.000000
vt 0.246835 0.000000
vt 0.094937 0.000000
vt 0.867089 0.000000
vt 0.462025 0.000000
vt 0.386076 0.000000
vt 0.449367 0.000000
vt 0.082278 0.000000
vt 0.879747 0.000000
vt 0.398734 0.000000
vt 0.411392 0.000000
vt 0.436709 0.000000
vt 0.069620 0.000000
vt 0.424051 0.000000
vt 0.892405 0.000000
vt 0.056962 0.000000
vt 0.917722 0.000000
vt 0.943038 0.000000
vt 0.930380 0.000000
vt 0.905063 0.000000
vt 0.044304 0.000000
vt 0.031646 0.000000
vt 0.006329 0.000000
vt 0.018987 0.000000
vt 0.881944 0.000000
vt 0.895833 0.000000
vt 0.902778 0.000000
vt 0.875000 0.000000
vt 0.868056 0.000000
vt 0.909722 0.000000
vt 0.916667 0.000000
vt 0.923611 0.000000
vt 0.861111 0.000000
vt 0.930556 0.000000
vt 0.854167 0.000000
vt 0.937500 0.000000
vt 0.847222 0.000000
vt 0.951389 0.000000
vt 0.840278 0.000000
vt 0.416667 0.000000
vt 0.958333 0.000000
vt 0.826389 0.000000
vt 0.423611 0.000000
vt 0.409722 0.000000
vt 0.430556 0.000000
vt 0.819444 0.000000
vt 0.437500 0.000000
vt 0.402778 0.000000
vt 0.965278 0.000000
vt 0.812500 0.000000
vt 0.395833 0.000000
vt 0.972222 0.000000
vt 0.805556 0.000000
vt 0.979167 0.000000
vt 0.451389 0.000000
vt 0.798611 0.000000
vt 0.381944 0.000000
vt 0.986111 0.000000
vt 0.458333 0.000000
vt 0.375000 0.000000
vt 0.034722 0.000000
vt 0.027778 0.000000
vt 0.048611 0.000000
vt 0.993056 0.000000
vt 0.041667 0.000000
vt 0.791667 0.000000
vt 0.465278 0.000000
vt 0.368056 0.000000
vt 0.784722 0.000000
vt 0.472222 0.000000
vt 0.062500 0.000000
vt 0.361111 0.000000
vt 0.479167 0.000000
vt 0.069444 0.000000
vt 0.354167 0.000000
vt 0.486111 0.000000
vt 0.770833 0.000000
vt 0.076389 0.000000
vt 0.493056 0.000000
vt 0.347222 0.000000
vt 0.763889 0.000000
vt 0.083333 0.000000
vt 0.340278 0.000000
vt 0.756944 0.000000
vt 0.506944 0.000000
vt 0.090278 0.000000
vt 0.513889 0.000000
vt 0.520833 0.000000
vt 0.750000 0.000000
vt 0.326389 0.000000
vt 0.527778 0.000000
vt 0.097222 0.000000
vt 0.319444 0.000000
vt 0.743056 0.000000
vt 0.534722 0.000000
vt 0.104167 0.000000
vt 0.312500 0.000000
vt 0.541667 0.000000
vt 0.736111 0.000000
vt 0.305556 0.000000
vt 0.548611 0.000000
vt 0.729167 0.000000
vt 0.298611 0.000000
vt 0.118056 0.000000
vt 0.562500 0.000000
vt 0.291667 0.000000
vt 0.125000 0.000000
vt 0.569444 0.000000
vt 0.284722 0.000000
vt 0.715278 0.000000
vt 0.576389 0.000000
vt 0.131944 0.000000
vt 0.583333 0.000000
vt 0.708333 0.000000
vt 0.138889 0.000000
vt 0.270833 0.000000
vt 0.590278 0.000000
vt 0.263889 0.000000
vt 0.701389 0.000000
vt 0.256944 0.000000
vt 0.597222 0.000000
vt 0.694444 0.000000
vt 0.250000 0.000000
vt 0.243056 0.000000
vt 0.236111 0.000000
vt 0.229167 0.000000
vt 0.687500 0.000000
vt 0.145833 0.000000
vt 0.604167 0.000000
vt 0.215278 0.000000
vt 0.152778 0.000000
vt 0.208333 0.000000
vt 0.680556 0.000000
vt 0.201389 0.000000
vt 0.159722 0.000000
vt 0.618056 0.000000
vt 0.194444 0.000000
vt 0.173611 0.000000
vt 0.673611 0.000000
vt 0.187500 0.000000
vt 0.180556 0.000000
vt 0.625000 0.000000
vt 0.631944 0.000000
vt 0.638889 0.000000
vt 0.659722 0.000000
vt 0.652778 0.000000
vt 0.645833 0.000000
vt 0.020833 0.000000
vt 0.006944 0.000000
vt 0.013889 0.000000
vt 0.993197 0.000000
vt 0.986395 0.000000
vt 0.965986 0.000000
vt 0.972789 0.000000
vt 0.863946 0.000000
vt 0.870748 0.000000
vt 0.884354 0.000000
vt 0.891156 0.000000
vt 0.850340 0.000000
vt 0.843537 0.000000
vt 0.911565 0.000000
vt 0.829932 0.000000
vt 0.823129 0.000000
vt 0.925170 0.000000
vt 0.931973 0.000000
vt 0.802721 0.000000
vt 0.680272 0.000000
vt 0.687075 0.000000
vt 0.659864 0.000000
vt 0.945578 0.000000
vt 0.789116 0.000000
vt 0.700680 0.000000
vt 0.782313 0.000000
vt 0.707483 0.000000
vt 0.646259 0.000000
vt 0.639456 0.000000
vt 0.768707 0.000000
vt 0.721088 0.000000
vt 0.727891 0.000000
vt 0.006803 0.000000
vt 0.741497 0.000000
vt 0.748299 0.000000
vt 0.013605 0.000000
vt 0.625850 0.000000
vt 0.027211 0.000000
vt 0.034014 0.000000
vt 0.605442 0.000000
vt 0.598639 0.000000
vt 0.585034 0.000000
vt 0.054422 0.000000
vt 0.578231 0.000000
vt 0.068027 0.000000
vt 0.074830 0.000000
vt 0.088435 0.000000
vt 0.564626 0.000000
vt 0.557823 0.000000
vt 0.108844 0.000000
vt 0.544218 0.000000
vt 0.115646 0.000000
vt 0.537415 0.000000
vt 0.129252 0.000000
vt 0.136054 0.000000
vt 0.149660 0.000000
vt 0.156463 0.000000
vt 0.517007 0.000000
vt 0.170068 0.000000
vt 0.176871 0.000000
vt 0.503401 0.000000
vt 0.496599 0.000000
vt 0.197279 0.000000
vt 0.210884 0.000000
vt 0.482993 0.000000
vt 0.217687 0.000000
vt 0.231293 0.000000
vt 0.251701 0.000000
vt 0.258503 0.000000
vt 0.272109 0.000000
vt 0.278912 0.000000
vt 0.292517 0.000000
vt 0.299320 0.000000
vt 0.312925 0.000000
vt 0.319728 0.000000
vt 0.340136 0.000000
vt 0.462585 0.000000
vt 0.401361 0.000000
vt 0.353741 0.000000
vt 0.421769 0.000000
vt 0.414966 0.000000
vt 0.394558 0.000000
vt 0.374150 0.000000
vt 0.360544 0.000000
vt 0.455782 0.000000
vt 0.435374 0.000000
vt 0.442177 0.000000
vt 0.142857 1.000000
vt 0.000000 1.000000
vt 0.285714 1.000000
vt 0.428571 1.000000
vt 0.571429 1.000000
vt 0.714286 1.000000
vt 0.857143 1.000000
vt 1.000000 1.000000
vt 0.007092 1.000000
vt 0.014184 1.000000
vt 0.007092 0.000000
vt 0.021277 1.000000
vt 0.014184 0.000000
vt 0.028369 1.000000
vt 0.021277 0.000000
vt 0.035461 1.000000
vt 0.028369 0.000000
vt 0.042553 1.000000
vt 0.035461 0.000000
vt 0.049645 1.000000
vt 0.042553 0.000000
vt 0.056738 1.000000
vt 0.049645 0.000000
vt 0.063830 1.000000
vt 0.056738 0.000000
vt 0.070922 1.000000
vt 0.063830 0.000000
vt 0.078014 1.000000
vt 0.070922 0.000000
vt 0.085106 1.000000
vt 0.078014 0.000000
vt 0.092199 1.000000
vt 0.085106 0.000000
vt 0.099291 1.000000
vt 0.092199 0.000000
vt 0.106383 1.000000
vt 0.099291 0.000000
vt 0.113475 1.000000
vt 0.106383 0.000000
vt 0.120567 1.000000
vt 0.113475 0.000000
vt 0.127660 1.000000
vt 0.120567 0.000000
vt 0.134752 1.000000
vt 0.127660 0.000000
vt 0.141844 1.000000
vt 0.134752 0.000000
vt 0.148936 1.000000
vt 0.141844 0.000000
vt 0.156028 1.000000
vt 0.148936 0.000000
vt 0.163121 1.000000
vt 0.156028 0.000000
vt 0.170213 1.000000
vt 0.163121 0.000000
vt 0.177305 1.000000
vt 0.170213 0.000000
vt 0.184397 1.000000
vt 0.177305 0.000000
vt 0.191489 1.000000
vt 0.184397 0.000000
vt 0.198582 1.000000
vt 0.191489 0.000000
vt 0.205674 1.000000
vt 0.198582 0.000000
vt 0.212766 1.000000
vt 0.205674 0.000000
vt 0.219858 1.000000
vt 0.212766 0.000000
vt 0.226950 1.000000
vt 0.219858 0.000000
vt 0.234043 1.000000
vt 0.226950 0.000000
vt 0.241135 1.000000
vt 0.234043 0.000000
vt 0.248227 1.000000
vt 0.241135 0.000000
vt 0.255319 1.000000
vt 0.248227 0.000000
vt 0.262411 1.000000
vt 0.255319 0.000000
vt 0.269504 1.000000
vt 0.262411 0.000000
vt 0.276596 1.000000
vt 0.269504 0.000000
vt 0.283688 1.000000
vt 0.276596 0.000000
vt 0.290780 1.000000
vt 0.283688 0.000000
vt 0.297872 1.000000
vt 0.290780 0.000000
vt 0.304965 1.000000
vt 0.297872 0.000000
vt 0.312057 1.000000
vt 0.304965 0.000000
vt 0.319149 1.000000
vt 0.312057 0.000000
vt 0.326241 1.000000
vt 0.319149 0.000000
vt 0.333333 1.000000
vt 0.326241 0.000000
vt 0.340426 1.000000
vt 0.347518 1.000000
vt 0.340426 0.000000
vt 0.354610 1.000000
vt 0.347518 0.000000
vt 0.361702 1.000000
vt 0.354610 0.000000
vt 0.368794 1.000000
vt 0.361702 0.000000
vt 0.375887 1.000000
vt 0.368794 0.000000
vt 0.382979 1.000000
vt 0.375887 0.000000
vt 0.390071 1.000000
vt 0.382979 0.000000
vt 0.397163 1.000000
vt 0.390071 0.000000
vt 0.404255 1.000000
vt 0.397163 0.000000
vt 0.411348 1.000000
vt 0.404255 0.000000
vt 0.418440 1.000000
vt 0.411348 0.000000
vt 0.425532 1.000000
vt 0.418440 0.000000
vt 0.432624 1.000000
vt 0.425532 0.000000
vt 0.439716 1.000000
vt 0.432624 0.000000
vt 0.446809 1.000000
vt 0.439716 0.000000
vt 0.453901 1.000000
vt 0.446809 0.000000
vt 0.460993 1.000000
vt 0.453901 0.000000
vt 0.468085 1.000000
vt 0.460993 0.000000
vt 0.475177 1.000000
vt 0.468085 0.000000
vt 0.482269 1.000000
vt 0.475177 0.000000
vt 0.489362 1.000000
vt 0.482269 0.000000
vt 0.496454 1.000000
vt 0.489362 0.000000
vt 0.503546 1.000000
vt 0.496454 0.000000
vt 0.510638 1.000000
vt 0.503546 0.000000
vt 0.517730 1.000000
vt 0.510638 0.000000
vt 0.524823 1.000000
vt 0.517730 0.000000
vt 0.531915 1.000000
vt 0.524823 0.000000
vt 0.539007 1.000000
vt 0.531915 0.000000
vt 0.546099 1.000000
vt 0.539007 0.000000
vt 0.553191 1.000000
vt 0.546099 0.000000
vt 0.560284 1.000000
vt 0.553191 0.000000
vt 0.567376 1.000000
vt 0.560284 0.000000
vt 0.574468 1.000000
vt 0.567376 0.000000
vt 0.581560 1.000000
vt 0.574468 0.000000
vt 0.588652 1.000000
vt 0.581560 0.000000
vt 0.595745 1.000000
vt 0.588652 0.000000
vt 0.602837 1.000000
vt 0.595745 0.000000
vt 0.609929 1.000000
vt 0.602837 0.000000
vt 0.617021 1.000000
vt 0.609929 0.000000
vt 0.624114 1.000000
vt 0.617021 0.000000
vt 0.631206 1.000000
vt 0.624114 0.000000
vt 0.638298 1.000000
vt 0.631206 0.000000
vt 0.645390 1.000000
vt 0.638298 0.000000
vt 0.652482 1.000000
vt 0.645390 0.000000
vt 0.659574 1.000000
vt 0.652482 0.000000
vt 0.666667 1.000000
vt 0.659574 0.000000
vt 0.673759 1.000000
vt 0.680851 1.000000
vt 0.673759 0.000000
vt 0.687943 1.000000
vt 0.680851 0.000000
vt 0.695035 1.000000
vt 0.687943 0.000000
vt 0.702128 1.000000
vt 0.695035 0.000000
vt 0.709220 1.000000
vt 0.702128 0.000000
vt 0.716312 1.000000
vt 0.709220 0.000000
vt 0.723404 1.000000
vt 0.716312 0.000000
vt 0.730496 1.000000
vt 0.723404 0.000000
vt 0.737589 1.000000
vt 0.730496 0.000000
vt 0.744681 1.000000
vt 0.737589 0.000000
vt 0.751773 1.000000
vt 0.744681 0.000000
vt 0.758865 1.000000
vt 0.751773 0.000000
vt 0.765957 1.000000
vt 0.758865 0.000000
vt 0.773050 1.000000
vt 0.765957 0.000000
vt 0.780142 1.000000
vt 0.773050 0.000000
vt 0.787234 1.000000
vt 0.780142 0.000000
vt 0.794326 1.000000
vt 0.787234 0.000000
vt 0.801418 1.000000
vt 0.794326 0.000000
vt 0.808511 1.000000
vt 0.801418 0.000000
vt 0.815603 1.000000
vt 0.808511 0.000000
vt 0.822695 1.000000
vt 0.815603 0.000000
vt 0.829787 1.000000
vt 0.822695 0.000000
vt 0.836879 1.000000
vt 0.829787 0.000000
vt 0.843972 1.000000
vt 0.836879 0.000000
vt 0.851064 1.000000
vt 0.843972 0.000000
vt 0.858156 1.000000
vt 0.851064 0.000000
vt 0.865248 1.000000
vt 0.858156 0.000000
vt 0.872340 1.000000
vt 0.865248 0.000000
vt 0.879433 1.000000
vt 0.872340 0.000000
vt 0.886525 1.000000
vt 0.879433 0.000000
vt 0.893617 1.000000
vt 0.886525 0.000000
vt 0.900709 1.000000
vt 0.893617 0.000000
vt 0.907801 1.000000
vt 0.900709 0.000000
vt 0.914894 1.000000
vt 0.907801 0.000000
vt 0.921986 1.000000
vt 0.914894 0.000000
vt 0.929078 1.000000
vt 0.921986 0.000000
vt 0.936170 1.000000
vt 0.929078 0.000000
vt 0.943262 1.000000
vt 0.936170 0.000000
vt 0.950355 1.000000
vt 0.943262 0.000000
vt 0.957447 1.000000
vt 0.950355 0.000000
vt 0.964539 1.000000
vt 0.957447 0.000000
vt 0.971631 1.000000
vt 0.964539 0.000000
vt 0.978723 1.000000
vt 0.971631 0.000000
vt 0.985816 1.000000
vt 0.978723 0.000000
vt 0.992908 1.000000
vt 0.985816 0.000000
vt 0.992908 0.000000
vt 0.200000 1.000000
vt 0.400000 1.000000
vt 0.200000 0.000000
vt 0.600000 1.000000
vt 0.400000 0.000000
vt 0.800000 1.000000
vt 0.600000 0.000000
vt 0.800000 0.000000
vt 0.007353 1.000000
vt 0.014706 1.000000
vt 0.007353 0.000000
vt 0.022059 1.000000
vt 0.014706 0.000000
vt 0.029412 1.000000
vt 0.022059 0.000000
vt 0.036765 1.000000
vt 0.029412 0.000000
vt 0.044118 1.000000
vt 0.036765 0.000000
vt 0.051471 1.000000
vt 0.044118 0.000000
vt 0.058824 1.000000
vt 0.051471 0.000000
vt 0.066176 1.000000
vt 0.058824 0.000000
vt 0.073529 1.000000
vt 0.066176 0.000000
vt 0.080882 1.000000
vt 0.073529 0.000000
vt 0.088235 1.000000
vt 0.080882 0.000000
vt 0.095588 1.000000
vt 0.088235 0.000000
vt 0.102941 1.000000
vt 0.095588 0.000000
vt 0.110294 1.000000
vt 0.102941 0.000000
vt 0.117647 1.000000
vt 0.110294 0.000000
vt 0.125000 1.000000
vt 0.117647 0.000000
vt 0.132353 1.000000
vt 0.139706 1.000000
vt 0.132353 0.000000
vt 0.147059 1.000000
vt 0.139706 0.000000
vt 0.154412 1.000000
vt 0.147059 0.000000
vt 0.161765 1.000000
vt 0.154412 0.000000
vt 0.169118 1.000000
vt 0.161765 0.000000
vt 0.176471 1.000000
vt 0.169118 0.000000
vt 0.183824 1.000000
vt 0.176471 0.000000
vt 0.191176 1.000000
vt 0.183824 0.000000
vt 0.198529 1.000000
vt 0.191176 0.000000
vt 0.205882 1.000000
vt 0.198529 0.000000
vt 0.213235 1.000000
vt 0.205882 0.000000
vt 0.220588 1.000000
vt 0.213235 0.000000
vt 0.227941 1.000000
vt 0.220588 0.000000
vt 0.235294 1.000000
vt 0.227941 0.000000
vt 0.242647 1.000000
vt 0.235294 0.000000
vt 0.250000 1.000000
vt 0.242647 0.000000
vt 0.257353 1.000000
vt 0.264706 1.000000
vt 0.257353 0.000000
vt 0.272059 1.000000
vt 0.264706 0.000000
vt 0.279412 1.000000
vt 0.272059 0.000000
vt 0.286765 1.000000
vt 0.279412 0.000000
vt 0.294118 1.000000
vt 0.286765 0.000000
vt 0.301471 1.000000
vt 0.294118 0.000000
vt 0.308824 1.000000
vt 0.301471 0.000000
vt 0.316176 1.000000
vt 0.308824 0.000000
vt 0.323529 1.000000
vt 0.316176 0.000000
vt 0.330882 1.000000
vt 0.323529 0.000000
vt 0.338235 1.000000
vt 0.330882 0.000000
vt 0.345588 1.000000
vt 0.338235 0.000000
vt 0.352941 1.000000
vt 0.345588 0.000000
vt 0.360294 1.000000
vt 0.352941 0.000000
vt 0.367647 1.000000
vt 0.360294 0.000000
vt 0.375000 1.000000
vt 0.367647 0.000000
vt 0.382353 1.000000
vt 0.389706 1.000000
vt 0.382353 0.000000
vt 0.397059 1.000000
vt 0.389706 0.000000
vt 0.404412 1.000000
vt 0.397059 0.000000
vt 0.411765 1.000000
vt 0.404412 0.000000
vt 0.419118 1.000000
vt 0.411765 0.000000
vt 0.426471 1.000000
vt 0.419118 0.000000
vt 0.433824 1.000000
vt 0.426471 0.000000
vt 0.441176 1.000000
vt 0.433824 0.000000
vt 0.448529 1.000000
vt 0.441176 0.000000
vt 0.455882 1.000000
vt 0.448529 0.000000
vt 0.463235 1.000000
vt 0.455882 0.000000
vt 0.470588 1.000000
vt 0.463235 0.000000
vt 0.477941 1.000000
vt 0.470588 0.000000
vt 0.485294 1.000000
vt 0.477941 0.000000
vt 0.492647 1.000000
vt 0.485294 0.000000
vt 0.500000 1.000000
vt 0.492647 0.000000
vt 0.507353 1.000000
vt 0.514706 1.000000
vt 0.507353 0.000000
vt 0.522059 1.000000
vt 0.514706 0.000000
vt 0.529412 1.000000
vt 0.522059 0.000000
vt 0.536765 1.000000
vt 0.529412 0.000000
vt 0.544118 1.000000
vt 0.536765 0.000000
vt 0.551471 1.000000
vt 0.544118 0.000000
vt 0.558824 1.000000
vt 0.551471 0.000000
vt 0.566176 1.000000
vt 0.558824 0.000000
vt 0.573529 1.000000
vt 0.566176 0.000000
vt 0.580882 1.000000
vt 0.573529 0.000000
vt 0.588235 1.000000
vt 0.580882 0.000000
vt 0.595588 1.000000
vt 0.588235 0.000000
vt 0.602941 1.000000
vt 0.595588 0.000000
vt 0.610294 1.000000
vt 0.602941 0.000000
vt 0.617647 1.000000
vt 0.610294 0.000000
vt 0.625000 1.000000
vt 0.617647 0.000000
vt 0.632353 1.000000
vt 0.639706 1.000000
vt 0.632353 0.000000
vt 0.647059 1.000000
vt 0.639706 0.000000
vt 0.654412 1.000000
vt 0.647059 0.000000
vt 0.661765 1.000000
vt 0.654412 0.000000
vt 0.669118 1.000000
vt 0.661765 0.000000
vt 0.676471 1.000000
vt 0.669118 0.000000
vt 0.683824 1.000000
vt 0.676471 0.000000
vt 0.691176 1.000000
vt 0.683824 0.000000
vt 0.698529 1.000000
vt 0.691176 0.000000
vt 0.705882 1.000000
vt 0.698529 0.000000
vt 0.713235 1.000000
vt 0.705882 0.000000
vt 0.720588 1.000000
vt 0.713235 0.000000
vt 0.727941 1.000000
vt 0.720588 0.000000
vt 0.735294 1.000000
vt 0.727941 0.000000
vt 0.742647 1.000000
vt 0.735294 0.000000
vt 0.750000 1.000000
vt 0.742647 0.000000
vt 0.757353 1.000000
vt 0.764706 1.000000
vt 0.757353 0.000000
vt 0.772059 1.000000
vt 0.764706 0.000000
vt 0.779412 1.000000
vt 0.772059 0.000000
vt 0.786765 1.000000
vt 0.779412 0.000000
vt 0.794118 1.000000
vt 0.786765 0.000000
vt 0.801471 1.000000
vt 0.794118 0.000000
vt 0.808824 1.000000
vt 0.801471 0.000000
vt 0.816176 1.000000
vt 0.808824 0.000000
vt 0.823529 1.000000
vt 0.816176 0.000000
vt 0.830882 1.000000
vt 0.823529 0.000000
vt 0.838235 1.000000
vt 0.830882 0.000000
vt 0.845588 1.000000
vt 0.838235 0.000000
vt 0.852941 1.000000
vt 0.845588 0.000000
vt 0.860294 1.000000
vt 0.852941 0.000000
vt 0.867647 1.000000
vt 0.860294 0.000000
vt 0.875000 1.000000
vt 0.867647 0.000000
vt 0.882353 1.000000
vt 0.889706 1.000000
vt 0.882353 0.000000
vt 0.897059 1.000000
vt 0.889706 0.000000
vt 0.904412 1.000000
vt 0.897059 0.000000
vt 0.911765 1.000000
vt 0.904412 0.000000
vt 0.919118 1.000000
vt 0.911765 0.000000
vt 0.926471 1.000000
vt 0.919118 0.000000
vt 0.933824 1.000000
vt 0.926471 0.000000
vt 0.941176 1.000000
vt 0.933824 0.000000
vt 0.948529 1.000000
vt 0.941176 0.000000
vt 0.955882 1.000000
vt 0.948529 0.000000
vt 0.963235 1.000000
vt 0.955882 0.000000
vt 0.970588 1.000000
vt 0.963235 0.000000
vt 0.977941 1.000000
vt 0.970588 0.000000
vt 0.985294 1.000000
vt 0.977941 0.000000
vt 0.992647 1.000000
vt 0.985294 0.000000
vt 0.992647 0.000000
vt 0.006897 1.000000
vt 0.013793 1.000000
vt 0.006897 0.000000
vt 0.020690 1.000000
vt 0.013793 0.000000
vt 0.027586 1.000000
vt 0.020690 0.000000
vt 0.034483 1.000000
vt 0.027586 0.000000
vt 0.041379 1.000000
vt 0.034483 0.000000
vt 0.048276 1.000000
vt 0.041379 0.000000
vt 0.055172 1.000000
vt 0.048276 0.000000
vt 0.062069 1.000000
vt 0.055172 0.000000
vt 0.068966 1.000000
vt 0.062069 0.000000
vt 0.075862 1.000000
vt 0.068966 0.000000
vt 0.082759 1.000000
vt 0.075862 0.000000
vt 0.089655 1.000000
vt 0.082759 0.000000
vt 0.096552 1.000000
vt 0.089655 0.000000
vt 0.103448 1.000000
vt 0.096552 0.000000
vt 0.110345 1.000000
vt 0.103448 0.000000
vt 0.117241 1.000000
vt 0.110345 0.000000
vt 0.124138 1.000000
vt 0.117241 0.000000
vt 0.131034 1.000000
vt 0.124138 0.000000
vt 0.137931 1.000000
vt 0.131034 0.000000
vt 0.144828 1.000000
vt 0.137931 0.000000
vt 0.151724 1.000000
vt 0.144828 0.000000
vt 0.158621 1.000000
vt 0.151724 0.000000
vt 0.165517 1.000000
vt 0.158621 0.000000
vt 0.172414 1.000000
vt 0.165517 0.000000
vt 0.179310 1.000000
vt 0.172414 0.000000
vt 0.186207 1.000000
vt 0.179310 0.000000
vt 0.193103 1.000000
vt 0.186207 0.000000
vt 0.193103 0.000000
vt 0.206897 1.000000
vt 0.213793 1.000000
vt 0.206897 0.000000
vt 0.220690 1.000000
vt 0.213793 0.000000
vt 0.227586 1.000000
vt 0.220690 0.000000
vt 0.234483 1.000000
vt 0.227586 0.000000
vt 0.241379 1.000000
vt 0.234483 0.000000
vt 0.248276 1.000000
vt 0.241379 0.000000
vt 0.255172 1.000000
vt 0.248276 0.000000
vt 0.262069 1.000000
vt 0.255172 0.000000
vt 0.268966 1.000000
vt 0.262069 0.000000
vt 0.275862 1.000000
vt 0.268966 0.000000
vt 0.282759 1.000000
vt 0.275862 0.000000
vt 0.289655 1.000000
vt 0.282759 0.000000
vt 0.296552 1.000000
vt 0.289655 0.000000
vt 0.303448 1.000000
vt 0.296552 0.000000
vt 0.310345 1.000000
vt 0.303448 0.000000
vt 0.317241 1.000000
vt 0.310345 0.000000
vt 0.324138 1.000000
vt 0.317241 0.000000
vt 0.331034 1.000000
vt 0.324138 0.000000
vt 0.337931 1.000000
vt 0.331034 0.000000
vt 0.344828 1.000000
vt 0.337931 0.000000
vt 0.351724 1.000000
vt 0.344828 0.000000
vt 0.358621 1.000000
vt 0.351724 0.000000
vt 0.365517 1.000000
vt 0.358621 0.000000
vt 0.372414 1.000000
vt 0.365517 0.000000
vt 0.379310 1.000000
vt 0.372414 0.000000
vt 0.386207 1.000000
vt 0.379310 0.000000
vt 0.393103 1.000000
vt 0.386207 0.000000
vt 0.393103 0.000000
vt 0.406897 1.000000
vt 0.413793 1.000000
vt 0.406897 0.000000
vt 0.420690 1.000000
vt 0.413793 0.000000
vt 0.427586 1.000000
vt 0.420690 0.000000
vt 0.434483 1.000000
vt 0.427586 0.000000
vt 0.441379 1.000000
vt 0.434483 0.000000
vt 0.448276 1.000000
vt 0.441379 0.000000
vt 0.455172 1.000000
vt 0.448276 0.000000
vt 0.462069 1.000000
vt 0.455172 0.000000
vt 0.468966 1.000000
vt 0.462069 0.000000
vt 0.475862 1.000000
vt 0.468966 0.000000
vt 0.482759 1.000000
vt 0.475862 0.000000
vt 0.489655 1.000000
vt 0.482759 0.000000
vt 0.496552 1.000000
vt 0.489655 0.000000
vt 0.503448 1.000000
vt 0.496552 0.000000
vt 0.510345 1.000000
vt 0.503448 0.000000
vt 0.517241 1.000000
vt 0.510345 0.000000
vt 0.524138 1.000000
vt 0.517241 0.000000
vt 0.531034 1.000000
vt 0.524138 0.000000
vt 0.537931 1.000000
vt 0.531034 0.000000
vt 0.544828 1.000000
vt 0.537931 0.000000
vt 0.551724 1.000000
vt 0.544828 0.000000
vt 0.558621 1.000000
vt 0.551724 0.000000
vt 0.565517 1.000000
vt 0.558621 0.000000
vt 0.572414 1.000000
vt 0.565517 0.000000
vt 0.579310 1.000000
vt 0.572414 0.000000
vt 0.586207 1.000000
vt 0.579310 0.000000
vt 0.593103 1.000000
vt 0.586207 0.000000
vt 0.593103 0.000000
vt 0.606897 1.000000
vt 0.613793 1.000000
vt 0.606897 0.000000
vt 0.620690 1.000000
vt 0.613793 0.000000
vt 0.627586 1.000000
vt 0.620690 0.000000
vt 0.634483 1.000000
vt 0.627586 0.000000
vt 0.641379 1.000000
vt 0.634483 0.000000
vt 0.648276 1.000000
vt 0.641379 0.000000
vt 0.655172 1.000000
vt 0.648276 0.000000
vt 0.662069 1.000000
vt 0.655172 0.000000
vt 0.668966 1.000000
vt 0.662069 0.000000
vt 0.675862 1.000000
vt 0.668966 0.000000
vt 0.682759 1.000000
vt 0.675862 0.000000
vt 0.689655 1.000000
vt 0.682759 0.000000
vt 0.696552 1.000000
vt 0.689655 0.000000
vt 0.703448 1.000000
vt 0.696552 0.000000
vt 0.710345 1.000000
vt 0.703448 0.000000
vt 0.717241 1.000000
vt 0.710345 0.000000
vt 0.724138 1.000000
vt 0.717241 0.000000
vt 0.731034 1.000000
vt 0.724138 0.000000
vt 0.737931 1.000000
vt 0.731034 0.000000
vt 0.744828 1.000000
vt 0.737931 0.000000
vt 0.751724 1.000000
vt 0.744828 0.000000
vt 0.758621 1.000000
vt 0.751724 0.000000
vt 0.765517 1.000000
vt 0.758621 0.000000
vt 0.772414 1.000000
vt 0.765517 0.000000
vt 0.779310 1.000000
vt 0.772414 0.000000
vt 0.786207 1.000000
vt 0.779310 0.000000
vt 0.793103 1.000000
vt 0.786207 0.000000
vt 0.793103 0.000000
vt 0.806897 1.000000
vt 0.813793 1.000000
vt 0.806897 0.000000
vt 0.820690 1.000000
vt 0.813793 0.000000
vt 0.827586 1.000000
vt 0.820690 0.000000
vt 0.834483 1.000000
vt 0.827586 0.000000
vt 0.841379 1.000000
vt 0.834483 0.000000
vt 0.848276 1.000000
vt 0.841379 0.000000
vt 0.855172 1.000000
vt 0.848276 0.000000
vt 0.862069 1.000000
vt 0.855172 0.000000
vt 0.868966 1.000000
vt 0.862069 0.000000
vt 0.875862 1.000000
vt 0.868966 0.000000
vt 0.882759 1.000000
vt 0.875862 0.000000
vt 0.889655 1.000000
vt 0.882759 0.000000
vt 0.896552 1.000000
vt 0.889655 0.000000
vt 0.903448 1.000000
vt 0.896552 0.000000
vt 0.910345 1.000000
vt 0.903448 0.000000
vt 0.917241 1.000000
vt 0.910345 0.000000
vt 0.924138 1.000000
vt 0.917241 0.000000
vt 0.931035 1.000000
vt 0.924138 0.000000
vt 0.937931 1.000000
vt 0.931035 0.000000
vt 0.944828 1.000000
vt 0.937931 0.000000
vt 0.951724 1.000000
vt 0.944828 0.000000
vt 0.958621 1.000000
vt 0.951724 0.000000
vt 0.965517 1.000000
vt 0.958621 0.000000
vt 0.972414 1.000000
vt 0.965517 0.000000
vt 0.979310 1.000000
vt 0.972414 0.000000
vt 0.986207 1.000000
vt 0.979310 0.000000
vt 0.993103 1.000000
vt 0.986207 0.000000
vt 0.993103 0.000000
vt 0.012048 1.000000
vt 0.024096 1.000000
vt 0.012048 0.000000
vt 0.036145 1.000000
vt 0.024096 0.000000
vt 0.048193 1.000000
vt 0.036145 0.000000
vt 0.060241 1.000000
vt 0.048193 0.000000
vt 0.072289 1.000000
vt 0.060241 0.000000
vt 0.084337 1.000000
vt 0.072289 0.000000
vt 0.096386 1.000000
vt 0.084337 0.000000
vt 0.108434 1.000000
vt 0.096386 0.000000
vt 0.120482 1.000000
vt 0.108434 0.000000
vt 0.132530 1.000000
vt 0.120482 0.000000
vt 0.144578 1.000000
vt 0.132530 0.000000
vt 0.156627 1.000000
vt 0.144578 0.000000
vt 0.168675 1.000000
vt 0.156627 0.000000
vt 0.180723 1.000000
vt 0.168675 0.000000
vt 0.192771 1.000000
vt 0.180723 0.000000
vt 0.204819 1.000000
vt 0.192771 0.000000
vt 0.216867 1.000000
vt 0.204819 0.000000
vt 0.228916 1.000000
vt 0.216867 0.000000
vt 0.240964 1.000000
vt 0.228916 0.000000
vt 0.253012 1.000000
vt 0.240964 0.000000
vt 0.265060 1.000000
vt 0.253012 0.000000
vt 0.277108 1.000000
vt 0.265060 0.000000
vt 0.289157 1.000000
vt 0.277108 0.000000
vt 0.301205 1.000000
vt 0.289157 0.000000
vt 0.313253 1.000000
vt 0.301205 0.000000
vt 0.325301 1.000000
vt 0.313253 0.000000
vt 0.337349 1.000000
vt 0.325301 0.000000
vt 0.349398 1.000000
vt 0.337349 0.000000
vt 0.361446 1.000000
vt 0.349398 0.000000
vt 0.373494 1.000000
vt 0.361446 0.000000
vt 0.385542 1.000000
vt 0.373494 0.000000
vt 0.397590 1.000000
vt 0.385542 0.000000
vt 0.409639 1.000000
vt 0.397590 0.000000
vt 0.421687 1.000000
vt 0.409639 0.000000
vt 0.433735 1.000000
vt 0.421687 0.000000
vt 0.445783 1.000000
vt 0.433735 0.000000
vt 0.457831 1.000000
vt 0.445783 0.000000
vt 0.469880 1.000000
vt 0.457831 0.000000
vt 0.481928 1.000000
vt 0.469880 0.000000
vt 0.493976 1.000000
vt 0.481928 0.000000
vt 0.506024 1.000000
vt 0.493976 0.000000
vt 0.518072 1.000000
vt 0.506024 0.000000
vt 0.530120 1.000000
vt 0.518072 0.000000
vt 0.542169 1.000000
vt 0.530120 0.000000
vt 0.554217 1.000000
vt 0.542169 0.000000
vt 0.566265 1.000000
vt 0.554217 0.000000
vt 0.578313 1.000000
vt 0.566265 0.000000
vt 0.590361 1.000000
vt 0.578313 0.000000
vt 0.602410 1.000000
vt 0.590361 0.000000
vt 0.614458 1.000000
vt 0.602410 0.000000
vt 0.626506 1.000000
vt 0.614458 0.000000
vt 0.638554 1.000000
vt 0.626506 0.000000
vt 0.650602 1.000000
vt 0.638554 0.000000
vt 0.662651 1.000000
vt 0.650602 0.000000
vt 0.674699 1.000000
vt 0.662651 0.000000
vt 0.686747 1.000000
vt 0.674699 0.000000
vt 0.698795 1.000000
vt 0.686747 0.000000
vt 0.710843 1.000000
vt 0.698795 0.000000
vt 0.722892 1.000000
vt 0.710843 0.000000
vt 0.734940 1.000000
vt 0.722892 0.000000
vt 0.746988 1.000000
vt 0.734940 0.000000
vt 0.759036 1.000000
vt 0.746988 0.000000
vt 0.771084 1.000000
vt 0.759036 0.000000
vt 0.783133 1.000000
vt 0.771084 0.000000
vt 0.795181 1.000000
vt 0.783133 0.000000
vt 0.807229 1.000000
vt 0.795181 0.000000
vt 0.819277 1.000000
vt 0.807229 0.000000
vt 0.831325 1.000000
vt 0.819277 0.000000
vt 0.843373 1.000000
vt 0.831325 0.000000
vt 0.855422 1.000000
vt 0.843373 0.000000
vt 0.867470 1.000000
vt 0.855422 0.000000
vt 0.879518 1.000000
vt 0.867470 0.000000
vt 0.891566 1.000000
vt 0.879518 0.000000
vt 0.903614 1.000000
vt 0.891566 0.000000
vt 0.915663 1.000000
vt 0.903614 0.000000
vt 0.927711 1.000000
vt 0.915663 0.000000
vt 0.939759 1.000000
vt 0.927711 0.000000
vt 0.951807 1.000000
vt 0.939759 0.000000
vt 0.963855 1.000000
vt 0.951807 0.000000
vt 0.975904 1.000000
vt 0.963855 0.000000
vt 0.987952 1.000000
vt 0.975904 0.000000
vt 0.987952 0.000000
vt 0.038462 1.000000
vt 0.076923 1.000000
vt 0.038462 0.000000
vt 0.115385 1.000000
vt 0.076923 0.000000
vt 0.153846 1.000000
vt 0.115385 0.000000
vt 0.192308 1.000000
vt 0.153846 0.000000
vt 0.230769 1.000000
vt 0.192308 0.000000
vt 0.269231 1.000000
vt 0.230769 0.000000
vt 0.307692 1.000000
vt 0.269231 0.000000
vt 0.346154 1.000000
vt 0.307692 0.000000
vt 0.384615 1.000000
vt 0.346154 0.000000
vt 0.423077 1.000000
vt 0.384615 0.000000
vt 0.461538 1.000000
vt 0.423077 0.000000
vt 0.461538 0.000000
vt 0.538462 1.000000
vt 0.576923 1.000000
vt 0.538462 0.000000
vt 0.615385 1.000000
vt 0.576923 0.000000
vt 0.653846 1.000000
vt 0.615385 0.000000
vt 0.692308 1.000000
vt 0.653846 0.000000
vt 0.730769 1.000000
vt 0.692308 0.000000
vt 0.769231 1.000000
vt 0.730769 0.000000
vt 0.807692 1.000000
vt 0.769231 0.000000
vt 0.846154 1.000000
vt 0.807692 0.000000
vt 0.884615 1.000000
vt 0.846154 0.000000
vt 0.923077 1.000000
vt 0.884615 0.000000
vt 0.961538 1.000000
vt 0.923077 0.000000
vt 0.961538 0.000000
vt 0.007299 1.000000
vt 0.014599 1.000000
vt 0.007299 0.000000
vt 0.021898 1.000000
vt 0.014599 0.000000
vt 0.029197 1.000000
vt 0.021898 0.000000
vt 0.036496 1.000000
vt 0.029197 0.000000
vt 0.043796 1.000000
vt 0.036496 0.000000
vt 0.051095 1.000000
vt 0.043796 0.000000
vt 0.058394 1.000000
vt 0.051095 0.000000
vt 0.065693 1.000000
vt 0.058394 0.000000
vt 0.072993 1.000000
vt 0.065693 0.000000
vt 0.080292 1.000000
vt 0.072993 0.000000
vt 0.087591 1.000000
vt 0.080292 0.000000
vt 0.094891 1.000000
vt 0.087591 0.000000
vt 0.102190 1.000000
vt 0.094891 0.000000
vt 0.109489 1.000000
vt 0.102190 0.000000
vt 0.116788 1.000000
vt 0.109489 0.000000
vt 0.124088 1.000000
vt 0.116788 0.000000
vt 0.131387 1.000000
vt 0.124088 0.000000
vt 0.138686 1.000000
vt 0.131387 0.000000
vt 0.145985 1.000000
vt 0.138686 0.000000
vt 0.153285 1.000000
vt 0.145985 0.000000
vt 0.160584 1.000000
vt 0.153285 0.000000
vt 0.167883 1.000000
vt 0.160584 0.000000
vt 0.175182 1.000000
vt 0.167883 0.000000
vt 0.182482 1.000000
vt 0.175182 0.000000
vt 0.189781 1.000000
vt 0.182482 0.000000
vt 0.197080 1.000000
vt 0.189781 0.000000
vt 0.204380 1.000000
vt 0.197080 0.000000
vt 0.211679 1.000000
vt 0.204380 0.000000
vt 0.218978 1.000000
vt 0.211679 0.000000
vt 0.226277 1.000000
vt 0.218978 0.000000
vt 0.233577 1.000000
vt 0.226277 0.000000
vt 0.240876 1.000000
vt 0.233577 0.000000
vt 0.248175 1.000000
vt 0.240876 0.000000
vt 0.255474 1.000000
vt 0.248175 0.000000
vt 0.262774 1.000000
vt 0.255474 0.000000
vt 0.270073 1.000000
vt 0.262774 0.000000
vt 0.277372 1.000000
vt 0.270073 0.000000
vt 0.284672 1.000000
vt 0.277372 0.000000
vt 0.291971 1.000000
vt 0.284672 0.000000
vt 0.299270 1.000000
vt 0.291971 0.000000
vt 0.306569 1.000000
vt 0.299270 0.000000
vt 0.313869 1.000000
vt 0.306569 0.000000
vt 0.321168 1.000000
vt 0.313869 0.000000
vt 0.328467 1.000000
vt 0.321168 0.000000
vt 0.335766 1.000000
vt 0.328467 0.000000
vt 0.343066 1.000000
vt 0.335766 0.000000
vt 0.350365 1.000000
vt 0.343066 0.000000
vt 0.357664 1.000000
vt 0.350365 0.000000
vt 0.364964 1.000000
vt 0.357664 0.000000
vt 0.372263 1.000000
vt 0.364964 0.000000
vt 0.379562 1.000000
vt 0.372263 0.000000
vt 0.386861 1.000000
vt 0.379562 0.000000
vt 0.394161 1.000000
vt 0.386861 0.000000
vt 0.401460 1.000000
vt 0.394161 0.000000
vt 0.408759 1.000000
vt 0.401460 0.000000
vt 0.416058 1.000000
vt 0.408759 0.000000
vt 0.423358 1.000000
vt 0.416058 0.000000
vt 0.430657 1.000000
vt 0.423358 0.000000
vt 0.437956 1.000000
vt 0.430657 0.000000
vt 0.445255 1.000000
vt 0.437956 0.000000
vt 0.452555 1.000000
vt 0.445255 0.000000
vt 0.459854 1.000000
vt 0.452555 0.000000
vt 0.467153 1.000000
vt 0.459854 0.000000
vt 0.474453 1.000000
vt 0.467153 0.000000
vt 0.481752 1.000000
vt 0.474453 0.000000
vt 0.489051 1.000000
vt 0.481752 0.000000
vt 0.496350 1.000000
vt 0.489051 0.000000
vt 0.503650 1.000000
vt 0.496350 0.000000
vt 0.510949 1.000000
vt 0.503650 0.000000
vt 0.518248 1.000000
vt 0.510949 0.000000
vt 0.525547 1.000000
vt 0.518248 0.000000
vt 0.532847 1.000000
vt 0.525547 0.000000
vt 0.540146 1.000000
vt 0.532847 0.000000
vt 0.547445 1.000000
vt 0.540146 0.000000
vt 0.554745 1.000000
vt 0.547445 0.000000
vt 0.562044 1.000000
vt 0.554745 0.000000
vt 0.569343 1.000000
vt 0.562044 0.000000
vt 0.576642 1.000000
vt 0.569343 0.000000
vt 0.583942 1.000000
vt 0.576642 0.000000
vt 0.591241 1.000000
vt 0.583942 0.000000
vt 0.598540 1.000000
vt 0.591241 0.000000
vt 0.605839 1.000000
vt 0.598540 0.000000
vt 0.613139 1.000000
vt 0.605839 0.000000
vt 0.620438 1.000000
vt 0.613139 0.000000
vt 0.627737 1.000000
vt 0.620438 0.000000
vt 0.635036 1.000000
vt 0.627737 0.000000
vt 0.642336 1.000000
vt 0.635036 0.000000
vt 0.649635 1.000000
vt 0.642336 0.000000
vt 0.656934 1.000000
vt 0.649635 0.000000
vt 0.664234 1.000000
vt 0.656934 0.000000
vt 0.671533 1.000000
vt 0.664234 0.000000
vt 0.678832 1.000000
vt 0.671533 0.000000
vt 0.686131 1.000000
vt 0.678832 0.000000
vt 0.693431 1.000000
vt 0.686131 0.000000
vt 0.700730 1.000000
vt 0.693431 0.000000
vt 0.708029 1.000000
vt 0.700730 0.000000
vt 0.715328 1.000000
vt 0.708029 0.000000
vt 0.722628 1.000000
vt 0.715328 0.000000
vt 0.729927 1.000000
vt 0.722628 0.000000
vt 0.737226 1.000000
vt 0.729927 0.000000
vt 0.744526 1.000000
vt 0.737226 0.000000
vt 0.751825 1.000000
vt 0.744526 0.000000
vt 0.759124 1.000000
vt 0.751825 0.000000
vt 0.766423 1.000000
vt 0.759124 0.000000
vt 0.773723 1.000000
vt 0.766423 0.000000
vt 0.781022 1.000000
vt 0.773723 0.000000
vt 0.788321 1.000000
vt 0.781022 0.000000
vt 0.795620 1.000000
vt 0.788321 0.000000
vt 0.802920 1.000000
vt 0.795620 0.000000
vt 0.810219 1.000000
vt 0.802920 0.000000
vt 0.817518 1.000000
vt 0.810219 0.000000
vt 0.824818 1.000000
vt 0.817518 0.000000
vt 0.832117 1.000000
vt 0.824818 0.000000
vt 0.839416 1.000000
vt 0.832117 0.000000
vt 0.846715 1.000000
vt 0.839416 0.000000
vt 0.854015 1.000000
vt 0.846715 0.000000
vt 0.861314 1.000000
vt 0.854015 0.000000
vt 0.868613 1.000000
vt 0.861314 0.000000
vt 0.875912 1.000000
vt 0.868613 0.000000
vt 0.883212 1.000000
vt 0.875912 0.000000
vt 0.890511 1.000000
vt 0.883212 0.000000
vt 0.897810 1.000000
vt 0.890511 0.000000
vt 0.905109 1.000000
vt 0.897810 0.000000
vt 0.912409 1.000000
vt 0.905109 0.000000
vt 0.919708 1.000000
vt 0.912409 0.000000
vt 0.927007 1.000000
vt 0.919708 0.000000
vt 0.934307 1.000000
vt 0.927007 0.000000
vt 0.941606 1.000000
vt 0.934307 0.000000
vt 0.948905 1.000000
vt 0.941606 0.000000
vt 0.956204 1.000000
vt 0.948905 0.000000
vt 0.963504 1.000000
vt 0.956204 0.000000
vt 0.970803 1.000000
vt 0.963504 0.000000
vt 0.978102 1.000000
vt 0.970803 0.000000
vt 0.985401 1.000000
vt 0.978102 0.000000
vt 0.992701 1.000000
vt 0.985401 0.000000
vt 0.992701 0.000000
vt 0.013514 1.000000
vt 0.027027 1.000000
vt 0.013514 0.000000
vt 0.040541 1.000000
vt 0.027027 0.000000
vt 0.054054 1.000000
vt 0.040541 0.000000
vt 0.067568 1.000000
vt 0.054054 0.000000
vt 0.081081 1.000000
vt 0.067568 0.000000
vt 0.094595 1.000000
vt 0.081081 0.000000
vt 0.108108 1.000000
vt 0.094595 0.000000
vt 0.121622 1.000000
vt 0.108108 0.000000
vt 0.135135 1.000000
vt 0.121622 0.000000
vt 0.148649 1.000000
vt 0.135135 0.000000
vt 0.162162 1.000000
vt 0.148649 0.000000
vt 0.175676 1.000000
vt 0.162162 0.000000
vt 0.189189 1.000000
vt 0.175676 0.000000
vt 0.202703 1.000000
vt 0.189189 0.000000
vt 0.216216 1.000000
vt 0.202703 0.000000
vt 0.229730 1.000000
vt 0.216216 0.000000
vt 0.243243 1.000000
vt 0.229730 0.000000
vt 0.256757 1.000000
vt 0.243243 0.000000
vt 0.270270 1.000000
vt 0.256757 0.000000
vt 0.283784 1.000000
vt 0.270270 0.000000
vt 0.297297 1.000000
vt 0.283784 0.000000
vt 0.310811 1.000000
vt 0.297297 0.000000
vt 0.324324 1.000000
vt 0.310811 0.000000
vt 0.337838 1.000000
vt 0.324324 0.000000
vt 0.351351 1.000000
vt 0.337838 0.000000
vt 0.364865 1.000000
vt 0.351351 0.000000
vt 0.378378 1.000000
vt 0.364865 0.000000
vt 0.391892 1.000000
vt 0.378378 0.000000
vt 0.405405 1.000000
vt 0.391892 0.000000
vt 0.418919 1.000000
vt 0.405405 0.000000
vt 0.432432 1.000000
vt 0.418919 0.000000
vt 0.445946 1.000000
vt 0.432432 0.000000
vt 0.459459 1.000000
vt 0.445946 0.000000
vt 0.472973 1.000000
vt 0.459459 0.000000
vt 0.486486 1.000000
vt 0.472973 0.000000
vt 0.486486 0.000000
vt 0.513514 1.000000
vt 0.527027 1.000000
vt 0.513514 0.000000
vt 0.540541 1.000000
vt 0.527027 0.000000
vt 0.554054 1.000000
vt 0.540541 0.000000
vt 0.567568 1.000000
vt 0.554054 0.000000
vt 0.581081 1.000000
vt 0.567568 0.000000
vt 0.594595 1.000000
vt 0.581081 0.000000
vt 0.608108 1.000000
vt 0.594595 0.000000
vt 0.621622 1.000000
vt 0.608108 0.000000
vt 0.635135 1.000000
vt 0.621622 0.000000
vt 0.648649 1.000000
vt 0.635135 0.000000
vt 0.662162 1.000000
vt 0.648649 0.000000
vt 0.675676 1.000000
vt 0.662162 0.000000
vt 0.689189 1.000000
vt 0.675676 0.000000
vt 0.702703 1.000000
vt 0.689189 0.000000
vt 0.716216 1.000000
vt 0.702703 0.000000
vt 0.729730 1.000000
vt 0.716216 0.000000
vt 0.743243 1.000000
vt 0.729730 0.000000
vt 0.756757 1.000000
vt 0.743243 0.000000
vt 0.770270 1.000000
vt 0.756757 0.000000
vt 0.783784 1.000000
vt 0.770270 0.000000
vt 0.797297 1.000000
vt 0.783784 0.000000
vt 0.810811 1.000000
vt 0.797297 0.000000
vt 0.824324 1.000000
vt 0.810811 0.000000
vt 0.837838 1.000000
vt 0.824324 0.000000
vt 0.851351 1.000000
vt 0.837838 0.000000
vt 0.864865 1.000000
vt 0.851351 0.000000
vt 0.878378 1.000000
vt 0.864865 0.000000
vt 0.891892 1.000000
vt 0.878378 0.000000
vt 0.905405 1.000000
vt 0.891892 0.000000
vt 0.918919 1.000000
vt 0.905405 0.000000
vt 0.932432 1.000000
vt 0.918919 0.000000
vt 0.945946 1.000000
vt 0.932432 0.000000
vt 0.959459 1.000000
vt 0.945946 0.000000
vt 0.972973 1.000000
vt 0.959459 0.000000
vt 0.986486 1.000000
vt 0.972973 0.000000
vt 0.986486 0.000000
vt 0.166667 1.000000
vt 0.833333 1.000000
vt 0.007874 1.000000
vt 0.015748 1.000000
vt 0.007874 0.000000
vt 0.023622 1.000000
vt 0.015748 0.000000
vt 0.031496 1.000000
vt 0.023622 0.000000
vt 0.039370 1.000000
vt 0.031496 0.000000
vt 0.047244 1.000000
vt 0.039370 0.000000
vt 0.055118 1.000000
vt 0.047244 0.000000
vt 0.062992 1.000000
vt 0.055118 0.000000
vt 0.070866 1.000000
vt 0.062992 0.000000
vt 0.078740 1.000000
vt 0.070866 0.000000
vt 0.086614 1.000000
vt 0.078740 0.000000
vt 0.094488 1.000000
vt 0.086614 0.000000
vt 0.102362 1.000000
vt 0.094488 0.000000
vt 0.110236 1.000000
vt 0.102362 0.000000
vt 0.118110 1.000000
vt 0.110236 0.000000
vt 0.125984 1.000000
vt 0.118110 0.000000
vt 0.133858 1.000000
vt 0.125984 0.000000
vt 0.141732 1.000000
vt 0.133858 0.000000
vt 0.149606 1.000000
vt 0.141732 0.000000
vt 0.157480 1.000000
vt 0.149606 0.000000
vt 0.165354 1.000000
vt 0.157480 0.000000
vt 0.173228 1.000000
vt 0.165354 0.000000
vt 0.181102 1.000000
vt 0.173228 0.000000
vt 0.188976 1.000000
vt 0.181102 0.000000
vt 0.196850 1.000000
vt 0.188976 0.000000
vt 0.204724 1.000000
vt 0.196850 0.000000
vt 0.212598 1.000000
vt 0.204724 0.000000
vt 0.220472 1.000000
vt 0.212598 0.000000
vt 0.228346 1.000000
vt 0.220472 0.000000
vt 0.236220 1.000000
vt 0.228346 0.000000
vt 0.244094 1.000000
vt 0.236220 0.000000
vt 0.251969 1.000000
vt 0.244094 0.000000
vt 0.259843 1.000000
vt 0.251969 0.000000
vt 0.267717 1.000000
vt 0.259843 0.000000
vt 0.275591 1.000000
vt 0.267717 0.000000
vt 0.283465 1.000000
vt 0.275591 0.000000
vt 0.291339 1.000000
vt 0.283465 0.000000
vt 0.299213 1.000000
vt 0.291339 0.000000
vt 0.307087 1.000000
vt 0.299213 0.000000
vt 0.314961 1.000000
vt 0.307087 0.000000
vt 0.322835 1.000000
vt 0.314961 0.000000
vt 0.330709 1.000000
vt 0.322835 0.000000
vt 0.338583 1.000000
vt 0.330709 0.000000
vt 0.346457 1.000000
vt 0.338583 0.000000
vt 0.354331 1.000000
vt 0.346457 0.000000
vt 0.362205 1.000000
vt 0.354331 0.000000
vt 0.370079 1.000000
vt 0.362205 0.000000
vt 0.377953 1.000000
vt 0.370079 0.000000
vt 0.385827 1.000000
vt 0.377953 0.000000
vt 0.393701 1.000000
vt 0.385827 0.000000
vt 0.401575 1.000000
vt 0.393701 0.000000
vt 0.409449 1.000000
vt 0.401575 0.000000
vt 0.417323 1.000000
vt 0.409449 0.000000
vt 0.425197 1.000000
vt 0.417323 0.000000
vt 0.433071 1.000000
vt 0.425197 0.000000
vt 0.440945 1.000000
vt 0.433071 0.000000
vt 0.448819 1.000000
vt 0.440945 0.000000
vt 0.456693 1.000000
vt 0.448819 0.000000
vt 0.464567 1.000000
vt 0.456693 0.000000
vt 0.472441 1.000000
vt 0.464567 0.000000
vt 0.480315 1.000000
vt 0.472441 0.000000
vt 0.488189 1.000000
vt 0.480315 0.000000
vt 0.496063 1.000000
vt 0.488189 0.000000
vt 0.503937 1.000000
vt 0.496063 0.000000
vt 0.511811 1.000000
vt 0.503937 0.000000
vt 0.519685 1.000000
vt 0.511811 0.000000
vt 0.527559 1.000000
vt 0.519685 0.000000
vt 0.535433 1.000000
vt 0.527559 0.000000
vt 0.543307 1.000000
vt 0.535433 0.000000
vt 0.551181 1.000000
vt 0.543307 0.000000
vt 0.559055 1.000000
vt 0.551181 0.000000
vt 0.566929 1.000000
vt 0.559055 0.000000
vt 0.574803 1.000000
vt 0.566929 0.000000
vt 0.582677 1.000000
vt 0.574803 0.000000
vt 0.590551 1.000000
vt 0.582677 0.000000
vt 0.598425 1.000000
vt 0.590551 0.000000
vt 0.606299 1.000000
vt 0.598425 0.000000
vt 0.614173 1.000000
vt 0.606299 0.000000
vt 0.622047 1.000000
vt 0.614173 0.000000
vt 0.629921 1.000000
vt 0.622047 0.000000
vt 0.637795 1.000000
vt 0.629921 0.000000
vt 0.645669 1.000000
vt 0.637795 0.000000
vt 0.653543 1.000000
vt 0.645669 0.000000
vt 0.661417 1.000000
vt 0.653543 0.000000
vt 0.669291 1.000000
vt 0.661417 0.000000
vt 0.677165 1.000000
vt 0.669291 0.000000
vt 0.685039 1.000000
vt 0.677165 0.000000
vt 0.692913 1.000000
vt 0.685039 0.000000
vt 0.700787 1.000000
vt 0.692913 0.000000
vt 0.708661 1.000000
vt 0.700787 0.000000
vt 0.716535 1.000000
vt 0.708661 0.000000
vt 0.724409 1.000000
vt 0.716535 0.000000
vt 0.732283 1.000000
vt 0.724409 0.000000
vt 0.740157 1.000000
vt 0.732283 0.000000
vt 0.748031 1.000000
vt 0.740157 0.000000
vt 0.755906 1.000000
vt 0.748031 0.000000
vt 0.763780 1.000000
vt 0.755906 0.000000
vt 0.771654 1.000000
vt 0.763780 0.000000
vt 0.779528 1.000000
vt 0.771654 0.000000
vt 0.787402 1.000000
vt 0.779528 0.000000
vt 0.795276 1.000000
vt 0.787402 0.000000
vt 0.803150 1.000000
vt 0.795276 0.000000
vt 0.811024 1.000000
vt 0.803150 0.000000
vt 0.818898 1.000000
vt 0.811024 0.000000
vt 0.826772 1.000000
vt 0.818898 0.000000
vt 0.834646 1.000000
vt 0.826772 0.000000
vt 0.842520 1.000000
vt 0.834646 0.000000
vt 0.850394 1.000000
vt 0.842520 0.000000
vt 0.858268 1.000000
vt 0.850394 0.000000
vt 0.866142 1.000000
vt 0.858268 0.000000
vt 0.874016 1.000000
vt 0.866142 0.000000
vt 0.881890 1.000000
vt 0.874016 0.000000
vt 0.889764 1.000000
vt 0.881890 0.000000
vt 0.897638 1.000000
vt 0.889764 0.000000
vt 0.905512 1.000000
vt 0.897638 0.000000
vt 0.913386 1.000000
vt 0.905512 0.000000
vt 0.921260 1.000000
vt 0.913386 0.000000
vt 0.929134 1.000000
vt 0.921260 0.000000
vt 0.937008 1.000000
vt 0.929134 0.000000
vt 0.944882 1.000000
vt 0.937008 0.000000
vt 0.952756 1.000000
vt 0.944882 0.000000
vt 0.960630 1.000000
vt 0.952756 0.000000
vt 0.968504 1.000000
vt 0.960630 0.000000
vt 0.976378 1.000000
vt 0.968504 0.000000
vt 0.984252 1.000000
vt 0.976378 0.000000
vt 0.992126 1.000000
vt 0.984252 0.000000
vt 0.992126 0.000000
vt 0.035714 1.000000
vt 0.071429 1.000000
vt 0.035714 0.000000
vt 0.107143 1.000000
vt 0.107143 0.000000
vt 0.178571 1.000000
vt 0.214286 1.000000
vt 0.178571 0.000000
vt 0.321429 1.000000
vt 0.357143 1.000000
vt 0.321429 0.000000
vt 0.392857 1.000000
vt 0.392857 0.000000
vt 0.464286 1.000000
vt 0.464286 0.000000
vt 0.535714 1.000000
vt 0.535714 0.000000
vt 0.607143 1.000000
vt 0.642857 1.000000
vt 0.607143 0.000000
vt 0.678571 1.000000
vt 0.678571 0.000000
vt 0.785714 1.000000
vt 0.821429 1.000000
vt 0.821429 0.000000
vt 0.892857 1.000000
vt 0.928571 1.000000
vt 0.892857 0.000000
vt 0.964286 1.000000
vt 0.964286 0.000000
vt 0.015152 1.000000
vt 0.030303 1.000000
vt 0.015152 0.000000
vt 0.045455 1.000000
vt 0.030303 0.000000
vt 0.060606 1.000000
vt 0.045455 0.000000
vt 0.075758 1.000000
vt 0.060606 0.000000
vt 0.090909 1.000000
vt 0.075758 0.000000
vt 0.106061 1.000000
vt 0.090909 0.000000
vt 0.121212 1.000000
vt 0.106061 0.000000
vt 0.136364 1.000000
vt 0.121212 0.000000
vt 0.151515 1.000000
vt 0.136364 0.000000
vt 0.151515 0.000000
vt 0.181818 1.000000
vt 0.196970 1.000000
vt 0.181818 0.000000
vt 0.212121 1.000000
vt 0.196970 0.000000
vt 0.227273 1.000000
vt 0.212121 0.000000
vt 0.242424 1.000000
vt 0.227273 0.000000
vt 0.257576 1.000000
vt 0.242424 0.000000
vt 0.272727 1.000000
vt 0.257576 0.000000
vt 0.287879 1.000000
vt 0.272727 0.000000
vt 0.303030 1.000000
vt 0.287879 0.000000
vt 0.318182 1.000000
vt 0.303030 0.000000
vt 0.318182 0.000000
vt 0.348485 1.000000
vt 0.363636 1.000000
vt 0.348485 0.000000
vt 0.378788 1.000000
vt 0.363636 0.000000
vt 0.393939 1.000000
vt 0.378788 0.000000
vt 0.409091 1.000000
vt 0.393939 0.000000
vt 0.424242 1.000000
vt 0.409091 0.000000
vt 0.439394 1.000000
vt 0.424242 0.000000
vt 0.454545 1.000000
vt 0.439394 0.000000
vt 0.469697 1.000000
vt 0.454545 0.000000
vt 0.484848 1.000000
vt 0.469697 0.000000
vt 0.484848 0.000000
vt 0.515152 1.000000
vt 0.530303 1.000000
vt 0.515152 0.000000
vt 0.545455 1.000000
vt 0.530303 0.000000
vt 0.560606 1.000000
vt 0.545455 0.000000
vt 0.575758 1.000000
vt 0.560606 0.000000
vt 0.590909 1.000000
vt 0.575758 0.000000
vt 0.606061 1.000000
vt 0.590909 0.000000
vt 0.621212 1.000000
vt 0.606061 0.000000
vt 0.636364 1.000000
vt 0.621212 0.000000
vt 0.651515 1.000000
vt 0.636364 0.000000
vt 0.651515 0.000000
vt 0.681818 1.000000
vt 0.696970 1.000000
vt 0.681818 0.000000
vt 0.712121 1.000000
vt 0.696970 0.000000
vt 0.727273 1.000000
vt 0.712121 0.000000
vt 0.742424 1.000000
vt 0.727273 0.000000
vt 0.757576 1.000000
vt 0.742424 0.000000
vt 0.772727 1.000000
vt 0.757576 0.000000
vt 0.787879 1.000000
vt 0.772727 0.000000
vt 0.803030 1.000000
vt 0.787879 0.000000
vt 0.818182 1.000000
vt 0.803030 0.000000
vt 0.818182 0.000000
vt 0.848485 1.000000
vt 0.863636 1.000000
vt 0.848485 0.000000
vt 0.878788 1.000000
vt 0.863636 0.000000
vt 0.893939 1.000000
vt 0.878788 0.000000
vt 0.909091 1.000000
vt 0.893939 0.000000
vt 0.924242 1.000000
vt 0.909091 0.000000
vt 0.939394 1.000000
vt 0.924242 0.000000
vt 0.954545 1.000000
vt 0.939394 0.000000
vt 0.969697 1.000000
vt 0.954545 0.000000
vt 0.984848 1.000000
vt 0.969697 0.000000
vt 0.984848 0.000000
s 0
f 122/1/1 124/2/1 123/3/1
f 122/1/1 125/4/1 124/2/1
f 122/1/1 126/5/1 125/4/1
f 121/6/1 126/5/1 122/1/1
f 121/6/1 127/7/1 126/5/1
f 120/8/1 127/7/1 121/6/1
f 120/8/1 128/9/1 127/7/1
f 119/10/1 128/9/1 120/8/1
f 118/11/1 128/9/1 119/10/1
f 131/12/1 133/13/1 132/14/1
f 131/12/1 134/15/1 133/13/1
f 118/11/1 129/16/1 128/9/1
f 130/17/1 134/15/1 131/12/1
f 130/17/1 135/18/1 134/15/1
f 129/16/1 135/18/1 130/17/1
f 129/16/1 136/19/1 135/18/1
f 118/11/1 136/19/1 129/16/1
f 118/11/1 137/20/1 136/19/1
f 117/21/1 137/20/1 118/11/1
f 117/21/1 138/22/1 137/20/1
f 116/23/1 45/24/1 117/21/1
f 45/24/1 138/22/1 117/21/1
f 45/24/1 139/25/1 138/22/1
f 116/23/1 46/26/1 45/24/1
f 44/27/1 139/25/1 45/24/1
f 116/23/1 47/28/1 46/26/1
f 115/29/1 47/28/1 116/23/1
f 43/30/1 139/25/1 44/27/1
f 42/31/1 139/25/1 43/30/1
f 114/32/1 47/28/1 115/29/1
f 41/33/1 139/25/1 42/31/1
f 41/33/1 140/34/1 139/25/1
f 114/32/1 48/35/1 47/28/1
f 40/36/1 140/34/1 41/33/1
f 114/32/1 49/37/1 48/35/1
f 113/38/1 49/37/1 114/32/1
f 40/36/1 141/39/1 140/34/1
f 39/40/1 141/39/1 40/36/1
f 113/38/1 50/41/1 49/37/1
f 112/42/1 50/41/1 113/38/1
f 38/43/1 141/39/1 39/40/1
f 38/43/1 142/44/1 141/39/1
f 112/42/1 51/45/1 50/41/1
f 111/46/1 51/45/1 112/42/1
f 37/47/1 142/44/1 38/43/1
f 37/47/1 6/48/1 142/44/1
f 110/49/1 51/45/1 111/46/1
f 110/49/1 52/50/1 51/45/1
f 109/51/1 52/50/1 110/49/1
f 36/52/1 6/48/1 37/47/1
f 36/52/1 7/53/1 6/48/1
f 109/51/1 53/54/1 52/50/1
f 108/55/1 53/54/1 109/51/1
f 108/55/1 54/56/1 53/54/1
f 35/57/1 7/53/1 36/52/1
f 108/55/1 55/58/1 54/56/1
f 35/57/1 8/59/1 7/53/1
f 107/60/1 55/58/1 108/55/1
f 107/60/1 56/61/1 55/58/1
f 34/62/1 8/59/1 35/57/1
f 107/60/1 57/63/1 56/61/1
f 34/62/1 9/64/1 8/59/1
f 106/65/1 57/63/1 107/60/1
f 33/66/1 9/64/1 34/62/1
f 106/65/1 58/67/1 57/63/1
f 33/66/1 10/68/1 9/64/1
f 105/69/1 58/67/1 106/65/1
f 105/69/1 59/70/1 58/67/1
f 32/71/1 10/68/1 33/66/1
f 22/72/1 24/73/1 23/74/1
f 22/72/1 25/75/1 24/73/1
f 104/76/1 59/70/1 105/69/1
f 104/76/1 60/77/1 59/70/1
f 22/72/1 26/78/1 25/75/1
f 21/79/1 26/78/1 22/72/1
f 20/80/1 26/78/1 21/79/1
f 104/76/1 61/81/1 60/77/1
f 20/80/1 27/82/1 26/78/1
f 32/71/1 11/83/1 10/68/1
f 31/84/1 11/83/1 32/71/1
f 19/85/1 27/82/1 20/80/1
f 103/86/1 61/81/1 104/76/1
f 103/86/1 62/87/1 61/81/1
f 31/84/1 12/88/1 11/83/1
f 19/85/1 28/89/1 27/82/1
f 30/90/1 12/88/1 31/84/1
f 18/91/1 28/89/1 19/85/1
f 30/90/1 13/92/1 12/88/1
f 29/93/1 13/92/1 30/90/1
f 103/86/1 63/94/1 62/87/1
f 18/91/1 29/93/1 28/89/1
f 18/91/1 13/92/1 29/93/1
f 18/91/1 14/95/1 13/92/1
f 102/96/1 63/94/1 103/86/1
f 17/97/1 14/95/1 18/91/1
f 16/98/1 14/95/1 17/97/1
f 16/98/1 15/99/1 14/95/1
f 102/96/1 64/100/1 63/94/1
f 101/101/1 64/100/1 102/96/1
f 101/101/1 65/102/1 64/100/1
f 100/103/1 65/102/1 101/101/1
f 99/104/1 65/102/1 100/103/1
f 99/104/1 66/105/1 65/102/1
f 98/106/1 66/105/1 99/104/1
f 98/106/1 67/107/1 66/105/1
f 97/108/1 67/107/1 98/106/1
f 97/108/1 68/109/1 67/107/1
f 96/110/1 68/109/1 97/108/1
f 96/110/1 69/111/1 68/109/1
f 95/112/1 69/111/1 96/110/1
f 95/112/1 70/113/1 69/111/1
f 94/114/1 70/113/1 95/112/1
f 147/115/1 144/116/1 143/117/1
f 94/114/1 71/118/1 70/113/1
f 147/115/1 145/119/1 144/116/1
f 93/120/1 71/118/1 94/114/1
f 146/121/1 145/119/1 147/115/1
f 92/122/1 71/118/1 93/120/1
f 92/122/1 72/123/1 71/118/1
f 91/124/1 72/123/1 92/122/1
f 91/124/1 73/125/1 72/123/1
f 90/126/1 73/125/1 91/124/1
f 90/126/1 74/127/1 73/125/1
f 89/128/1 74/127/1 90/126/1
f 88/129/1 74/127/1 89/128/1
f 88/129/1 75/130/1 74/127/1
f 87/131/1 75/130/1 88/129/1
f 87/131/1 76/132/1 75/130/1
f 86/133/1 76/132/1 87/131/1
f 86/133/1 77/134/1 76/132/1
f 85/135/1 77/134/1 86/133/1
f 85/135/1 78/136/1 77/134/1
f 84/137/1 78/136/1 85/135/1
f 84/137/1 79/138/1 78/136/1
f 83/139/1 79/138/1 84/137/1
f 83/139/1 80/140/1 79/138/1
f 83/139/1 81/141/1 80/140/1
f 82/142/1 81/141/1 83/139/1
f 5/143/1 2/144/1 1/145/1
f 4/146/1 2/144/1 5/143/1
f 4/146/1 3/147/1 2/144/1
f 218/148/1 215/149/1 214/150/1
f 217/151/1 215/149/1 218/148/1
f 217/151/1 216/152/1 215/149/1
f 245/153/1 219/154/1 246/115/1
f 244/155/1 219/154/1 245/153/1
f 244/155/1 220/156/1 219/154/1
f 243/157/1 220/156/1 244/155/1
f 242/158/1 220/156/1 243/157/1
f 242/158/1 221/159/1 220/156/1
f 241/160/1 221/159/1 242/158/1
f 241/160/1 222/161/1 221/159/1
f 240/162/1 222/161/1 241/160/1
f 239/163/1 222/161/1 240/162/1
f 239/163/1 223/164/1 222/161/1
f 239/163/1 224/165/1 223/164/1
f 238/166/1 224/165/1 239/163/1
f 238/166/1 225/167/1 224/165/1
f 237/168/1 225/167/1 238/166/1
f 237/168/1 226/169/1 225/167/1
f 236/170/1 226/169/1 237/168/1
f 236/170/1 227/171/1 226/169/1
f 235/172/1 227/171/1 236/170/1
f 235/172/1 228/173/1 227/171/1
f 234/174/1 228/173/1 235/172/1
f 234/174/1 229/175/1 228/173/1
f 233/176/1 229/175/1 234/174/1
f 233/176/1 230/177/1 229/175/1
f 232/178/1 230/177/1 233/176/1
f 231/179/1 230/177/1 232/178/1
f 206/180/1 208/181/1 207/182/1
f 205/183/1 208/181/1 206/180/1
f 205/183/1 209/184/1 208/181/1
f 204/185/1 209/184/1 205/183/1
f 204/185/1 210/186/1 209/184/1
f 203/187/1 210/186/1 204/185/1
f 203/187/1 211/188/1 210/186/1
f 203/187/1 212/189/1 211/188/1
f 203/187/1 213/190/1 212/189/1
f 202/191/1 213/190/1 203/187/1
f 202/191/1 148/145/1 213/190/1
f 202/191/1 149/192/1 148/145/1
f 201/193/1 149/192/1 202/191/1
f 201/193/1 150/194/1 149/192/1
f 200/195/1 150/194/1 201/193/1
f 200/195/1 151/196/1 150/194/1
f 200/195/1 152/197/1 151/196/1
f 200/195/1 153/198/1 152/197/1
f 199/199/1 153/198/1 200/195/1
f 199/199/1 154/200/1 153/198/1
f 198/201/1 154/200/1 199/199/1
f 198/201/1 155/202/1 154/200/1
f 198/201/1 156/203/1 155/202/1
f 198/201/1 157/204/1 156/203/1
f 197/127/1 157/204/1 198/201/1
f 197/127/1 158/205/1 157/204/1
f 196/206/1 158/205/1 197/127/1
f 196/206/1 159/207/1 158/205/1
f 195/208/1 159/207/1 196/206/1
f 194/209/1 159/207/1 195/208/1
f 194/209/1 160/210/1 159/207/1
f 193/211/1 160/210/1 194/209/1
f 192/212/1 160/210/1 193/211/1
f 192/212/1 161/213/1 160/210/1
f 191/214/1 161/213/1 192/212/1
f 190/215/1 161/213/1 191/214/1
f 190/215/1 162/216/1 161/213/1
f 189/217/1 162/216/1 190/215/1
f 189/217/1 163/218/1 162/216/1
f 188/219/1 163/218/1 189/217/1
f 188/219/1 164/220/1 163/218/1
f 187/221/1 164/220/1 188/219/1
f 187/221/1 165/222/1 164/220/1
f 187/221/1 166/223/1 165/222/1
f 186/224/1 166/223/1 187/221/1
f 186/224/1 167/225/1 166/223/1
f 185/226/1 167/225/1 186/224/1
f 185/226/1 168/227/1 167/225/1
f 184/228/1 168/227/1 185/226/1
f 183/229/1 168/227/1 184/228/1
f 183/229/1 169/230/1 168/227/1
f 182/231/1 169/230/1 183/229/1
f 182/231/1 170/232/1 169/230/1
f 182/231/1 171/233/1 170/232/1
f 181/234/1 171/233/1 182/231/1
f 180/235/1 171/233/1 181/234/1
f 180/235/1 172/236/1 171/233/1
f 179/237/1 172/236/1 180/235/1
f 179/237/1 173/238/1 172/236/1
f 178/239/1 173/238/1 179/237/1
f 178/239/1 174/240/1 173/238/1
f 177/241/1 174/240/1 178/239/1
f 177/241/1 175/242/1 174/240/1
f 176/243/1 175/242/1 177/241/1
f 334/244/1 336/245/1 335/246/1
f 334/244/1 337/148/1 336/245/1
f 334/244/1 338/247/1 337/148/1
f 333/248/1 338/247/1 334/244/1
f 333/248/1 339/249/1 338/247/1
f 332/250/1 339/249/1 333/248/1
f 330/251/1 332/250/1 331/252/1
f 330/251/1 339/249/1 332/250/1
f 330/251/1 340/253/1 339/249/1
f 329/254/1 340/253/1 330/251/1
f 329/254/1 341/255/1 340/253/1
f 328/188/1 341/255/1 329/254/1
f 328/188/1 342/256/1 341/255/1
f 327/257/1 342/256/1 328/188/1
f 327/257/1 343/258/1 342/256/1
f 326/259/1 343/258/1 327/257/1
f 326/259/1 344/260/1 343/258/1
f 325/261/1 344/260/1 326/259/1
f 325/261/1 345/262/1 344/260/1
f 324/263/1 345/262/1 325/261/1
f 323/264/1 345/262/1 324/263/1
f 323/264/1 346/167/1 345/262/1
f 322/265/1 346/167/1 323/264/1
f 322/265/1 347/266/1 346/167/1
f 321/267/1 347/266/1 322/265/1
f 320/268/1 347/266/1 321/267/1
f 320/268/1 348/269/1 347/266/1
f 319/185/1 348/269/1 320/268/1
f 318/270/1 348/269/1 319/185/1
f 318/270/1 349/271/1 348/269/1
f 318/270/1 350/272/1 349/271/1
f 317/273/1 350/272/1 318/270/1
f 316/274/1 350/272/1 317/273/1
f 316/274/1 351/275/1 350/272/1
f 315/276/1 351/275/1 316/274/1
f 315/276/1 352/277/1 351/275/1
f 314/278/1 352/277/1 315/276/1
f 314/278/1 353/279/1 352/277/1
f 313/280/1 353/279/1 314/278/1
f 313/280/1 354/281/1 353/279/1
f 356/282/1 358/283/1 357/284/1
f 312/285/1 354/281/1 313/280/1
f 356/282/1 359/286/1 358/283/1
f 356/282/1 360/287/1 359/286/1
f 355/178/1 360/287/1 356/282/1
f 355/178/1 361/288/1 360/287/1
f 355/178/1 362/289/1 361/288/1
f 354/281/1 362/289/1 355/178/1
f 311/290/1 354/281/1 312/285/1
f 311/290/1 362/289/1 354/281/1
f 311/290/1 363/291/1 362/289/1
f 310/127/1 363/291/1 311/290/1
f 310/127/1 273/292/1 363/291/1
f 273/292/1 272/293/1 363/291/1
f 272/293/1 364/163/1 363/291/1
f 310/127/1 274/230/1 273/292/1
f 271/294/1 364/163/1 272/293/1
f 309/295/1 274/230/1 310/127/1
f 309/295/1 275/296/1 274/230/1
f 270/297/1 364/163/1 271/294/1
f 309/295/1 276/298/1 275/296/1
f 269/299/1 364/163/1 270/297/1
f 269/299/1 365/300/1 364/163/1
f 308/301/1 276/298/1 309/295/1
f 308/301/1 277/302/1 276/298/1
f 268/303/1 365/300/1 269/299/1
f 268/303/1 366/304/1 365/300/1
f 307/305/1 277/302/1 308/301/1
f 267/306/1 366/304/1 268/303/1
f 306/307/1 277/302/1 307/305/1
f 306/307/1 278/308/1 277/302/1
f 266/309/1 366/304/1 267/306/1
f 266/309/1 367/310/1 366/304/1
f 265/216/1 367/310/1 266/309/1
f 306/307/1 279/311/1 278/308/1
f 305/312/1 279/311/1 306/307/1
f 264/313/1 367/310/1 265/216/1
f 305/312/1 280/314/1 279/311/1
f 264/313/1 368/315/1 367/310/1
f 304/316/1 280/314/1 305/312/1
f 263/317/1 368/315/1 264/313/1
f 304/316/1 281/318/1 280/314/1
f 262/319/1 368/315/1 263/317/1
f 262/319/1 369/320/1 368/315/1
f 261/321/1 369/320/1 262/319/1
f 304/316/1 282/322/1 281/318/1
f 303/323/1 282/322/1 304/316/1
f 261/321/1 370/324/1 369/320/1
f 260/325/1 370/324/1 261/321/1
f 303/323/1 283/243/1 282/322/1
f 302/326/1 283/243/1 303/323/1
f 259/327/1 370/324/1 260/325/1
f 302/326/1 284/328/1 283/243/1
f 259/327/1 371/329/1 370/324/1
f 301/215/1 284/328/1 302/326/1
f 258/330/1 371/329/1 259/327/1
f 258/330/1 372/331/1 371/329/1
f 300/332/1 284/328/1 301/215/1
f 258/330/1 373/115/1 372/331/1
f 257/333/1 373/115/1 258/330/1
f 299/334/1 284/328/1 300/332/1
f 299/334/1 285/335/1 284/328/1
f 298/336/1 285/335/1 299/334/1
f 257/333/1 247/145/1 373/115/1
f 256/202/1 247/145/1 257/333/1
f 297/337/1 285/335/1 298/336/1
f 256/202/1 248/338/1 247/145/1
f 297/337/1 286/339/1 285/335/1
f 255/340/1 248/338/1 256/202/1
f 296/341/1 286/339/1 297/337/1
f 255/340/1 249/342/1 248/338/1
f 254/343/1 249/342/1 255/340/1
f 296/341/1 287/344/1 286/339/1
f 253/345/1 249/342/1 254/343/1
f 253/345/1 250/346/1 249/342/1
f 252/347/1 250/346/1 253/345/1
f 296/341/1 288/348/1 287/344/1
f 252/347/1 251/349/1 250/346/1
f 295/350/1 288/348/1 296/341/1
f 295/350/1 289/351/1 288/348/1
f 294/352/1 289/351/1 295/350/1
f 294/352/1 290/353/1 289/351/1
f 293/354/1 290/353/1 294/352/1
f 293/354/1 291/355/1 290/353/1
f 292/229/1 291/355/1 293/354/1
f 447/356/1 449/357/1 448/358/1
f 447/356/1 450/359/1 449/357/1
f 446/360/1 450/359/1 447/356/1
f 446/360/1 451/361/1 450/359/1
f 445/362/1 451/361/1 446/360/1
f 445/362/1 452/363/1 451/361/1
f 444/364/1 452/363/1 445/362/1
f 443/365/1 452/363/1 444/364/1
f 442/366/1 452/363/1 443/365/1
f 442/366/1 453/115/1 452/363/1
f 441/367/1 453/115/1 442/366/1
f 441/367/1 380/368/1 453/115/1
f 440/369/1 380/368/1 441/367/1
f 439/370/1 380/368/1 440/369/1
f 438/371/1 380/368/1 439/370/1
f 438/371/1 381/372/1 380/368/1
f 438/371/1 382/373/1 381/372/1
f 437/374/1 382/373/1 438/371/1
f 437/374/1 383/375/1 382/373/1
f 436/376/1 383/375/1 437/374/1
f 436/376/1 389/377/1 383/375/1
f 389/377/1 384/378/1 383/375/1
f 435/379/1 390/380/1 436/376/1
f 390/380/1 389/377/1 436/376/1
f 435/379/1 391/381/1 390/380/1
f 388/382/1 384/378/1 389/377/1
f 435/379/1 392/383/1 391/381/1
f 387/384/1 384/378/1 388/382/1
f 386/385/1 384/378/1 387/384/1
f 434/386/1 392/383/1 435/379/1
f 386/385/1 385/387/1 384/378/1
f 434/386/1 393/388/1 392/383/1
f 433/389/1 393/388/1 434/386/1
f 433/389/1 394/390/1 393/388/1
f 432/391/1 394/390/1 433/389/1
f 432/391/1 395/392/1 394/390/1
f 432/391/1 396/393/1 395/392/1
f 431/394/1 396/393/1 432/391/1
f 431/394/1 397/395/1 396/393/1
f 431/394/1 398/396/1 397/395/1
f 430/397/1 398/396/1 431/394/1
f 430/397/1 399/398/1 398/396/1
f 429/399/1 399/398/1 430/397/1
f 429/399/1 400/400/1 399/398/1
f 428/401/1 400/400/1 429/399/1
f 428/401/1 401/402/1 400/400/1
f 427/403/1 401/402/1 428/401/1
f 427/403/1 402/404/1 401/402/1
f 426/405/1 402/404/1 427/403/1
f 426/405/1 403/406/1 402/404/1
f 425/407/1 403/406/1 426/405/1
f 425/407/1 404/408/1 403/406/1
f 409/409/1 411/410/1 410/411/1
f 409/409/1 412/412/1 411/410/1
f 425/407/1 405/413/1 404/408/1
f 424/414/1 405/413/1 425/407/1
f 408/415/1 412/412/1 409/409/1
f 424/414/1 406/416/1 405/413/1
f 407/417/1 412/412/1 408/415/1
f 407/417/1 413/418/1 412/412/1
f 424/414/1 407/417/1 406/416/1
f 424/414/1 413/418/1 407/417/1
f 424/414/1 414/419/1 413/418/1
f 423/420/1 414/419/1 424/414/1
f 422/421/1 414/419/1 423/420/1
f 422/421/1 415/422/1 414/419/1
f 422/421/1 416/423/1 415/422/1
f 421/424/1 416/423/1 422/421/1
f 421/424/1 417/425/1 416/423/1
f 420/426/1 417/425/1 421/424/1
f 420/426/1 418/427/1 417/425/1
f 419/428/1 418/427/1 420/426/1
f 378/429/1 374/145/1 379/430/1
f 378/429/1 375/431/1 374/145/1
f 377/432/1 375/431/1 378/429/1
f 377/432/1 376/433/1 375/431/1
f 575/1/1 577/2/1 576/3/1
f 575/1/1 578/4/1 577/2/1
f 575/1/1 579/5/1 578/4/1
f 574/6/1 579/5/1 575/1/1
f 574/6/1 580/7/1 579/5/1
f 573/8/1 580/7/1 574/6/1
f 573/8/1 581/9/1 580/7/1
f 572/10/1 581/9/1 573/8/1
f 571/11/1 581/9/1 572/10/1
f 584/12/1 586/13/1 585/14/1
f 584/12/1 587/15/1 586/13/1
f 571/11/1 582/16/1 581/9/1
f 583/17/1 587/15/1 584/12/1
f 583/17/1 588/18/1 587/15/1
f 582/16/1 588/18/1 583/17/1
f 582/16/1 589/19/1 588/18/1
f 571/11/1 589/19/1 582/16/1
f 571/11/1 590/20/1 589/19/1
f 570/21/1 590/20/1 571/11/1
f 570/21/1 591/22/1 590/20/1
f 569/23/1 498/24/1 570/21/1
f 498/24/1 591/22/1 570/21/1
f 498/24/1 592/25/1 591/22/1
f 569/23/1 499/26/1 498/24/1
f 497/27/1 592/25/1 498/24/1
f 569/23/1 500/28/1 499/26/1
f 568/29/1 500/28/1 569/23/1
f 496/30/1 592/25/1 497/27/1
f 495/31/1 592/25/1 496/30/1
f 567/32/1 500/28/1 568/29/1
f 494/33/1 592/25/1 495/31/1
f 494/33/1 593/34/1 592/25/1
f 567/32/1 501/35/1 500/28/1
f 493/36/1 593/34/1 494/33/1
f 567/32/1 502/37/1 501/35/1
f 566/38/1 502/37/1 567/32/1
f 493/36/1 594/39/1 593/34/1
f 492/40/1 594/39/1 493/36/1
f 566/38/1 503/41/1 502/37/1
f 565/42/1 503/41/1 566/38/1
f 491/43/1 594/39/1 492/40/1
f 491/43/1 595/44/1 594/39/1
f 565/42/1 504/45/1 503/41/1
f 564/46/1 504/45/1 565/42/1
f 490/47/1 595/44/1 491/43/1
f 490/47/1 459/48/1 595/44/1
f 563/49/1 504/45/1 564/46/1
f 563/49/1 505/50/1 504/45/1
f 562/51/1 505/50/1 563/49/1
f 489/52/1 459/48/1 490/47/1
f 489/52/1 460/53/1 459/48/1
f 562/51/1 506/54/1 505/50/1
f 561/55/1 506/54/1 562/51/1
f 561/55/1 507/56/1 506/54/1
f 488/57/1 460/53/1 489/52/1
f 561/55/1 508/58/1 507/56/1
f 488/57/1 461/59/1 460/53/1
f 560/60/1 508/58/1 561/55/1
f 560/60/1 509/61/1 508/58/1
f 487/62/1 461/59/1 488/57/1
f 560/60/1 510/63/1 509/61/1
f 487/62/1 462/64/1 461/59/1
f 559/65/1 510/63/1 560/60/1
f 486/66/1 462/64/1 487/62/1
f 559/65/1 511/67/1 510/63/1
f 486/66/1 463/68/1 462/64/1
f 558/69/1 511/67/1 559/65/1
f 558/69/1 512/70/1 511/67/1
f 485/71/1 463/68/1 486/66/1
f 475/72/1 477/73/1 476/74/1
f 475/72/1 478/75/1 477/73/1
f 557/76/1 512/70/1 558/69/1
f 557/76/1 513/77/1 512/70/1
f 475/72/1 479/78/1 478/75/1
f 474/79/1 479/78/1 475/72/1
f 473/80/1 479/78/1 474/79/1
f 557/76/1 514/81/1 513/77/1
f 473/80/1 480/82/1 479/78/1
f 485/71/1 464/83/1 463/68/1
f 484/84/1 464/83/1 485/71/1
f 472/85/1 480/82/1 473/80/1
f 556/86/1 514/81/1 557/76/1
f 556/86/1 515/87/1 514/81/1
f 484/84/1 465/88/1 464/83/1
f 472/85/1 481/89/1 480/82/1
f 483/90/1 465/88/1 484/84/1
f 471/91/1 481/89/1 472/85/1
f 483/90/1 466/92/1 465/88/1
f 482/93/1 466/92/1 483/90/1
f 556/86/1 516/94/1 515/87/1
f 471/91/1 482/93/1 481/89/1
f 471/91/1 466/92/1 482/93/1
f 471/91/1 467/95/1 466/92/1
f 555/96/1 516/94/1 556/86/1
f 470/97/1 467/95/1 471/91/1
f 469/98/1 467/95/1 470/97/1
f 469/98/1 468/99/1 467/95/1
f 555/96/1 517/100/1 516/94/1
f 554/101/1 517/100/1 555/96/1
f 554/101/1 518/102/1 517/100/1
f 553/103/1 518/102/1 554/101/1
f 552/104/1 518/102/1 553/103/1
f 552/104/1 519/105/1 518/102/1
f 551/106/1 519/105/1 552/104/1
f 551/106/1 520/107/1 519/105/1
f 550/108/1 520/107/1 551/106/1
f 550/108/1 521/109/1 520/107/1
f 549/110/1 521/109/1 550/108/1
f 549/110/1 522/111/1 521/109/1
f 548/112/1 522/111/1 549/110/1
f 548/112/1 523/113/1 522/111/1
f 547/114/1 523/113/1 548/112/1
f 600/115/1 597/116/1 596/117/1
f 547/114/1 524/118/1 523/113/1
f 600/115/1 598/119/1 597/116/1
f 546/120/1 524/118/1 547/114/1
f 599/121/1 598/119/1 600/115/1
f 545/122/1 524/118/1 546/120/1
f 545/122/1 525/123/1 524/118/1
f 544/124/1 525/123/1 545/122/1
f 544/124/1 526/125/1 525/123/1
f 543/126/1 526/125/1 544/124/1
f 543/126/1 527/127/1 526/125/1
f 542/128/1 527/127/1 543/126/1
f 541/129/1 527/127/1 542/128/1
f 541/129/1 528/130/1 527/127/1
f 540/131/1 528/130/1 541/129/1
f 540/131/1 529/132/1 528/130/1
f 539/133/1 529/132/1 540/131/1
f 539/133/1 530/134/1 529/132/1
f 538/135/1 530/134/1 539/133/1
f 538/135/1 531/136/1 530/134/1
f 537/137/1 531/136/1 538/135/1
f 537/137/1 532/138/1 531/136/1
f 536/139/1 532/138/1 537/137/1
f 536/139/1 533/140/1 532/138/1
f 536/139/1 534/141/1 533/140/1
f 535/142/1 534/141/1 536/139/1
f 458/143/1 455/144/1 454/145/1
f 457/146/1 455/144/1 458/143/1
f 457/146/1 456/147/1 455/144/1
f 670/434/1 672/435/1 671/436/1
f 669/437/1 672/435/1 670/434/1
f 669/437/1 673/438/1 672/435/1
f 668/439/1 673/438/1 669/437/1
f 668/439/1 674/440/1 673/438/1
f 667/441/1 674/440/1 668/439/1
f 667/441/1 675/442/1 674/440/1
f 666/443/1 675/442/1 667/441/1
f 666/443/1 676/444/1 675/442/1
f 665/445/1 676/444/1 666/443/1
f 665/445/1 677/446/1 676/444/1
f 664/447/1 677/446/1 665/445/1
f 664/447/1 678/448/1 677/446/1
f 663/449/1 678/448/1 664/447/1
f 663/449/1 679/450/1 678/448/1
f 662/451/1 679/450/1 663/449/1
f 661/452/1 651/453/1 662/451/1
f 651/453/1 679/450/1 662/451/1
f 651/453/1 650/454/1 679/450/1
f 650/454/1 680/455/1 679/450/1
f 661/452/1 653/456/1 651/453/1
f 653/456/1 652/457/1 651/453/1
f 661/452/1 654/458/1 653/456/1
f 649/459/1 680/455/1 650/454/1
f 660/127/1 654/458/1 661/452/1
f 660/127/1 655/460/1 654/458/1
f 648/461/1 680/455/1 649/459/1
f 659/462/1 657/463/1 660/127/1
f 657/463/1 655/460/1 660/127/1
f 657/463/1 656/464/1 655/460/1
f 659/462/1 658/465/1 657/463/1
f 648/461/1 681/466/1 680/455/1
f 647/467/1 681/466/1 648/461/1
f 646/468/1 681/466/1 647/467/1
f 646/468/1 682/469/1 681/466/1
f 645/470/1 682/469/1 646/468/1
f 645/470/1 683/471/1 682/469/1
f 644/472/1 683/471/1 645/470/1
f 643/473/1 683/471/1 644/472/1
f 642/474/1 683/471/1 643/473/1
f 642/474/1 684/475/1 683/471/1
f 641/476/1 684/475/1 642/474/1
f 640/477/1 684/475/1 641/476/1
f 639/478/1 684/475/1 640/477/1
f 638/479/1 684/475/1 639/478/1
f 638/479/1 697/480/1 684/475/1
f 697/480/1 685/481/1 684/475/1
f 637/482/1 697/480/1 638/479/1
f 637/482/1 698/483/1 697/480/1
f 696/484/1 685/481/1 697/480/1
f 637/482/1 699/485/1 698/483/1
f 636/486/1 699/485/1 637/482/1
f 695/487/1 685/481/1 696/484/1
f 636/486/1 700/488/1 699/485/1
f 636/486/1 701/489/1 700/488/1
f 694/490/1 685/481/1 695/487/1
f 635/491/1 701/489/1 636/486/1
f 694/490/1 686/492/1 685/481/1
f 635/491/1 702/493/1 701/489/1
f 635/491/1 703/494/1 702/493/1
f 605/495/1 602/496/1 601/145/1
f 719/115/1 686/492/1 694/490/1
f 604/497/1 602/496/1 605/495/1
f 635/491/1 704/498/1 703/494/1
f 604/497/1 603/499/1 602/496/1
f 634/500/1 704/498/1 635/491/1
f 634/500/1 705/501/1 704/498/1
f 718/502/1 686/492/1 719/115/1
f 634/500/1 706/503/1 705/501/1
f 633/504/1 706/503/1 634/500/1
f 717/505/1 686/492/1 718/502/1
f 633/504/1 707/506/1 706/503/1
f 717/505/1 687/507/1 686/492/1
f 716/508/1 687/507/1 717/505/1
f 632/509/1 707/506/1 633/504/1
f 632/509/1 708/510/1 707/506/1
f 715/511/1 687/507/1 716/508/1
f 715/511/1 615/512/1 687/507/1
f 615/512/1 688/513/1 687/507/1
f 632/509/1 709/514/1 708/510/1
f 631/515/1 709/514/1 632/509/1
f 715/511/1 616/516/1 615/512/1
f 614/517/1 688/513/1 615/512/1
f 631/515/1 710/518/1 709/514/1
f 714/519/1 616/516/1 715/511/1
f 714/519/1 617/520/1 616/516/1
f 613/521/1 688/513/1 614/517/1
f 613/521/1 606/522/1 688/513/1
f 713/523/1 617/520/1 714/519/1
f 713/523/1 618/524/1 617/520/1
f 631/515/1 711/525/1 710/518/1
f 712/526/1 618/524/1 713/523/1
f 630/527/1 711/525/1 631/515/1
f 630/527/1 712/526/1 711/525/1
f 630/527/1 618/524/1 712/526/1
f 612/528/1 606/522/1 613/521/1
f 630/527/1 619/529/1 618/524/1
f 612/528/1 607/530/1 606/522/1
f 693/531/1 690/532/1 689/533/1
f 692/534/1 690/532/1 693/531/1
f 630/527/1 620/535/1 619/529/1
f 611/536/1 607/530/1 612/528/1
f 629/537/1 620/535/1 630/527/1
f 691/538/1 690/532/1 692/534/1
f 611/536/1 608/539/1 607/530/1
f 629/537/1 621/540/1 620/535/1
f 610/541/1 608/539/1 611/536/1
f 628/542/1 621/540/1 629/537/1
f 610/541/1 609/543/1 608/539/1
f 628/542/1 622/544/1 621/540/1
f 628/542/1 623/545/1 622/544/1
f 627/546/1 623/545/1 628/542/1
f 627/546/1 624/547/1 623/545/1
f 626/548/1 624/547/1 627/546/1
f 626/548/1 625/549/1 624/547/1
f 873/550/1 870/357/1 874/361/1
f 873/550/1 871/551/1 870/357/1
f 873/550/1 872/359/1 871/551/1
f 878/115/1 876/363/1 875/552/1
f 877/553/1 876/363/1 878/115/1
f 839/554/1 841/555/1 840/386/1
f 839/554/1 842/379/1 841/555/1
f 839/554/1 843/556/1 842/379/1
f 838/389/1 843/556/1 839/554/1
f 838/389/1 844/376/1 843/556/1
f 837/557/1 844/376/1 838/389/1
f 837/557/1 845/558/1 844/376/1
f 836/391/1 845/558/1 837/557/1
f 807/559/1 809/560/1 808/427/1
f 807/559/1 810/428/1 809/560/1
f 836/391/1 846/374/1 845/558/1
f 835/561/1 846/374/1 836/391/1
f 806/425/1 810/428/1 807/559/1
f 806/425/1 811/562/1 810/428/1
f 835/561/1 847/563/1 846/374/1
f 806/425/1 812/426/1 811/562/1
f 834/394/1 847/563/1 835/561/1
f 805/564/1 812/426/1 806/425/1
f 833/565/1 847/563/1 834/394/1
f 833/565/1 848/371/1 847/563/1
f 804/423/1 812/426/1 805/564/1
f 804/423/1 813/566/1 812/426/1
f 803/567/1 813/566/1 804/423/1
f 832/397/1 848/371/1 833/565/1
f 832/397/1 849/568/1 848/371/1
f 802/422/1 813/566/1 803/567/1
f 802/422/1 771/569/1 813/566/1
f 771/569/1 814/424/1 813/566/1
f 801/570/1 771/569/1 802/422/1
f 801/570/1 772/400/1 771/569/1
f 770/398/1 814/424/1 771/569/1
f 831/571/1 748/382/1 832/397/1
f 748/382/1 849/568/1 832/397/1
f 769/572/1 814/424/1 770/398/1
f 831/571/1 749/573/1 748/382/1
f 747/574/1 849/568/1 748/382/1
f 768/396/1 814/424/1 769/572/1
f 747/574/1 850/370/1 849/568/1
f 801/570/1 773/575/1 772/400/1
f 746/384/1 850/370/1 747/574/1
f 768/396/1 815/576/1 814/424/1
f 830/399/1 749/573/1 831/571/1
f 830/399/1 750/377/1 749/573/1
f 745/577/1 850/370/1 746/384/1
f 767/578/1 815/576/1 768/396/1
f 801/570/1 774/402/1 773/575/1
f 829/579/1 750/377/1 830/399/1
f 767/578/1 816/421/1 815/576/1
f 829/579/1 751/580/1 750/377/1
f 828/401/1 751/580/1 829/579/1
f 744/385/1 850/370/1 745/577/1
f 766/395/1 816/421/1 767/578/1
f 827/581/1 751/580/1 828/401/1
f 801/570/1 775/582/1 774/402/1
f 743/583/1 850/370/1 744/385/1
f 743/583/1 851/584/1 850/370/1
f 827/581/1 752/380/1 751/580/1
f 800/419/1 775/582/1 801/570/1
f 766/395/1 817/585/1 816/421/1
f 765/586/1 817/585/1 766/395/1
f 826/403/1 752/380/1 827/581/1
f 799/127/1 775/582/1 800/419/1
f 742/387/1 851/584/1 743/583/1
f 765/586/1 818/420/1 817/585/1
f 826/403/1 753/587/1 752/380/1
f 742/387/1 852/369/1 851/584/1
f 741/588/1 852/369/1 742/387/1
f 764/393/1 818/420/1 765/586/1
f 798/418/1 775/582/1 799/127/1
f 825/589/1 753/587/1 826/403/1
f 797/590/1 775/582/1 798/418/1
f 797/590/1 776/404/1 775/582/1
f 764/393/1 819/591/1 818/420/1
f 763/592/1 819/591/1 764/393/1
f 825/589/1 754/381/1 753/587/1
f 740/378/1 852/369/1 741/588/1
f 796/412/1 776/404/1 797/590/1
f 763/592/1 820/414/1 819/591/1
f 824/405/1 754/381/1 825/589/1
f 796/412/1 777/593/1 776/404/1
f 740/378/1 853/594/1 852/369/1
f 824/405/1 755/595/1 754/381/1
f 823/596/1 755/595/1 824/405/1
f 796/412/1 778/406/1 777/593/1
f 739/597/1 853/594/1 740/378/1
f 795/598/1 778/406/1 796/412/1
f 763/592/1 821/599/1 820/414/1
f 762/392/1 821/599/1 763/592/1
f 822/407/1 755/595/1 823/596/1
f 739/597/1 854/367/1 853/594/1
f 762/392/1 822/407/1 821/599/1
f 822/407/1 756/383/1 755/595/1
f 738/375/1 854/367/1 739/597/1
f 762/392/1 756/383/1 822/407/1
f 761/600/1 756/383/1 762/392/1
f 737/601/1 854/367/1 738/375/1
f 795/598/1 779/602/1 778/406/1
f 761/600/1 757/603/1 756/383/1
f 737/601/1 855/604/1 854/367/1
f 760/390/1 757/603/1 761/600/1
f 794/410/1 779/602/1 795/598/1
f 760/390/1 758/388/1 757/603/1
f 759/605/1 758/388/1 760/390/1
f 736/373/1 855/604/1 737/601/1
f 736/373/1 856/366/1 855/604/1
f 794/410/1 780/408/1 779/602/1
f 735/606/1 856/366/1 736/373/1
f 735/606/1 857/607/1 856/366/1
f 793/608/1 780/408/1 794/410/1
f 792/411/1 780/408/1 793/608/1
f 734/372/1 857/607/1 735/606/1
f 792/411/1 781/609/1 780/408/1
f 791/610/1 781/609/1 792/411/1
f 791/610/1 782/413/1 781/609/1
f 734/372/1 858/365/1 857/607/1
f 733/611/1 858/365/1 734/372/1
f 733/611/1 859/612/1 858/365/1
f 791/610/1 783/613/1 782/413/1
f 732/368/1 859/612/1 733/611/1
f 791/610/1 784/416/1 783/613/1
f 790/409/1 784/416/1 791/610/1
f 732/368/1 860/364/1 859/612/1
f 790/409/1 785/614/1 784/416/1
f 789/615/1 785/614/1 790/409/1
f 731/616/1 860/364/1 732/368/1
f 788/415/1 785/614/1 789/615/1
f 788/415/1 787/617/1 785/614/1
f 787/617/1 786/417/1 785/614/1
f 731/616/1 861/618/1 860/364/1
f 730/430/1 861/618/1 731/616/1
f 730/430/1 862/362/1 861/618/1
f 729/619/1 862/362/1 730/430/1
f 868/358/1 865/620/1 869/621/1
f 868/358/1 866/356/1 865/620/1
f 868/358/1 867/622/1 866/356/1
f 729/619/1 863/623/1 862/362/1
f 728/429/1 863/623/1 729/619/1
f 728/429/1 864/360/1 863/623/1
f 727/624/1 864/360/1 728/429/1
f 727/624/1 720/145/1 864/360/1
f 726/432/1 720/145/1 727/624/1
f 725/625/1 720/145/1 726/432/1
f 725/625/1 721/626/1 720/145/1
f 724/433/1 721/626/1 725/625/1
f 723/627/1 721/626/1 724/433/1
f 723/627/1 722/431/1 721/626/1
f 1006/628/1 1008/629/1 1007/286/1
f 1006/628/1 1009/630/1 1008/629/1
f 1005/631/1 1009/630/1 1006/628/1
f 1004/632/1 1009/630/1 1005/631/1
f 1004/632/1 1010/633/1 1009/630/1
f 1004/632/1 1011/634/1 1010/633/1
f 1004/632/1 1012/635/1 1011/634/1
f 1003/636/1 1012/635/1 1004/632/1
f 1003/636/1 1013/637/1 1012/635/1
f 1002/638/1 1013/637/1 1003/636/1
f 1002/638/1 1014/639/1 1013/637/1
f 1001/640/1 1014/639/1 1002/638/1
f 1001/640/1 1015/304/1 1014/639/1
f 1001/640/1 1016/641/1 1015/304/1
f 1000/642/1 1016/641/1 1001/640/1
f 999/277/1 1016/641/1 1000/642/1
f 999/277/1 939/643/1 1016/641/1
f 939/643/1 1017/644/1 1016/641/1
f 998/645/1 940/646/1 999/277/1
f 940/646/1 939/643/1 999/277/1
f 938/647/1 1017/644/1 939/643/1
f 998/645/1 941/648/1 940/646/1
f 997/649/1 941/648/1 998/645/1
f 997/649/1 942/650/1 941/648/1
f 937/651/1 1017/644/1 938/647/1
f 937/651/1 1018/652/1 1017/644/1
f 996/653/1 942/650/1 997/649/1
f 996/653/1 943/323/1 942/650/1
f 936/654/1 1018/652/1 937/651/1
f 936/654/1 1019/655/1 1018/652/1
f 995/656/1 943/323/1 996/653/1
f 935/341/1 1019/655/1 936/654/1
f 935/341/1 1020/657/1 1019/655/1
f 995/656/1 944/658/1 943/323/1
f 994/659/1 944/658/1 995/656/1
f 934/660/1 1020/657/1 935/341/1
f 934/660/1 1021/661/1 1020/657/1
f 994/659/1 945/662/1 944/658/1
f 933/663/1 1021/661/1 934/660/1
f 887/343/1 884/664/1 883/665/1
f 886/666/1 884/664/1 887/343/1
f 933/663/1 1022/667/1 1021/661/1
f 886/666/1 885/668/1 884/664/1
f 993/669/1 945/662/1 994/659/1
f 993/669/1 946/670/1 945/662/1
f 932/671/1 1022/667/1 933/663/1
f 932/671/1 1023/115/1 1022/667/1
f 992/672/1 946/670/1 993/669/1
f 992/672/1 947/673/1 946/670/1
f 932/671/1 888/674/1 1023/115/1
f 931/675/1 888/674/1 932/671/1
f 991/262/1 947/673/1 992/672/1
f 991/262/1 948/676/1 947/673/1
f 931/675/1 889/677/1 888/674/1
f 930/678/1 889/677/1 931/675/1
f 991/262/1 949/679/1 948/676/1
f 990/680/1 949/679/1 991/262/1
f 930/678/1 890/681/1 889/677/1
f 990/680/1 950/682/1 949/679/1
f 929/683/1 890/681/1 930/678/1
f 989/684/1 950/682/1 990/680/1
f 929/683/1 891/685/1 890/681/1
f 989/684/1 951/127/1 950/682/1
f 928/686/1 891/685/1 929/683/1
f 988/687/1 951/127/1 989/684/1
f 988/687/1 952/688/1 951/127/1
f 927/351/1 891/685/1 928/686/1
f 927/351/1 892/689/1 891/685/1
f 988/687/1 953/690/1 952/688/1
f 988/687/1 954/691/1 953/690/1
f 987/692/1 954/691/1 988/687/1
f 926/693/1 892/689/1 927/351/1
f 987/692/1 955/694/1 954/691/1
f 926/693/1 893/695/1 892/689/1
f 925/696/1 893/695/1 926/693/1
f 986/697/1 955/694/1 987/692/1
f 986/697/1 956/698/1 955/694/1
f 925/696/1 894/699/1 893/695/1
f 924/700/1 894/699/1 925/696/1
f 986/697/1 957/701/1 956/698/1
f 985/702/1 957/701/1 986/697/1
f 923/703/1 894/699/1 924/700/1
f 923/703/1 895/321/1 894/699/1
f 985/702/1 958/704/1 957/701/1
f 984/705/1 958/704/1 985/702/1
f 922/706/1 895/321/1 923/703/1
f 922/706/1 896/707/1 895/321/1
f 984/705/1 959/273/1 958/704/1
f 983/247/1 959/273/1 984/705/1
f 983/247/1 960/708/1 959/273/1
f 921/709/1 896/707/1 922/706/1
f 921/709/1 897/710/1 896/707/1
f 983/247/1 961/711/1 960/708/1
f 920/712/1 897/710/1 921/709/1
f 982/713/1 961/711/1 983/247/1
f 982/713/1 962/714/1 961/711/1
f 920/712/1 898/715/1 897/710/1
f 919/322/1 898/715/1 920/712/1
f 982/713/1 963/716/1 962/714/1
f 981/717/1 963/716/1 982/713/1
f 919/322/1 899/718/1 898/715/1
f 918/719/1 899/718/1 919/322/1
f 981/717/1 964/720/1 963/716/1
f 917/721/1 899/718/1 918/719/1
f 980/722/1 964/720/1 981/717/1
f 916/723/1 899/718/1 917/721/1
f 980/722/1 965/724/1 964/720/1
f 979/725/1 965/724/1 980/722/1
f 915/726/1 899/718/1 916/723/1
f 914/727/1 899/718/1 915/726/1
f 913/728/1 899/718/1 914/727/1
f 911/296/1 913/728/1 912/729/1
f 978/730/1 965/724/1 979/725/1
f 911/296/1 899/718/1 913/728/1
f 911/296/1 900/731/1 899/718/1
f 978/730/1 966/732/1 965/724/1
f 910/733/1 900/731/1 911/296/1
f 910/733/1 901/734/1 900/731/1
f 909/735/1 901/734/1 910/733/1
f 978/730/1 967/263/1 966/732/1
f 977/736/1 967/263/1 978/730/1
f 908/737/1 901/734/1 909/735/1
f 908/737/1 902/738/1 901/734/1
f 977/736/1 968/739/1 967/263/1
f 907/740/1 902/738/1 908/737/1
f 907/740/1 904/741/1 902/738/1
f 904/741/1 903/303/1 902/738/1
f 976/742/1 968/739/1 977/736/1
f 906/743/1 904/741/1 907/740/1
f 906/743/1 905/744/1 904/741/1
f 976/742/1 969/745/1 968/739/1
f 976/742/1 970/746/1 969/745/1
f 975/252/1 970/746/1 976/742/1
f 975/252/1 971/747/1 970/746/1
f 974/748/1 971/747/1 975/252/1
f 973/749/1 971/747/1 974/748/1
f 972/750/1 971/747/1 973/749/1
f 882/751/1 880/752/1 879/145/1
f 882/751/1 881/753/1 880/752/1
f 1170/754/1 1165/158/1 1171/115/1
f 1169/755/1 1165/158/1 1170/754/1
f 1169/755/1 1166/756/1 1165/158/1
f 1168/155/1 1166/756/1 1169/755/1
f 1168/155/1 1167/757/1 1166/756/1
f 1151/758/1 1153/174/1 1152/759/1
f 1151/758/1 1154/760/1 1153/174/1
f 1151/758/1 1155/761/1 1154/760/1
f 1150/178/1 1155/761/1 1151/758/1
f 1150/178/1 1156/170/1 1155/761/1
f 1149/762/1 1156/170/1 1150/178/1
f 1149/762/1 1157/288/1 1156/170/1
f 1148/763/1 1157/288/1 1149/762/1
f 1148/763/1 1158/764/1 1157/288/1
f 1147/177/1 1158/764/1 1148/763/1
f 1146/765/1 1158/764/1 1147/177/1
f 1146/765/1 1159/166/1 1158/764/1
f 1145/766/1 1159/166/1 1146/765/1
f 1145/766/1 1160/767/1 1159/166/1
f 1144/173/1 1160/767/1 1145/766/1
f 1143/271/1 1160/767/1 1144/173/1
f 1143/271/1 1161/768/1 1160/767/1
f 1142/769/1 1161/768/1 1143/271/1
f 1142/769/1 1124/770/1 1161/768/1
f 1124/770/1 1162/162/1 1161/768/1
f 1141/169/1 1124/770/1 1142/769/1
f 1141/169/1 1125/771/1 1124/770/1
f 1123/150/1 1162/162/1 1124/770/1
f 1122/252/1 1162/162/1 1123/150/1
f 1121/772/1 1162/162/1 1122/252/1
f 1141/169/1 1126/152/1 1125/771/1
f 1121/772/1 1163/773/1 1162/162/1
f 1120/189/1 1163/773/1 1121/772/1
f 1140/774/1 1126/152/1 1141/169/1
f 1140/774/1 1127/775/1 1126/152/1
f 1139/776/1 1127/775/1 1140/774/1
f 1139/776/1 1128/777/1 1127/775/1
f 1119/778/1 1163/773/1 1120/189/1
f 1119/778/1 1164/310/1 1163/773/1
f 1138/165/1 1128/777/1 1139/776/1
f 1138/165/1 1129/148/1 1128/777/1
f 1118/779/1 1164/310/1 1119/778/1
f 1118/779/1 1024/145/1 1164/310/1
f 1137/780/1 1129/148/1 1138/165/1
f 1137/780/1 1130/781/1 1129/148/1
f 1136/258/1 1130/781/1 1137/780/1
f 1136/258/1 1131/782/1 1130/781/1
f 1136/258/1 1132/156/1 1131/782/1
f 1118/779/1 1025/783/1 1024/145/1
f 1136/258/1 1133/784/1 1132/156/1
f 1135/161/1 1133/784/1 1136/258/1
f 1117/186/1 1025/783/1 1118/779/1
f 1135/161/1 1134/785/1 1133/784/1
f 1117/186/1 1026/786/1 1025/783/1
f 1117/186/1 1027/194/1 1026/786/1
f 1116/787/1 1027/194/1 1117/186/1
f 1115/261/1 1027/194/1 1116/787/1
f 1115/261/1 1028/788/1 1027/194/1
f 1115/261/1 1029/789/1 1028/788/1
f 1114/181/1 1029/789/1 1115/261/1
f 1113/790/1 1029/789/1 1114/181/1
f 1112/791/1 1029/789/1 1113/790/1
f 1112/791/1 1030/197/1 1029/789/1
f 1111/180/1 1030/197/1 1112/791/1
f 1111/180/1 1031/345/1 1030/197/1
f 1110/792/1 1031/345/1 1111/180/1
f 1110/792/1 1032/793/1 1031/345/1
f 1110/792/1 1033/200/1 1032/793/1
f 1109/794/1 1033/200/1 1110/792/1
f 1109/794/1 1034/795/1 1033/200/1
f 1109/794/1 1035/796/1 1034/795/1
f 1109/794/1 1036/203/1 1035/796/1
f 1109/794/1 1037/797/1 1036/203/1
f 1108/185/1 1037/797/1 1109/794/1
f 1107/798/1 1037/797/1 1108/185/1
f 1107/798/1 1038/327/1 1037/797/1
f 1106/799/1 1038/327/1 1107/798/1
f 1106/799/1 1039/205/1 1038/327/1
f 1105/191/1 1039/205/1 1106/799/1
f 1105/191/1 1040/800/1 1039/205/1
f 1104/801/1 1040/800/1 1105/191/1
f 1104/801/1 1041/802/1 1040/800/1
f 1104/801/1 1042/210/1 1041/802/1
f 1103/803/1 1042/210/1 1104/801/1
f 1103/803/1 1043/804/1 1042/210/1
f 1103/803/1 1044/805/1 1043/804/1
f 1102/195/1 1044/805/1 1103/803/1
f 1102/195/1 1045/216/1 1044/805/1
f 1102/195/1 1046/806/1 1045/216/1
f 1102/195/1 1047/807/1 1046/806/1
f 1101/280/1 1047/807/1 1102/195/1
f 1101/280/1 1048/220/1 1047/807/1
f 1100/808/1 1048/220/1 1101/280/1
f 1100/808/1 1049/809/1 1048/220/1
f 1099/201/1 1049/809/1 1100/808/1
f 1099/201/1 1050/810/1 1049/809/1
f 1098/811/1 1050/810/1 1099/201/1
f 1098/811/1 1051/223/1 1050/810/1
f 1097/812/1 1051/223/1 1098/811/1
f 1097/812/1 1052/294/1 1051/223/1
f 1096/206/1 1052/294/1 1097/812/1
f 1096/206/1 1053/813/1 1052/294/1
f 1096/206/1 1054/227/1 1053/813/1
f 1096/206/1 1055/814/1 1054/227/1
f 1095/815/1 1055/814/1 1096/206/1
f 1095/815/1 1056/816/1 1055/814/1
f 1095/815/1 1057/232/1 1056/816/1
f 1094/305/1 1057/232/1 1095/815/1
f 1094/305/1 1058/817/1 1057/232/1
f 1094/305/1 1059/302/1 1058/817/1
f 1059/302/1 1061/818/1 1060/236/1
f 1061/818/1 1063/240/1 1062/819/1
f 1059/302/1 1063/240/1 1061/818/1
f 1094/305/1 1063/240/1 1059/302/1
f 1094/305/1 1064/820/1 1063/240/1
f 1094/305/1 1065/821/1 1064/820/1
f 1093/209/1 1065/821/1 1094/305/1
f 1065/821/1 1067/822/1 1066/243/1
f 1067/822/1 1069/239/1 1068/823/1
f 1093/209/1 1067/822/1 1065/821/1
f 1093/209/1 1069/239/1 1067/822/1
f 1093/209/1 1070/824/1 1069/239/1
f 1070/824/1 1072/235/1 1071/825/1
f 1093/209/1 1072/235/1 1070/824/1
f 1093/209/1 1073/351/1 1072/235/1
f 1093/209/1 1074/826/1 1073/351/1
f 1092/827/1 1084/219/1 1093/209/1
f 1084/219/1 1074/826/1 1093/209/1
f 1084/219/1 1075/231/1 1074/826/1
f 1084/219/1 1083/828/1 1075/231/1
f 1083/828/1 1080/350/1 1075/231/1
f 1080/350/1 1076/829/1 1075/231/1
f 1092/827/1 1086/830/1 1084/219/1
f 1086/830/1 1085/831/1 1084/219/1
f 1082/832/1 1081/224/1 1083/828/1
f 1081/224/1 1080/350/1 1083/828/1
f 1079/833/1 1076/829/1 1080/350/1
f 1078/228/1 1077/834/1 1079/833/1
f 1077/834/1 1076/829/1 1079/833/1
f 1092/827/1 1087/215/1 1086/830/1
f 1091/835/1 1087/215/1 1092/827/1
f 1091/835/1 1088/836/1 1087/215/1
f 1091/835/1 1089/837/1 1088/836/1
f 1090/212/1 1089/837/1 1091/835/1
f 1293/1/2 1294/3/2 1295/2/2
f 1293/1/2 1295/2/2 1296/4/2
f 1293/1/2 1296/4/2 1297/5/2
f 1292/6/2 1293/1/2 1297/5/2
f 1292/6/2 1297/5/2 1298/7/2
f 1291/8/2 1292/6/2 1298/7/2
f 1291/8/2 1298/7/2 1299/9/2
f 1290/10/2 1291/8/2 1299/9/2
f 1289/11/2 1290/10/2 1299/9/2
f 1302/12/2 1303/14/2 1304/13/2
f 1302/12/2 1304/13/2 1305/15/2
f 1289/11/2 1299/9/2 1300/16/2
f 1301/17/2 1302/12/2 1305/15/2
f 1301/17/2 1305/15/2 1306/18/2
f 1300/16/2 1301/17/2 1306/18/2
f 1300/16/2 1306/18/2 1307/19/2
f 1289/11/2 1300/16/2 1307/19/2
f 1289/11/2 1307/19/2 1308/20/2
f 1288/21/2 1289/11/2 1308/20/2
f 1288/21/2 1308/20/2 1309/22/2
f 1287/23/2 1288/21/2 1216/24/2
f 1216/24/2 1288/21/2 1309/22/2
f 1216/24/2 1309/22/2 1310/25/2
f 1287/23/2 1216/24/2 1217/26/2
f 1215/27/2 1216/24/2 1310/25/2
f 1287/23/2 1217/26/2 1218/28/2
f 1286/29/2 1287/23/2 1218/28/2
f 1214/30/2 1215/27/2 1310/25/2
f 1213/31/2 1214/30/2 1310/25/2
f 1285/32/2 1286/29/2 1218/28/2
f 1212/33/2 1213/31/2 1310/25/2
f 1212/33/2 1310/25/2 1311/34/2
f 1285/32/2 1218/28/2 1219/35/2
f 1211/36/2 1212/33/2 1311/34/2
f 1285/32/2 1219/35/2 1220/37/2
f 1284/38/2 1285/32/2 1220/37/2
f 1211/36/2 1311/34/2 1312/39/2
f 1210/40/2 1211/36/2 1312/39/2
f 1284/38/2 1220/37/2 1221/41/2
f 1283/42/2 1284/38/2 1221/41/2
f 1209/43/2 1210/40/2 1312/39/2
f 1209/43/2 1312/39/2 1313/44/2
f 1283/42/2 1221/41/2 1222/45/2
f 1282/46/2 1283/42/2 1222/45/2
f 1208/47/2 1209/43/2 1313/44/2
f 1208/47/2 1313/44/2 1177/48/2
f 1281/49/2 1282/46/2 1222/45/2
f 1281/49/2 1222/45/2 1223/50/2
f 1280/51/2 1281/49/2 1223/50/2
f 1207/52/2 1208/47/2 1177/48/2
f 1207/52/2 1177/48/2 1178/53/2
f 1280/51/2 1223/50/2 1224/54/2
f 1279/55/2 1280/51/2 1224/54/2
f 1279/55/2 1224/54/2 1225/56/2
f 1206/57/2 1207/52/2 1178/53/2
f 1279/55/2 1225/56/2 1226/58/2
f 1206/57/2 1178/53/2 1179/59/2
f 1278/60/2 1279/55/2 1226/58/2
f 1278/60/2 1226/58/2 1227/61/2
f 1205/62/2 1206/57/2 1179/59/2
f 1278/60/2 1227/61/2 1228/63/2
f 1205/62/2 1179/59/2 1180/64/2
f 1277/65/2 1278/60/2 1228/63/2
f 1204/66/2 1205/62/2 1180/64/2
f 1277/65/2 1228/63/2 1229/67/2
f 1204/66/2 1180/64/2 1181/68/2
f 1276/69/2 1277/65/2 1229/67/2
f 1276/69/2 1229/67/2 1230/70/2
f 1203/71/2 1204/66/2 1181/68/2
f 1193/72/2 1194/74/2 1195/73/2
f 1193/72/2 1195/73/2 1196/75/2
f 1275/76/2 1276/69/2 1230/70/2
f 1275/76/2 1230/70/2 1231/77/2
f 1193/72/2 1196/75/2 1197/78/2
f 1192/79/2 1193/72/2 1197/78/2
f 1191/80/2 1192/79/2 1197/78/2
f 1275/76/2 1231/77/2 1232/81/2
f 1191/80/2 1197/78/2 1198/82/2
f 1203/71/2 1181/68/2 1182/83/2
f 1202/84/2 1203/71/2 1182/83/2
f 1190/85/2 1191/80/2 1198/82/2
f 1274/86/2 1275/76/2 1232/81/2
f 1274/86/2 1232/81/2 1233/87/2
f 1202/84/2 1182/83/2 1183/88/2
f 1190/85/2 1198/82/2 1199/89/2
f 1201/90/2 1202/84/2 1183/88/2
f 1189/91/2 1190/85/2 1199/89/2
f 1201/90/2 1183/88/2 1184/92/2
f 1200/93/2 1201/90/2 1184/92/2
f 1274/86/2 1233/87/2 1234/94/2
f 1189/91/2 1199/89/2 1200/93/2
f 1189/91/2 1200/93/2 1184/92/2
f 1189/91/2 1184/92/2 1185/95/2
f 1273/96/2 1274/86/2 1234/94/2
f 1188/97/2 1189/91/2 1185/95/2
f 1187/98/2 1188/97/2 1185/95/2
f 1187/98/2 1185/95/2 1186/99/2
f 1273/96/2 1234/94/2 1235/100/2
f 1272/101/2 1273/96/2 1235/100/2
f 1272/101/2 1235/100/2 1236/102/2
f 1271/103/2 1272/101/2 1236/102/2
f 1270/104/2 1271/103/2 1236/102/2
f 1270/104/2 1236/102/2 1237/105/2
f 1269/106/2 1270/104/2 1237/105/2
f 1269/106/2 1237/105/2 1238/107/2
f 1268/108/2 1269/106/2 1238/107/2
f 1268/108/2 1238/107/2 1239/109/2
f 1267/110/2 1268/108/2 1239/109/2
f 1267/110/2 1239/109/2 1240/111/2
f 1266/112/2 1267/110/2 1240/111/2
f 1266/112/2 1240/111/2 1241/113/2
f 1265/114/2 1266/112/2 1241/113/2
f 1318/115/2 1314/117/2 1315/116/2
f 1265/114/2 1241/113/2 1242/118/2
f 1318/115/2 1315/116/2 1316/119/2
f 1264/120/2 1265/114/2 1242/118/2
f 1317/121/2 1318/115/2 1316/119/2
f 1263/122/2 1264/120/2 1242/118/2
f 1263/122/2 1242/118/2 1243/123/2
f 1262/124/2 1263/122/2 1243/123/2
f 1262/124/2 1243/123/2 1244/125/2
f 1261/126/2 1262/124/2 1244/125/2
f 1261/126/2 1244/125/2 1245/127/2
f 1260/128/2 1261/126/2 1245/127/2
f 1259/129/2 1260/128/2 1245/127/2
f 1259/129/2 1245/127/2 1246/130/2
f 1258/131/2 1259/129/2 1246/130/2
f 1258/131/2 1246/130/2 1247/132/2
f 1257/133/2 1258/131/2 1247/132/2
f 1257/133/2 1247/132/2 1248/134/2
f 1256/135/2 1257/133/2 1248/134/2
f 1256/135/2 1248/134/2 1249/136/2
f 1255/137/2 1256/135/2 1249/136/2
f 1255/137/2 1249/136/2 1250/138/2
f 1254/139/2 1255/137/2 1250/138/2
f 1254/139/2 1250/138/2 1251/140/2
f 1254/139/2 1251/140/2 1252/141/2
f 1253/142/2 1254/139/2 1252/141/2
f 1176/143/2 1172/145/2 1173/144/2
f 1175/146/2 1176/143/2 1173/144/2
f 1175/146/2 1173/144/2 1174/147/2
f 1389/148/2 1385/150/2 1386/149/2
f 1388/151/2 1389/148/2 1386/149/2
f 1388/151/2 1386/149/2 1387/152/2
f 1416/153/2 1417/115/2 1390/154/2
f 1415/155/2 1416/153/2 1390/154/2
f 1415/155/2 1390/154/2 1391/156/2
f 1414/157/2 1415/155/2 1391/156/2
f 1413/158/2 1414/157/2 1391/156/2
f 1413/158/2 1391/156/2 1392/159/2
f 1412/160/2 1413/158/2 1392/159/2
f 1412/160/2 1392/159/2 1393/161/2
f 1411/162/2 1412/160/2 1393/161/2
f 1410/163/2 1411/162/2 1393/161/2
f 1410/163/2 1393/161/2 1394/164/2
f 1410/163/2 1394/164/2 1395/165/2
f 1409/166/2 1410/163/2 1395/165/2
f 1409/166/2 1395/165/2 1396/167/2
f 1408/168/2 1409/166/2 1396/167/2
f 1408/168/2 1396/167/2 1397/169/2
f 1407/170/2 1408/168/2 1397/169/2
f 1407/170/2 1397/169/2 1398/171/2
f 1406/172/2 1407/170/2 1398/171/2
f 1406/172/2 1398/171/2 1399/173/2
f 1405/174/2 1406/172/2 1399/173/2
f 1405/174/2 1399/173/2 1400/175/2
f 1404/176/2 1405/174/2 1400/175/2
f 1404/176/2 1400/175/2 1401/177/2
f 1403/178/2 1404/176/2 1401/177/2
f 1402/179/2 1403/178/2 1401/177/2
f 1377/180/2 1378/182/2 1379/181/2
f 1376/183/2 1377/180/2 1379/181/2
f 1376/183/2 1379/181/2 1380/184/2
f 1375/185/2 1376/183/2 1380/184/2
f 1375/185/2 1380/184/2 1381/186/2
f 1374/187/2 1375/185/2 1381/186/2
f 1374/187/2 1381/186/2 1382/188/2
f 1374/187/2 1382/188/2 1383/189/2
f 1374/187/2 1383/189/2 1384/190/2
f 1373/191/2 1374/187/2 1384/190/2
f 1373/191/2 1384/190/2 1319/145/2
f 1373/191/2 1319/145/2 1320/192/2
f 1372/193/2 1373/191/2 1320/192/2
f 1372/193/2 1320/192/2 1321/194/2
f 1371/195/2 1372/193/2 1321/194/2
f 1371/195/2 1321/194/2 1322/196/2
f 1371/195/2 1322/196/2 1323/197/2
f 1371/195/2 1323/197/2 1324/198/2
f 1370/199/2 1371/195/2 1324/198/2
f 1370/199/2 1324/198/2 1325/200/2
f 1369/201/2 1370/199/2 1325/200/2
f 1369/201/2 1325/200/2 1326/202/2
f 1369/201/2 1326/202/2 1327/203/2
f 1369/201/2 1327/203/2 1328/204/2
f 1368/127/2 1369/201/2 1328/204/2
f 1368/127/2 1328/204/2 1329/205/2
f 1367/206/2 1368/127/2 1329/205/2
f 1367/206/2 1329/205/2 1330/207/2
f 1366/208/2 1367/206/2 1330/207/2
f 1365/209/2 1366/208/2 1330/207/2
f 1365/209/2 1330/207/2 1331/210/2
f 1364/211/2 1365/209/2 1331/210/2
f 1363/212/2 1364/211/2 1331/210/2
f 1363/212/2 1331/210/2 1332/213/2
f 1362/214/2 1363/212/2 1332/213/2
f 1361/215/2 1362/214/2 1332/213/2
f 1361/215/2 1332/213/2 1333/216/2
f 1360/217/2 1361/215/2 1333/216/2
f 1360/217/2 1333/216/2 1334/218/2
f 1359/219/2 1360/217/2 1334/218/2
f 1359/219/2 1334/218/2 1335/220/2
f 1358/221/2 1359/219/2 1335/220/2
f 1358/221/2 1335/220/2 1336/222/2
f 1358/221/2 1336/222/2 1337/223/2
f 1357/224/2 1358/221/2 1337/223/2
f 1357/224/2 1337/223/2 1338/225/2
f 1356/226/2 1357/224/2 1338/225/2
f 1356/226/2 1338/225/2 1339/227/2
f 1355/228/2 1356/226/2 1339/227/2
f 1354/229/2 1355/228/2 1339/227/2
f 1354/229/2 1339/227/2 1340/230/2
f 1353/231/2 1354/229/2 1340/230/2
f 1353/231/2 1340/230/2 1341/232/2
f 1353/231/2 1341/232/2 1342/233/2
f 1352/234/2 1353/231/2 1342/233/2
f 1351/235/2 1352/234/2 1342/233/2
f 1351/235/2 1342/233/2 1343/236/2
f 1350/237/2 1351/235/2 1343/236/2
f 1350/237/2 1343/236/2 1344/238/2
f 1349/239/2 1350/237/2 1344/238/2
f 1349/239/2 1344/238/2 1345/240/2
f 1348/241/2 1349/239/2 1345/240/2
f 1348/241/2 1345/240/2 1346/242/2
f 1347/243/2 1348/241/2 1346/242/2
f 1505/244/2 1506/246/2 1507/245/2
f 1505/244/2 1507/245/2 1508/148/2
f 1505/244/2 1508/148/2 1509/247/2
f 1504/248/2 1505/244/2 1509/247/2
f 1504/248/2 1509/247/2 1510/249/2
f 1503/250/2 1504/248/2 1510/249/2
f 1501/251/2 1502/252/2 1503/250/2
f 1501/251/2 1503/250/2 1510/249/2
f 1501/251/2 1510/249/2 1511/253/2
f 1500/254/2 1501/251/2 1511/253/2
f 1500/254/2 1511/253/2 1512/255/2
f 1499/188/2 1500/254/2 1512/255/2
f 1499/188/2 1512/255/2 1513/256/2
f 1498/257/2 1499/188/2 1513/256/2
f 1498/257/2 1513/256/2 1514/258/2
f 1497/259/2 1498/257/2 1514/258/2
f 1497/259/2 1514/258/2 1515/260/2
f 1496/261/2 1497/259/2 1515/260/2
f 1496/261/2 1515/260/2 1516/262/2
f 1495/263/2 1496/261/2 1516/262/2
f 1494/264/2 1495/263/2 1516/262/2
f 1494/264/2 1516/262/2 1517/167/2
f 1493/265/2 1494/264/2 1517/167/2
f 1493/265/2 1517/167/2 1518/266/2
f 1492/267/2 1493/265/2 1518/266/2
f 1491/268/2 1492/267/2 1518/266/2
f 1491/268/2 1518/266/2 1519/269/2
f 1490/185/2 1491/268/2 1519/269/2
f 1489/270/2 1490/185/2 1519/269/2
f 1489/270/2 1519/269/2 1520/271/2
f 1489/270/2 1520/271/2 1521/272/2
f 1488/273/2 1489/270/2 1521/272/2
f 1487/274/2 1488/273/2 1521/272/2
f 1487/274/2 1521/272/2 1522/275/2
f 1486/276/2 1487/274/2 1522/275/2
f 1486/276/2 1522/275/2 1523/277/2
f 1485/278/2 1486/276/2 1523/277/2
f 1485/278/2 1523/277/2 1524/279/2
f 1484/280/2 1485/278/2 1524/279/2
f 1484/280/2 1524/279/2 1525/281/2
f 1527/282/2 1528/284/2 1529/283/2
f 1483/285/2 1484/280/2 1525/281/2
f 1527/282/2 1529/283/2 1530/286/2
f 1527/282/2 1530/286/2 1531/287/2
f 1526/178/2 1527/282/2 1531/287/2
f 1526/178/2 1531/287/2 1532/288/2
f 1526/178/2 1532/288/2 1533/289/2
f 1525/281/2 1526/178/2 1533/289/2
f 1482/290/2 1483/285/2 1525/281/2
f 1482/290/2 1525/281/2 1533/289/2
f 1482/290/2 1533/289/2 1534/291/2
f 1481/127/2 1482/290/2 1534/291/2
f 1481/127/2 1534/291/2 1444/292/2
f 1444/292/2 1534/291/2 1443/293/2
f 1443/293/2 1534/291/2 1535/163/2
f 1481/127/2 1444/292/2 1445/230/2
f 1442/294/2 1443/293/2 1535/163/2
f 1480/295/2 1481/127/2 1445/230/2
f 1480/295/2 1445/230/2 1446/296/2
f 1441/297/2 1442/294/2 1535/163/2
f 1480/295/2 1446/296/2 1447/298/2
f 1440/299/2 1441/297/2 1535/163/2
f 1440/299/2 1535/163/2 1536/300/2
f 1479/301/2 1480/295/2 1447/298/2
f 1479/301/2 1447/298/2 1448/302/2
f 1439/303/2 1440/299/2 1536/300/2
f 1439/303/2 1536/300/2 1537/304/2
f 1478/305/2 1479/301/2 1448/302/2
f 1438/306/2 1439/303/2 1537/304/2
f 1477/307/2 1478/305/2 1448/302/2
f 1477/307/2 1448/302/2 1449/308/2
f 1437/309/2 1438/306/2 1537/304/2
f 1437/309/2 1537/304/2 1538/310/2
f 1436/216/2 1437/309/2 1538/310/2
f 1477/307/2 1449/308/2 1450/311/2
f 1476/312/2 1477/307/2 1450/311/2
f 1435/313/2 1436/216/2 1538/310/2
f 1476/312/2 1450/311/2 1451/314/2
f 1435/313/2 1538/310/2 1539/315/2
f 1475/316/2 1476/312/2 1451/314/2
f 1434/317/2 1435/313/2 1539/315/2
f 1475/316/2 1451/314/2 1452/318/2
f 1433/319/2 1434/317/2 1539/315/2
f 1433/319/2 1539/315/2 1540/320/2
f 1432/321/2 1433/319/2 1540/320/2
f 1475/316/2 1452/318/2 1453/322/2
f 1474/323/2 1475/316/2 1453/322/2
f 1432/321/2 1540/320/2 1541/324/2
f 1431/325/2 1432/321/2 1541/324/2
f 1474/323/2 1453/322/2 1454/243/2
f 1473/326/2 1474/323/2 1454/243/2
f 1430/327/2 1431/325/2 1541/324/2
f 1473/326/2 1454/243/2 1455/328/2
f 1430/327/2 1541/324/2 1542/329/2
f 1472/215/2 1473/326/2 1455/328/2
f 1429/330/2 1430/327/2 1542/329/2
f 1429/330/2 1542/329/2 1543/331/2
f 1471/332/2 1472/215/2 1455/328/2
f 1429/330/2 1543/331/2 1544/115/2
f 1428/333/2 1429/330/2 1544/115/2
f 1470/334/2 1471/332/2 1455/328/2
f 1470/334/2 1455/328/2 1456/335/2
f 1469/336/2 1470/334/2 1456/335/2
f 1428/333/2 1544/115/2 1418/145/2
f 1427/202/2 1428/333/2 1418/145/2
f 1468/337/2 1469/336/2 1456/335/2
f 1427/202/2 1418/145/2 1419/338/2
f 1468/337/2 1456/335/2 1457/339/2
f 1426/340/2 1427/202/2 1419/338/2
f 1467/341/2 1468/337/2 1457/339/2
f 1426/340/2 1419/338/2 1420/342/2
f 1425/343/2 1426/340/2 1420/342/2
f 1467/341/2 1457/339/2 1458/344/2
f 1424/345/2 1425/343/2 1420/342/2
f 1424/345/2 1420/342/2 1421/346/2
f 1423/347/2 1424/345/2 1421/346/2
f 1467/341/2 1458/344/2 1459/348/2
f 1423/347/2 1421/346/2 1422/349/2
f 1466/350/2 1467/341/2 1459/348/2
f 1466/350/2 1459/348/2 1460/351/2
f 1465/352/2 1466/350/2 1460/351/2
f 1465/352/2 1460/351/2 1461/353/2
f 1464/354/2 1465/352/2 1461/353/2
f 1464/354/2 1461/353/2 1462/355/2
f 1463/229/2 1464/354/2 1462/355/2
f 1618/356/2 1619/358/2 1620/357/2
f 1618/356/2 1620/357/2 1621/359/2
f 1617/360/2 1618/356/2 1621/359/2
f 1617/360/2 1621/359/2 1622/361/2
f 1616/362/2 1617/360/2 1622/361/2
f 1616/362/2 1622/361/2 1623/363/2
f 1615/364/2 1616/362/2 1623/363/2
f 1614/365/2 1615/364/2 1623/363/2
f 1613/366/2 1614/365/2 1623/363/2
f 1613/366/2 1623/363/2 1624/115/2
f 1612/367/2 1613/366/2 1624/115/2
f 1612/367/2 1624/115/2 1551/368/2
f 1611/369/2 1612/367/2 1551/368/2
f 1610/370/2 1611/369/2 1551/368/2
f 1609/371/2 1610/370/2 1551/368/2
f 1609/371/2 1551/368/2 1552/372/2
f 1609/371/2 1552/372/2 1553/373/2
f 1608/374/2 1609/371/2 1553/373/2
f 1608/374/2 1553/373/2 1554/375/2
f 1607/376/2 1608/374/2 1554/375/2
f 1607/376/2 1554/375/2 1560/377/2
f 1560/377/2 1554/375/2 1555/378/2
f 1606/379/2 1607/376/2 1561/380/2
f 1561/380/2 1607/376/2 1560/377/2
f 1606/379/2 1561/380/2 1562/381/2
f 1559/382/2 1560/377/2 1555/378/2
f 1606/379/2 1562/381/2 1563/383/2
f 1558/384/2 1559/382/2 1555/378/2
f 1557/385/2 1558/384/2 1555/378/2
f 1605/386/2 1606/379/2 1563/383/2
f 1557/385/2 1555/378/2 1556/387/2
f 1605/386/2 1563/383/2 1564/388/2
f 1604/389/2 1605/386/2 1564/388/2
f 1604/389/2 1564/388/2 1565/390/2
f 1603/391/2 1604/389/2 1565/390/2
f 1603/391/2 1565/390/2 1566/392/2
f 1603/391/2 1566/392/2 1567/393/2
f 1602/394/2 1603/391/2 1567/393/2
f 1602/394/2 1567/393/2 1568/395/2
f 1602/394/2 1568/395/2 1569/396/2
f 1601/397/2 1602/394/2 1569/396/2
f 1601/397/2 1569/396/2 1570/398/2
f 1600/399/2 1601/397/2 1570/398/2
f 1600/399/2 1570/398/2 1571/400/2
f 1599/401/2 1600/399/2 1571/400/2
f 1599/401/2 1571/400/2 1572/402/2
f 1598/403/2 1599/401/2 1572/402/2
f 1598/403/2 1572/402/2 1573/404/2
f 1597/405/2 1598/403/2 1573/404/2
f 1597/405/2 1573/404/2 1574/406/2
f 1596/407/2 1597/405/2 1574/406/2
f 1596/407/2 1574/406/2 1575/408/2
f 1580/409/2 1581/411/2 1582/410/2
f 1580/409/2 1582/410/2 1583/412/2
f 1596/407/2 1575/408/2 1576/413/2
f 1595/414/2 1596/407/2 1576/413/2
f 1579/415/2 1580/409/2 1583/412/2
f 1595/414/2 1576/413/2 1577/416/2
f 1578/417/2 1579/415/2 1583/412/2
f 1578/417/2 1583/412/2 1584/418/2
f 1595/414/2 1577/416/2 1578/417/2
f 1595/414/2 1578/417/2 1584/418/2
f 1595/414/2 1584/418/2 1585/419/2
f 1594/420/2 1595/414/2 1585/419/2
f 1593/421/2 1594/420/2 1585/419/2
f 1593/421/2 1585/419/2 1586/422/2
f 1593/421/2 1586/422/2 1587/423/2
f 1592/424/2 1593/421/2 1587/423/2
f 1592/424/2 1587/423/2 1588/425/2
f 1591/426/2 1592/424/2 1588/425/2
f 1591/426/2 1588/425/2 1589/427/2
f 1590/428/2 1591/426/2 1589/427/2
f 1549/429/2 1550/430/2 1545/145/2
f 1549/429/2 1545/145/2 1546/431/2
f 1548/432/2 1549/429/2 1546/431/2
f 1548/432/2 1546/431/2 1547/433/2
f 1746/1/2 1747/3/2 1748/2/2
f 1746/1/2 1748/2/2 1749/4/2
f 1746/1/2 1749/4/2 1750/5/2
f 1745/6/2 1746/1/2 1750/5/2
f 1745/6/2 1750/5/2 1751/7/2
f 1744/8/2 1745/6/2 1751/7/2
f 1744/8/2 1751/7/2 1752/9/2
f 1743/10/2 1744/8/2 1752/9/2
f 1742/11/2 1743/10/2 1752/9/2
f 1755/12/2 1756/14/2 1757/13/2
f 1755/12/2 1757/13/2 1758/15/2
f 1742/11/2 1752/9/2 1753/16/2
f 1754/17/2 1755/12/2 1758/15/2
f 1754/17/2 1758/15/2 1759/18/2
f 1753/16/2 1754/17/2 1759/18/2
f 1753/16/2 1759/18/2 1760/19/2
f 1742/11/2 1753/16/2 1760/19/2
f 1742/11/2 1760/19/2 1761/20/2
f 1741/21/2 1742/11/2 1761/20/2
f 1741/21/2 1761/20/2 1762/22/2
f 1740/23/2 1741/21/2 1669/24/2
f 1669/24/2 1741/21/2 1762/22/2
f 1669/24/2 1762/22/2 1763/25/2
f 1740/23/2 1669/24/2 1670/26/2
f 1668/27/2 1669/24/2 1763/25/2
f 1740/23/2 1670/26/2 1671/28/2
f 1739/29/2 1740/23/2 1671/28/2
f 1667/30/2 1668/27/2 1763/25/2
f 1666/31/2 1667/30/2 1763/25/2
f 1738/32/2 1739/29/2 1671/28/2
f 1665/33/2 1666/31/2 1763/25/2
f 1665/33/2 1763/25/2 1764/34/2
f 1738/32/2 1671/28/2 1672/35/2
f 1664/36/2 1665/33/2 1764/34/2
f 1738/32/2 1672/35/2 1673/37/2
f 1737/38/2 1738/32/2 1673/37/2
f 1664/36/2 1764/34/2 1765/39/2
f 1663/40/2 1664/36/2 1765/39/2
f 1737/38/2 1673/37/2 1674/41/2
f 1736/42/2 1737/38/2 1674/41/2
f 1662/43/2 1663/40/2 1765/39/2
f 1662/43/2 1765/39/2 1766/44/2
f 1736/42/2 1674/41/2 1675/45/2
f 1735/46/2 1736/42/2 1675/45/2
f 1661/47/2 1662/43/2 1766/44/2
f 1661/47/2 1766/44/2 1630/48/2
f 1734/49/2 1735/46/2 1675/45/2
f 1734/49/2 1675/45/2 1676/50/2
f 1733/51/2 1734/49/2 1676/50/2
f 1660/52/2 1661/47/2 1630/48/2
f 1660/52/2 1630/48/2 1631/53/2
f 1733/51/2 1676/50/2 1677/54/2
f 1732/55/2 1733/51/2 1677/54/2
f 1732/55/2 1677/54/2 1678/56/2
f 1659/57/2 1660/52/2 1631/53/2
f 1732/55/2 1678/56/2 1679/58/2
f 1659/57/2 1631/53/2 1632/59/2
f 1731/60/2 1732/55/2 1679/58/2
f 1731/60/2 1679/58/2 1680/61/2
f 1658/62/2 1659/57/2 1632/59/2
f 1731/60/2 1680/61/2 1681/63/2
f 1658/62/2 1632/59/2 1633/64/2
f 1730/65/2 1731/60/2 1681/63/2
f 1657/66/2 1658/62/2 1633/64/2
f 1730/65/2 1681/63/2 1682/67/2
f 1657/66/2 1633/64/2 1634/68/2
f 1729/69/2 1730/65/2 1682/67/2
f 1729/69/2 1682/67/2 1683/70/2
f 1656/71/2 1657/66/2 1634/68/2
f 1646/72/2 1647/74/2 1648/73/2
f 1646/72/2 1648/73/2 1649/75/2
f 1728/76/2 1729/69/2 1683/70/2
f 1728/76/2 1683/70/2 1684/77/2
f 1646/72/2 1649/75/2 1650/78/2
f 1645/79/2 1646/72/2 1650/78/2
f 1644/80/2 1645/79/2 1650/78/2
f 1728/76/2 1684/77/2 1685/81/2
f 1644/80/2 1650/78/2 1651/82/2
f 1656/71/2 1634/68/2 1635/83/2
f 1655/84/2 1656/71/2 1635/83/2
f 1643/85/2 1644/80/2 1651/82/2
f 1727/86/2 1728/76/2 1685/81/2
f 1727/86/2 1685/81/2 1686/87/2
f 1655/84/2 1635/83/2 1636/88/2
f 1643/85/2 1651/82/2 1652/89/2
f 1654/90/2 1655/84/2 1636/88/2
f 1642/91/2 1643/85/2 1652/89/2
f 1654/90/2 1636/88/2 1637/92/2
f 1653/93/2 1654/90/2 1637/92/2
f 1727/86/2 1686/87/2 1687/94/2
f 1642/91/2 1652/89/2 1653/93/2
f 1642/91/2 1653/93/2 1637/92/2
f 1642/91/2 1637/92/2 1638/95/2
f 1726/96/2 1727/86/2 1687/94/2
f 1641/97/2 1642/91/2 1638/95/2
f 1640/98/2 1641/97/2 1638/95/2
f 1640/98/2 1638/95/2 1639/99/2
f 1726/96/2 1687/94/2 1688/100/2
f 1725/101/2 1726/96/2 1688/100/2
f 1725/101/2 1688/100/2 1689/102/2
f 1724/103/2 1725/101/2 1689/102/2
f 1723/104/2 1724/103/2 1689/102/2
f 1723/104/2 1689/102/2 1690/105/2
f 1722/106/2 1723/104/2 1690/105/2
f 1722/106/2 1690/105/2 1691/107/2
f 1721/108/2 1722/106/2 1691/107/2
f 1721/108/2 1691/107/2 1692/109/2
f 1720/110/2 1721/108/2 1692/109/2
f 1720/110/2 1692/109/2 1693/111/2
f 1719/112/2 1720/110/2 1693/111/2
f 1719/112/2 1693/111/2 1694/113/2
f 1718/114/2 1719/112/2 1694/113/2
f 1771/115/2 1767/117/2 1768/116/2
f 1718/114/2 1694/113/2 1695/118/2
f 1771/115/2 1768/116/2 1769/119/2
f 1717/120/2 1718/114/2 1695/118/2
f 1770/121/2 1771/115/2 1769/119/2
f 1716/122/2 1717/120/2 1695/118/2
f 1716/122/2 1695/118/2 1696/123/2
f 1715/124/2 1716/122/2 1696/123/2
f 1715/124/2 1696/123/2 1697/125/2
f 1714/126/2 1715/124/2 1697/125/2
f 1714/126/2 1697/125/2 1698/127/2
f 1713/128/2 1714/126/2 1698/127/2
f 1712/129/2 1713/128/2 1698/127/2
f 1712/129/2 1698/127/2 1699/130/2
f 1711/131/2 1712/129/2 1699/130/2
f 1711/131/2 1699/130/2 1700/132/2
f 1710/133/2 1711/131/2 1700/132/2
f 1710/133/2 1700/132/2 1701/134/2
f 1709/135/2 1710/133/2 1701/134/2
f 1709/135/2 1701/134/2 1702/136/2
f 1708/137/2 1709/135/2 1702/136/2
f 1708/137/2 1702/136/2 1703/138/2
f 1707/139/2 1708/137/2 1703/138/2
f 1707/139/2 1703/138/2 1704/140/2
f 1707/139/2 1704/140/2 1705/141/2
f 1706/142/2 1707/139/2 1705/141/2
f 1629/143/2 1625/145/2 1626/144/2
f 1628/146/2 1629/143/2 1626/144/2
f 1628/146/2 1626/144/2 1627/147/2
f 1841/434/2 1842/436/2 1843/435/2
f 1840/437/2 1841/434/2 1843/435/2
f 1840/437/2 1843/435/2 1844/438/2
f 1839/439/2 1840/437/2 1844/438/2
f 1839/439/2 1844/438/2 1845/440/2
f 1838/441/2 1839/439/2 1845/440/2
f 1838/441/2 1845/440/2 1846/442/2
f 1837/443/2 1838/441/2 1846/442/2
f 1837/443/2 1846/442/2 1847/444/2
f 1836/445/2 1837/443/2 1847/444/2
f 1836/445/2 1847/444/2 1848/446/2
f 1835/447/2 1836/445/2 1848/446/2
f 1835/447/2 1848/446/2 1849/448/2
f 1834/449/2 1835/447/2 1849/448/2
f 1834/449/2 1849/448/2 1850/450/2
f 1833/451/2 1834/449/2 1850/450/2
f 1832/452/2 1833/451/2 1822/453/2
f 1822/453/2 1833/451/2 1850/450/2
f 1822/453/2 1850/450/2 1821/454/2
f 1821/454/2 1850/450/2 1851/455/2
f 1832/452/2 1822/453/2 1824/456/2
f 1824/456/2 1822/453/2 1823/457/2
f 1832/452/2 1824/456/2 1825/458/2
f 1820/459/2 1821/454/2 1851/455/2
f 1831/127/2 1832/452/2 1825/458/2
f 1831/127/2 1825/458/2 1826/460/2
f 1819/461/2 1820/459/2 1851/455/2
f 1830/462/2 1831/127/2 1828/463/2
f 1828/463/2 1831/127/2 1826/460/2
f 1828/463/2 1826/460/2 1827/464/2
f 1830/462/2 1828/463/2 1829/465/2
f 1819/461/2 1851/455/2 1852/466/2
f 1818/467/2 1819/461/2 1852/466/2
f 1817/468/2 1818/467/2 1852/466/2
f 1817/468/2 1852/466/2 1853/469/2
f 1816/470/2 1817/468/2 1853/469/2
f 1816/470/2 1853/469/2 1854/471/2
f 1815/472/2 1816/470/2 1854/471/2
f 1814/473/2 1815/472/2 1854/471/2
f 1813/474/2 1814/473/2 1854/471/2
f 1813/474/2 1854/471/2 1855/475/2
f 1812/476/2 1813/474/2 1855/475/2
f 1811/477/2 1812/476/2 1855/475/2
f 1810/478/2 1811/477/2 1855/475/2
f 1809/479/2 1810/478/2 1855/475/2
f 1809/479/2 1855/475/2 1868/480/2
f 1868/480/2 1855/475/2 1856/481/2
f 1808/482/2 1809/479/2 1868/480/2
f 1808/482/2 1868/480/2 1869/483/2
f 1867/484/2 1868/480/2 1856/481/2
f 1808/482/2 1869/483/2 1870/485/2
f 1807/486/2 1808/482/2 1870/485/2
f 1866/487/2 1867/484/2 1856/481/2
f 1807/486/2 1870/485/2 1871/488/2
f 1807/486/2 1871/488/2 1872/489/2
f 1865/490/2 1866/487/2 1856/481/2
f 1806/491/2 1807/486/2 1872/489/2
f 1865/490/2 1856/481/2 1857/492/2
f 1806/491/2 1872/489/2 1873/493/2
f 1806/491/2 1873/493/2 1874/494/2
f 1776/495/2 1772/145/2 1773/496/2
f 1890/115/2 1865/490/2 1857/492/2
f 1775/497/2 1776/495/2 1773/496/2
f 1806/491/2 1874/494/2 1875/498/2
f 1775/497/2 1773/496/2 1774/499/2
f 1805/500/2 1806/491/2 1875/498/2
f 1805/500/2 1875/498/2 1876/501/2
f 1889/502/2 1890/115/2 1857/492/2
f 1805/500/2 1876/501/2 1877/503/2
f 1804/504/2 1805/500/2 1877/503/2
f 1888/505/2 1889/502/2 1857/492/2
f 1804/504/2 1877/503/2 1878/506/2
f 1888/505/2 1857/492/2 1858/507/2
f 1887/508/2 1888/505/2 1858/507/2
f 1803/509/2 1804/504/2 1878/506/2
f 1803/509/2 1878/506/2 1879/510/2
f 1886/511/2 1887/508/2 1858/507/2
f 1886/511/2 1858/507/2 1786/512/2
f 1786/512/2 1858/507/2 1859/513/2
f 1803/509/2 1879/510/2 1880/514/2
f 1802/515/2 1803/509/2 1880/514/2
f 1886/511/2 1786/512/2 1787/516/2
f 1785/517/2 1786/512/2 1859/513/2
f 1802/515/2 1880/514/2 1881/518/2
f 1885/519/2 1886/511/2 1787/516/2
f 1885/519/2 1787/516/2 1788/520/2
f 1784/521/2 1785/517/2 1859/513/2
f 1784/521/2 1859/513/2 1777/522/2
f 1884/523/2 1885/519/2 1788/520/2
f 1884/523/2 1788/520/2 1789/524/2
f 1802/515/2 1881/518/2 1882/525/2
f 1883/526/2 1884/523/2 1789/524/2
f 1801/527/2 1802/515/2 1882/525/2
f 1801/527/2 1882/525/2 1883/526/2
f 1801/527/2 1883/526/2 1789/524/2
f 1783/528/2 1784/521/2 1777/522/2
f 1801/527/2 1789/524/2 1790/529/2
f 1783/528/2 1777/522/2 1778/530/2
f 1864/531/2 1860/533/2 1861/532/2
f 1863/534/2 1864/531/2 1861/532/2
f 1801/527/2 1790/529/2 1791/535/2
f 1782/536/2 1783/528/2 1778/530/2
f 1800/537/2 1801/527/2 1791/535/2
f 1862/538/2 1863/534/2 1861/532/2
f 1782/536/2 1778/530/2 1779/539/2
f 1800/537/2 1791/535/2 1792/540/2
f 1781/541/2 1782/536/2 1779/539/2
f 1799/542/2 1800/537/2 1792/540/2
f 1781/541/2 1779/539/2 1780/543/2
f 1799/542/2 1792/540/2 1793/544/2
f 1799/542/2 1793/544/2 1794/545/2
f 1798/546/2 1799/542/2 1794/545/2
f 1798/546/2 1794/545/2 1795/547/2
f 1797/548/2 1798/546/2 1795/547/2
f 1797/548/2 1795/547/2 1796/549/2
f 2044/550/2 2045/361/2 2041/357/2
f 2044/550/2 2041/357/2 2042/551/2
f 2044/550/2 2042/551/2 2043/359/2
f 2049/115/2 2046/552/2 2047/363/2
f 2048/553/2 2049/115/2 2047/363/2
f 2010/554/2 2011/386/2 2012/555/2
f 2010/554/2 2012/555/2 2013/379/2
f 2010/554/2 2013/379/2 2014/556/2
f 2009/389/2 2010/554/2 2014/556/2
f 2009/389/2 2014/556/2 2015/376/2
f 2008/557/2 2009/389/2 2015/376/2
f 2008/557/2 2015/376/2 2016/558/2
f 2007/391/2 2008/557/2 2016/558/2
f 1978/559/2 1979/427/2 1980/560/2
f 1978/559/2 1980/560/2 1981/428/2
f 2007/391/2 2016/558/2 2017/374/2
f 2006/561/2 2007/391/2 2017/374/2
f 1977/425/2 1978/559/2 1981/428/2
f 1977/425/2 1981/428/2 1982/562/2
f 2006/561/2 2017/374/2 2018/563/2
f 1977/425/2 1982/562/2 1983/426/2
f 2005/394/2 2006/561/2 2018/563/2
f 1976/564/2 1977/425/2 1983/426/2
f 2004/565/2 2005/394/2 2018/563/2
f 2004/565/2 2018/563/2 2019/371/2
f 1975/423/2 1976/564/2 1983/426/2
f 1975/423/2 1983/426/2 1984/566/2
f 1974/567/2 1975/423/2 1984/566/2
f 2003/397/2 2004/565/2 2019/371/2
f 2003/397/2 2019/371/2 2020/568/2
f 1973/422/2 1974/567/2 1984/566/2
f 1973/422/2 1984/566/2 1942/569/2
f 1942/569/2 1984/566/2 1985/424/2
f 1972/570/2 1973/422/2 1942/569/2
f 1972/570/2 1942/569/2 1943/400/2
f 1941/398/2 1942/569/2 1985/424/2
f 2002/571/2 2003/397/2 1919/382/2
f 1919/382/2 2003/397/2 2020/568/2
f 1940/572/2 1941/398/2 1985/424/2
f 2002/571/2 1919/382/2 1920/573/2
f 1918/574/2 1919/382/2 2020/568/2
f 1939/396/2 1940/572/2 1985/424/2
f 1918/574/2 2020/568/2 2021/370/2
f 1972/570/2 1943/400/2 1944/575/2
f 1917/384/2 1918/574/2 2021/370/2
f 1939/396/2 1985/424/2 1986/576/2
f 2001/399/2 2002/571/2 1920/573/2
f 2001/399/2 1920/573/2 1921/377/2
f 1916/577/2 1917/384/2 2021/370/2
f 1938/578/2 1939/396/2 1986/576/2
f 1972/570/2 1944/575/2 1945/402/2
f 2000/579/2 2001/399/2 1921/377/2
f 1938/578/2 1986/576/2 1987/421/2
f 2000/579/2 1921/377/2 1922/580/2
f 1999/401/2 2000/579/2 1922/580/2
f 1915/385/2 1916/577/2 2021/370/2
f 1937/395/2 1938/578/2 1987/421/2
f 1998/581/2 1999/401/2 1922/580/2
f 1972/570/2 1945/402/2 1946/582/2
f 1914/583/2 1915/385/2 2021/370/2
f 1914/583/2 2021/370/2 2022/584/2
f 1998/581/2 1922/580/2 1923/380/2
f 1971/419/2 1972/570/2 1946/582/2
f 1937/395/2 1987/421/2 1988/585/2
f 1936/586/2 1937/395/2 1988/585/2
f 1997/403/2 1998/581/2 1923/380/2
f 1970/127/2 1971/419/2 1946/582/2
f 1913/387/2 1914/583/2 2022/584/2
f 1936/586/2 1988/585/2 1989/420/2
f 1997/403/2 1923/380/2 1924/587/2
f 1913/387/2 2022/584/2 2023/369/2
f 1912/588/2 1913/387/2 2023/369/2
f 1935/393/2 1936/586/2 1989/420/2
f 1969/418/2 1970/127/2 1946/582/2
f 1996/589/2 1997/403/2 1924/587/2
f 1968/590/2 1969/418/2 1946/582/2
f 1968/590/2 1946/582/2 1947/404/2
f 1935/393/2 1989/420/2 1990/591/2
f 1934/592/2 1935/393/2 1990/591/2
f 1996/589/2 1924/587/2 1925/381/2
f 1911/378/2 1912/588/2 2023/369/2
f 1967/412/2 1968/590/2 1947/404/2
f 1934/592/2 1990/591/2 1991/414/2
f 1995/405/2 1996/589/2 1925/381/2
f 1967/412/2 1947/404/2 1948/593/2
f 1911/378/2 2023/369/2 2024/594/2
f 1995/405/2 1925/381/2 1926/595/2
f 1994/596/2 1995/405/2 1926/595/2
f 1967/412/2 1948/593/2 1949/406/2
f 1910/597/2 1911/378/2 2024/594/2
f 1966/598/2 1967/412/2 1949/406/2
f 1934/592/2 1991/414/2 1992/599/2
f 1933/392/2 1934/592/2 1992/599/2
f 1993/407/2 1994/596/2 1926/595/2
f 1910/597/2 2024/594/2 2025/367/2
f 1933/392/2 1992/599/2 1993/407/2
f 1993/407/2 1926/595/2 1927/383/2
f 1909/375/2 1910/597/2 2025/367/2
f 1933/392/2 1993/407/2 1927/383/2
f 1932/600/2 1933/392/2 1927/383/2
f 1908/601/2 1909/375/2 2025/367/2
f 1966/598/2 1949/406/2 1950/602/2
f 1932/600/2 1927/383/2 1928/603/2
f 1908/601/2 2025/367/2 2026/604/2
f 1931/390/2 1932/600/2 1928/603/2
f 1965/410/2 1966/598/2 1950/602/2
f 1931/390/2 1928/603/2 1929/388/2
f 1930/605/2 1931/390/2 1929/388/2
f 1907/373/2 1908/601/2 2026/604/2
f 1907/373/2 2026/604/2 2027/366/2
f 1965/410/2 1950/602/2 1951/408/2
f 1906/606/2 1907/373/2 2027/366/2
f 1906/606/2 2027/366/2 2028/607/2
f 1964/608/2 1965/410/2 1951/408/2
f 1963/411/2 1964/608/2 1951/408/2
f 1905/372/2 1906/606/2 2028/607/2
f 1963/411/2 1951/408/2 1952/609/2
f 1962/610/2 1963/411/2 1952/609/2
f 1962/610/2 1952/609/2 1953/413/2
f 1905/372/2 2028/607/2 2029/365/2
f 1904/611/2 1905/372/2 2029/365/2
f 1904/611/2 2029/365/2 2030/612/2
f 1962/610/2 1953/413/2 1954/613/2
f 1903/368/2 1904/611/2 2030/612/2
f 1962/610/2 1954/613/2 1955/416/2
f 1961/409/2 1962/610/2 1955/416/2
f 1903/368/2 2030/612/2 2031/364/2
f 1961/409/2 1955/416/2 1956/614/2
f 1960/615/2 1961/409/2 1956/614/2
f 1902/616/2 1903/368/2 2031/364/2
f 1959/415/2 1960/615/2 1956/614/2
f 1959/415/2 1956/614/2 1958/617/2
f 1958/617/2 1956/614/2 1957/417/2
f 1902/616/2 2031/364/2 2032/618/2
f 1901/430/2 1902/616/2 2032/618/2
f 1901/430/2 2032/618/2 2033/362/2
f 1900/619/2 1901/430/2 2033/362/2
f 2039/358/2 2040/621/2 2036/620/2
f 2039/358/2 2036/620/2 2037/356/2
f 2039/358/2 2037/356/2 2038/622/2
f 1900/619/2 2033/362/2 2034/623/2
f 1899/429/2 1900/619/2 2034/623/2
f 1899/429/2 2034/623/2 2035/360/2
f 1898/624/2 1899/429/2 2035/360/2
f 1898/624/2 2035/360/2 1891/145/2
f 1897/432/2 1898/624/2 1891/145/2
f 1896/625/2 1897/432/2 1891/145/2
f 1896/625/2 1891/145/2 1892/626/2
f 1895/433/2 1896/625/2 1892/626/2
f 1894/627/2 1895/433/2 1892/626/2
f 1894/627/2 1892/626/2 1893/431/2
f 2177/628/2 2178/286/2 2179/629/2
f 2177/628/2 2179/629/2 2180/630/2
f 2176/631/2 2177/628/2 2180/630/2
f 2175/632/2 2176/631/2 2180/630/2
f 2175/632/2 2180/630/2 2181/633/2
f 2175/632/2 2181/633/2 2182/634/2
f 2175/632/2 2182/634/2 2183/635/2
f 2174/636/2 2175/632/2 2183/635/2
f 2174/636/2 2183/635/2 2184/637/2
f 2173/638/2 2174/636/2 2184/637/2
f 2173/638/2 2184/637/2 2185/639/2
f 2172/640/2 2173/638/2 2185/639/2
f 2172/640/2 2185/639/2 2186/304/2
f 2172/640/2 2186/304/2 2187/641/2
f 2171/642/2 2172/640/2 2187/641/2
f 2170/277/2 2171/642/2 2187/641/2
f 2170/277/2 2187/641/2 2110/643/2
f 2110/643/2 2187/641/2 2188/644/2
f 2169/645/2 2170/277/2 2111/646/2
f 2111/646/2 2170/277/2 2110/643/2
f 2109/647/2 2110/643/2 2188/644/2
f 2169/645/2 2111/646/2 2112/648/2
f 2168/649/2 2169/645/2 2112/648/2
f 2168/649/2 2112/648/2 2113/650/2
f 2108/651/2 2109/647/2 2188/644/2
f 2108/651/2 2188/644/2 2189/652/2
f 2167/653/2 2168/649/2 2113/650/2
f 2167/653/2 2113/650/2 2114/323/2
f 2107/654/2 2108/651/2 2189/652/2
f 2107/654/2 2189/652/2 2190/655/2
f 2166/656/2 2167/653/2 2114/323/2
f 2106/341/2 2107/654/2 2190/655/2
f 2106/341/2 2190/655/2 2191/657/2
f 2166/656/2 2114/323/2 2115/658/2
f 2165/659/2 2166/656/2 2115/658/2
f 2105/660/2 2106/341/2 2191/657/2
f 2105/660/2 2191/657/2 2192/661/2
f 2165/659/2 2115/658/2 2116/662/2
f 2104/663/2 2105/660/2 2192/661/2
f 2058/343/2 2054/665/2 2055/664/2
f 2057/666/2 2058/343/2 2055/664/2
f 2104/663/2 2192/661/2 2193/667/2
f 2057/666/2 2055/664/2 2056/668/2
f 2164/669/2 2165/659/2 2116/662/2
f 2164/669/2 2116/662/2 2117/670/2
f 2103/671/2 2104/663/2 2193/667/2
f 2103/671/2 2193/667/2 2194/115/2
f 2163/672/2 2164/669/2 2117/670/2
f 2163/672/2 2117/670/2 2118/673/2
f 2103/671/2 2194/115/2 2059/674/2
f 2102/675/2 2103/671/2 2059/674/2
f 2162/262/2 2163/672/2 2118/673/2
f 2162/262/2 2118/673/2 2119/676/2
f 2102/675/2 2059/674/2 2060/677/2
f 2101/678/2 2102/675/2 2060/677/2
f 2162/262/2 2119/676/2 2120/679/2
f 2161/680/2 2162/262/2 2120/679/2
f 2101/678/2 2060/677/2 2061/681/2
f 2161/680/2 2120/679/2 2121/682/2
f 2100/683/2 2101/678/2 2061/681/2
f 2160/684/2 2161/680/2 2121/682/2
f 2100/683/2 2061/681/2 2062/685/2
f 2160/684/2 2121/682/2 2122/127/2
f 2099/686/2 2100/683/2 2062/685/2
f 2159/687/2 2160/684/2 2122/127/2
f 2159/687/2 2122/127/2 2123/688/2
f 2098/351/2 2099/686/2 2062/685/2
f 2098/351/2 2062/685/2 2063/689/2
f 2159/687/2 2123/688/2 2124/690/2
f 2159/687/2 2124/690/2 2125/691/2
f 2158/692/2 2159/687/2 2125/691/2
f 2097/693/2 2098/351/2 2063/689/2
f 2158/692/2 2125/691/2 2126/694/2
f 2097/693/2 2063/689/2 2064/695/2
f 2096/696/2 2097/693/2 2064/695/2
f 2157/697/2 2158/692/2 2126/694/2
f 2157/697/2 2126/694/2 2127/698/2
f 2096/696/2 2064/695/2 2065/699/2
f 2095/700/2 2096/696/2 2065/699/2
f 2157/697/2 2127/698/2 2128/701/2
f 2156/702/2 2157/697/2 2128/701/2
f 2094/703/2 2095/700/2 2065/699/2
f 2094/703/2 2065/699/2 2066/321/2
f 2156/702/2 2128/701/2 2129/704/2
f 2155/705/2 2156/702/2 2129/704/2
f 2093/706/2 2094/703/2 2066/321/2
f 2093/706/2 2066/321/2 2067/707/2
f 2155/705/2 2129/704/2 2130/273/2
f 2154/247/2 2155/705/2 2130/273/2
f 2154/247/2 2130/273/2 2131/708/2
f 2092/709/2 2093/706/2 2067/707/2
f 2092/709/2 2067/707/2 2068/710/2
f 2154/247/2 2131/708/2 2132/711/2
f 2091/712/2 2092/709/2 2068/710/2
f 2153/713/2 2154/247/2 2132/711/2
f 2153/713/2 2132/711/2 2133/714/2
f 2091/712/2 2068/710/2 2069/715/2
f 2090/322/2 2091/712/2 2069/715/2
f 2153/713/2 2133/714/2 2134/716/2
f 2152/717/2 2153/713/2 2134/716/2
f 2090/322/2 2069/715/2 2070/718/2
f 2089/719/2 2090/322/2 2070/718/2
f 2152/717/2 2134/716/2 2135/720/2
f 2088/721/2 2089/719/2 2070/718/2
f 2151/722/2 2152/717/2 2135/720/2
f 2087/723/2 2088/721/2 2070/718/2
f 2151/722/2 2135/720/2 2136/724/2
f 2150/725/2 2151/722/2 2136/724/2
f 2086/726/2 2087/723/2 2070/718/2
f 2085/727/2 2086/726/2 2070/718/2
f 2084/728/2 2085/727/2 2070/718/2
f 2082/296/2 2083/729/2 2084/728/2
f 2149/730/2 2150/725/2 2136/724/2
f 2082/296/2 2084/728/2 2070/718/2
f 2082/296/2 2070/718/2 2071/731/2
f 2149/730/2 2136/724/2 2137/732/2
f 2081/733/2 2082/296/2 2071/731/2
f 2081/733/2 2071/731/2 2072/734/2
f 2080/735/2 2081/733/2 2072/734/2
f 2149/730/2 2137/732/2 2138/263/2
f 2148/736/2 2149/730/2 2138/263/2
f 2079/737/2 2080/735/2 2072/734/2
f 2079/737/2 2072/734/2 2073/738/2
f 2148/736/2 2138/263/2 2139/739/2
f 2078/740/2 2079/737/2 2073/738/2
f 2078/740/2 2073/738/2 2075/741/2
f 2075/741/2 2073/738/2 2074/303/2
f 2147/742/2 2148/736/2 2139/739/2
f 2077/743/2 2078/740/2 2075/741/2
f 2077/743/2 2075/741/2 2076/744/2
f 2147/742/2 2139/739/2 2140/745/2
f 2147/742/2 2140/745/2 2141/746/2
f 2146/252/2 2147/742/2 2141/746/2
f 2146/252/2 2141/746/2 2142/747/2
f 2145/748/2 2146/252/2 2142/747/2
f 2144/749/2 2145/748/2 2142/747/2
f 2143/750/2 2144/749/2 2142/747/2
f 2053/751/2 2050/145/2 2051/752/2
f 2053/751/2 2051/752/2 2052/753/2
f 2341/754/2 2342/115/2 2336/158/2
f 2340/755/2 2341/754/2 2336/158/2
f 2340/755/2 2336/158/2 2337/756/2
f 2339/155/2 2340/755/2 2337/756/2
f 2339/155/2 2337/756/2 2338/757/2
f 2322/758/2 2323/759/2 2324/174/2
f 2322/758/2 2324/174/2 2325/760/2
f 2322/758/2 2325/760/2 2326/761/2
f 2321/178/2 2322/758/2 2326/761/2
f 2321/178/2 2326/761/2 2327/170/2
f 2320/762/2 2321/178/2 2327/170/2
f 2320/762/2 2327/170/2 2328/288/2
f 2319/763/2 2320/762/2 2328/288/2
f 2319/763/2 2328/288/2 2329/764/2
f 2318/177/2 2319/763/2 2329/764/2
f 2317/765/2 2318/177/2 2329/764/2
f 2317/765/2 2329/764/2 2330/166/2
f 2316/766/2 2317/765/2 2330/166/2
f 2316/766/2 2330/166/2 2331/767/2
f 2315/173/2 2316/766/2 2331/767/2
f 2314/271/2 2315/173/2 2331/767/2
f 2314/271/2 2331/767/2 2332/768/2
f 2313/769/2 2314/271/2 2332/768/2
f 2313/769/2 2332/768/2 2295/770/2
f 2295/770/2 2332/768/2 2333/162/2
f 2312/169/2 2313/769/2 2295/770/2
f 2312/169/2 2295/770/2 2296/771/2
f 2294/150/2 2295/770/2 2333/162/2
f 2293/252/2 2294/150/2 2333/162/2
f 2292/772/2 2293/252/2 2333/162/2
f 2312/169/2 2296/771/2 2297/152/2
f 2292/772/2 2333/162/2 2334/773/2
f 2291/189/2 2292/772/2 2334/773/2
f 2311/774/2 2312/169/2 2297/152/2
f 2311/774/2 2297/152/2 2298/775/2
f 2310/776/2 2311/774/2 2298/775/2
f 2310/776/2 2298/775/2 2299/777/2
f 2290/778/2 2291/189/2 2334/773/2
f 2290/778/2 2334/773/2 2335/310/2
f 2309/165/2 2310/776/2 2299/777/2
f 2309/165/2 2299/777/2 2300/148/2
f 2289/779/2 2290/778/2 2335/310/2
f 2289/779/2 2335/310/2 2195/145/2
f 2308/780/2 2309/165/2 2300/148/2
f 2308/780/2 2300/148/2 2301/781/2
f 2307/258/2 2308/780/2 2301/781/2
f 2307/258/2 2301/781/2 2302/782/2
f 2307/258/2 2302/782/2 2303/156/2
f 2289/779/2 2195/145/2 2196/783/2
f 2307/258/2 2303/156/2 2304/784/2
f 2306/161/2 2307/258/2 2304/784/2
f 2288/186/2 2289/779/2 2196/783/2
f 2306/161/2 2304/784/2 2305/785/2
f 2288/186/2 2196/783/2 2197/786/2
f 2288/186/2 2197/786/2 2198/194/2
f 2287/787/2 2288/186/2 2198/194/2
f 2286/261/2 2287/787/2 2198/194/2
f 2286/261/2 2198/194/2 2199/788/2
f 2286/261/2 2199/788/2 2200/789/2
f 2285/181/2 2286/261/2 2200/789/2
f 2284/790/2 2285/181/2 2200/789/2
f 2283/791/2 2284/790/2 2200/789/2
f 2283/791/2 2200/789/2 2201/197/2
f 2282/180/2 2283/791/2 2201/197/2
f 2282/180/2 2201/197/2 2202/345/2
f 2281/792/2 2282/180/2 2202/345/2
f 2281/792/2 2202/345/2 2203/793/2
f 2281/792/2 2203/793/2 2204/200/2
f 2280/794/2 2281/792/2 2204/200/2
f 2280/794/2 2204/200/2 2205/795/2
f 2280/794/2 2205/795/2 2206/796/2
f 2280/794/2 2206/796/2 2207/203/2
f 2280/794/2 2207/203/2 2208/797/2
f 2279/185/2 2280/794/2 2208/797/2
f 2278/798/2 2279/185/2 2208/797/2
f 2278/798/2 2208/797/2 2209/327/2
f 2277/799/2 2278/798/2 2209/327/2
f 2277/799/2 2209/327/2 2210/205/2
f 2276/191/2 2277/799/2 2210/205/2
f 2276/191/2 2210/205/2 2211/800/2
f 2275/801/2 2276/191/2 2211/800/2
f 2275/801/2 2211/800/2 2212/802/2
f 2275/801/2 2212/802/2 2213/210/2
f 2274/803/2 2275/801/2 2213/210/2
f 2274/803/2 2213/210/2 2214/804/2
f 2274/803/2 2214/804/2 2215/805/2
f 2273/195/2 2274/803/2 2215/805/2
f 2273/195/2 2215/805/2 2216/216/2
f 2273/195/2 2216/216/2 2217/806/2
f 2273/195/2 2217/806/2 2218/807/2
f 2272/280/2 2273/195/2 2218/807/2
f 2272/280/2 2218/807/2 2219/220/2
f 2271/808/2 2272/280/2 2219/220/2
f 2271/808/2 2219/220/2 2220/809/2
f 2270/201/2 2271/808/2 2220/809/2
f 2270/201/2 2220/809/2 2221/810/2
f 2269/811/2 2270/201/2 2221/810/2
f 2269/811/2 2221/810/2 2222/223/2
f 2268/812/2 2269/811/2 2222/223/2
f 2268/812/2 2222/223/2 2223/294/2
f 2267/206/2 2268/812/2 2223/294/2
f 2267/206/2 2223/294/2 2224/813/2
f 2267/206/2 2224/813/2 2225/227/2
f 2267/206/2 2225/227/2 2226/814/2
f 2266/815/2 2267/206/2 2226/814/2
f 2266/815/2 2226/814/2 2227/816/2
f 2266/815/2 2227/816/2 2228/232/2
f 2265/305/2 2266/815/2 2228/232/2
f 2265/305/2 2228/232/2 2229/817/2
f 2265/305/2 2229/817/2 2230/302/2
f 2230/302/2 2231/236/2 2232/818/2
f 2232/818/2 2233/819/2 2234/240/2
f 2230/302/2 2232/818/2 2234/240/2
f 2265/305/2 2230/302/2 2234/240/2
f 2265/305/2 2234/240/2 2235/820/2
f 2265/305/2 2235/820/2 2236/821/2
f 2264/209/2 2265/305/2 2236/821/2
f 2236/821/2 2237/243/2 2238/822/2
f 2238/822/2 2239/823/2 2240/239/2
f 2264/209/2 2236/821/2 2238/822/2
f 2264/209/2 2238/822/2 2240/239/2
f 2264/209/2 2240/239/2 2241/824/2
f 2241/824/2 2242/825/2 2243/235/2
f 2264/209/2 2241/824/2 2243/235/2
f 2264/209/2 2243/235/2 2244/351/2
f 2264/209/2 2244/351/2 2245/826/2
f 2263/827/2 2264/209/2 2255/219/2
f 2255/219/2 2264/209/2 2245/826/2
f 2255/219/2 2245/826/2 2246/231/2
f 2255/219/2 2246/231/2 2254/828/2
f 2254/828/2 2246/231/2 2251/350/2
f 2251/350/2 2246/231/2 2247/829/2
f 2263/827/2 2255/219/2 2257/830/2
f 2257/830/2 2255/219/2 2256/831/2
f 2253/832/2 2254/828/2 2252/224/2
f 2252/224/1 2254/828/1 2251/350/1
f 2250/833/2 2251/350/2 2247/829/2
f 2249/228/2 2250/833/2 2248/834/2
f 2248/834/1 2250/833/1 2247/829/1
f 2263/827/2 2257/830/2 2258/215/2
f 2262/835/2 2263/827/2 2258/215/2
f 2262/835/2 2258/215/2 2259/836/2
f 2262/835/2 2259/836/2 2260/837/2
f 2261/212/2 2262/835/2 2260/837/2
s 1
f 2346/838/3 2343/145/4 2344/839/5
f 2348/840/6 2345/216/3 2346/838/3
f 2350/841/7 2347/243/6 2348/840/6
f 2352/842/8 2349/215/7 2350/841/7
f 2354/843/9 2351/185/8 2352/842/8
f 2356/844/10 2353/148/9 2354/843/9
f 2344/845/5 2355/178/10 2356/844/10
f 2360/846/11 2357/145/12 2358/839/12
f 2362/847/13 2359/848/11 2360/846/11
f 2364/849/14 2361/850/13 2362/847/13
f 2366/851/15 2363/852/14 2364/849/14
f 2368/853/16 2365/854/15 2366/851/15
f 2370/855/17 2367/856/16 2368/853/16
f 2372/857/18 2369/858/17 2370/855/17
f 2374/859/19 2371/860/18 2372/857/18
f 2376/861/20 2373/862/19 2374/859/19
f 2378/863/21 2375/864/20 2376/861/20
f 2380/865/22 2377/866/21 2378/863/21
f 2382/867/23 2379/868/22 2380/865/22
f 2384/869/24 2381/870/23 2382/867/23
f 2386/871/25 2383/872/26 2384/869/24
f 2388/873/27 2385/874/25 2386/871/25
f 2390/875/28 2387/876/27 2388/873/27
f 2392/877/29 2389/878/28 2390/875/28
f 2394/879/30 2391/880/29 2392/877/29
f 2396/881/31 2393/882/30 2394/879/30
f 2398/883/32 2395/884/31 2396/881/31
f 2400/885/33 2397/886/32 2398/883/32
f 2402/887/34 2399/888/33 2400/885/33
f 2404/889/35 2401/890/34 2402/887/34
f 2406/891/36 2403/892/35 2404/889/35
f 2408/893/37 2405/894/36 2406/891/36
f 2410/895/38 2407/896/37 2408/893/37
f 2412/897/39 2409/898/38 2410/895/38
f 2414/899/40 2411/900/39 2412/897/39
f 2416/901/41 2413/902/40 2414/899/40
f 2418/903/42 2415/904/41 2416/901/41
f 2420/905/43 2417/906/42 2418/903/42
f 2422/907/44 2419/908/43 2420/905/43
f 2424/909/45 2421/910/44 2422/907/44
f 2426/911/46 2423/912/45 2424/909/45
f 2428/913/47 2425/914/46 2426/911/46
f 2430/915/48 2427/916/47 2428/913/47
f 2432/917/49 2429/918/48 2430/915/48
f 2434/919/50 2431/920/49 2432/917/49
f 2436/921/51 2433/922/50 2434/919/50
f 2438/923/52 2435/924/51 2436/921/51
f 2440/925/53 2437/926/52 2438/923/52
f 2442/927/54 2439/928/53 2440/925/53
f 2444/929/55 2441/930/54 2442/927/54
f 2446/931/56 2443/932/55 2444/929/55
f 2448/933/57 2445/934/56 2446/931/56
f 2450/935/58 2447/936/57 2448/933/57
f 2452/937/59 2449/938/58 2450/935/58
f 2454/939/60 2451/351/59 2452/937/59
f 2456/940/61 2453/941/60 2454/939/60
f 2458/942/62 2455/943/61 2456/940/61
f 2460/944/63 2457/945/62 2458/942/62
f 2462/946/64 2459/947/63 2460/944/63
f 2464/948/65 2461/949/64 2462/946/64
f 2466/950/66 2463/951/65 2464/948/65
f 2468/952/67 2465/953/66 2466/950/66
f 2470/954/68 2467/955/67 2468/952/67
f 2472/956/69 2469/957/68 2470/954/68
f 2474/958/70 2471/959/69 2472/956/69
f 2476/960/71 2473/961/70 2474/958/70
f 2478/962/72 2475/963/71 2476/960/71
f 2480/964/72 2477/965/72 2478/962/72
f 2482/966/73 2479/967/72 2480/964/72
f 2484/968/74 2481/969/73 2482/966/73
f 2486/970/75 2483/971/74 2484/968/74
f 2488/972/76 2485/973/75 2486/970/75
f 2490/974/77 2487/975/76 2488/972/76
f 2492/976/78 2489/977/77 2490/974/77
f 2494/978/79 2491/979/78 2492/976/78
f 2496/980/80 2493/981/79 2494/978/79
f 2498/982/81 2495/983/80 2496/980/80
f 2500/984/82 2497/985/81 2498/982/81
f 2502/986/83 2499/987/82 2500/984/82
f 2504/988/84 2501/989/83 2502/986/83
f 2506/990/85 2503/991/84 2504/988/84
f 2508/992/86 2505/993/85 2506/990/85
f 2510/994/87 2507/995/86 2508/992/86
f 2512/996/88 2509/997/87 2510/994/87
f 2514/998/89 2511/999/88 2512/996/88
f 2516/1000/90 2513/1001/89 2514/998/89
f 2518/1002/91 2515/1003/90 2516/1000/90
f 2520/1004/92 2517/1005/91 2518/1002/91
f 2522/1006/93 2519/1007/92 2520/1004/92
f 2524/1008/94 2521/1009/93 2522/1006/93
f 2526/1010/95 2523/1011/94 2524/1008/94
f 2528/1012/96 2525/1013/95 2526/1010/95
f 2530/1014/97 2527/1015/96 2528/1012/96
f 2532/1016/98 2529/1017/97 2530/1014/97
f 2534/1018/99 2531/1019/98 2532/1016/98
f 2536/1020/100 2533/1021/99 2534/1018/99
f 2538/1022/101 2535/1023/100 2536/1020/100
f 2540/1024/102 2537/1025/101 2538/1022/101
f 2542/1026/103 2539/1027/102 2540/1024/102
f 2544/1028/104 2541/1029/103 2542/1026/103
f 2546/1030/105 2543/1031/104 2544/1028/104
f 2548/1032/106 2545/252/105 2546/1030/105
f 2550/1033/107 2547/1034/106 2548/1032/106
f 2552/1035/108 2549/1036/107 2550/1033/107
f 2554/1037/109 2551/1038/108 2552/1035/108
f 2556/1039/110 2553/1040/109 2554/1037/109
f 2558/1041/111 2555/1042/110 2556/1039/110
f 2560/1043/112 2557/1044/111 2558/1041/111
f 2562/1045/113 2559/1046/112 2560/1043/112
f 2564/1047/114 2561/1048/113 2562/1045/113
f 2566/1049/115 2563/1050/114 2564/1047/114
f 2568/1051/116 2565/1052/115 2566/1049/115
f 2570/1053/117 2567/1054/116 2568/1051/116
f 2572/1055/118 2569/1056/117 2570/1053/117
f 2574/1057/119 2571/1058/118 2572/1055/118
f 2576/1059/120 2573/1060/119 2574/1057/119
f 2578/1061/121 2575/1062/120 2576/1059/120
f 2580/1063/122 2577/1064/121 2578/1061/121
f 2582/1065/123 2579/1066/122 2580/1063/122
f 2584/1067/124 2581/1068/123 2582/1065/123
f 2586/1069/125 2583/1070/124 2584/1067/124
f 2588/1071/126 2585/1072/125 2586/1069/125
f 2590/1073/127 2587/1074/126 2588/1071/126
f 2592/1075/128 2589/1076/129 2590/1073/127
f 2594/1077/130 2591/1078/128 2592/1075/128
f 2596/1079/131 2593/1080/130 2594/1077/130
f 2598/1081/132 2595/1082/131 2596/1079/131
f 2600/1083/133 2597/1084/132 2598/1081/132
f 2602/1085/134 2599/1086/133 2600/1083/133
f 2604/1087/135 2601/1088/134 2602/1085/134
f 2606/1089/136 2603/1090/135 2604/1087/135
f 2608/1091/137 2605/1092/136 2606/1089/136
f 2610/1093/138 2607/1094/137 2608/1091/137
f 2612/1095/139 2609/1096/138 2610/1093/138
f 2614/1097/140 2611/1098/139 2612/1095/139
f 2616/1099/141 2613/1100/140 2614/1097/140
f 2618/1101/142 2615/1102/141 2616/1099/141
f 2620/1103/143 2617/1104/142 2618/1101/142
f 2622/1105/144 2619/1106/143 2620/1103/143
f 2624/1107/145 2621/1108/144 2622/1105/144
f 2626/1109/146 2623/1110/145 2624/1107/145
f 2628/1111/147 2625/1112/146 2626/1109/146
f 2630/1113/148 2627/1114/147 2628/1111/147
f 2632/1115/149 2629/1116/148 2630/1113/148
f 2634/1117/150 2631/1118/149 2632/1115/149
f 2636/1119/151 2633/1120/150 2634/1117/150
f 2638/1121/152 2635/1122/151 2636/1119/151
f 2358/845/12 2637/1123/152 2638/1121/152
f 2642/1124/153 2639/145/154 2640/839/154
f 2644/1125/155 2641/1126/153 2642/1124/153
f 2646/1127/156 2643/1128/155 2644/1125/155
f 2648/1129/157 2645/1130/156 2646/1127/156
f 2640/845/154 2647/1131/157 2648/1129/157
f 2652/1132/158 2649/145/159 2650/839/159
f 2654/1133/160 2651/1134/158 2652/1132/158
f 2656/1135/161 2653/1136/160 2654/1133/160
f 2658/1137/162 2655/1138/161 2656/1135/161
f 2660/1139/163 2657/1140/162 2658/1137/162
f 2662/1141/164 2659/1142/163 2660/1139/163
f 2664/1143/165 2661/1144/164 2662/1141/164
f 2666/1145/166 2663/1146/165 2664/1143/165
f 2668/1147/167 2665/1148/166 2666/1145/166
f 2670/1149/168 2667/1150/167 2668/1147/167
f 2672/1151/169 2669/1152/168 2670/1149/168
f 2674/1153/170 2671/1154/169 2672/1151/169
f 2676/1155/171 2673/1156/170 2674/1153/170
f 2678/1157/172 2675/1158/171 2676/1155/171
f 2680/1159/173 2677/1160/172 2678/1157/172
f 2682/1161/174 2679/1162/173 2680/1159/173
f 2684/1163/175 2681/1164/174 2682/1161/174
f 2686/1165/176 2683/710/175 2684/1163/175
f 2688/1166/177 2685/1167/176 2686/1165/176
f 2690/1168/178 2687/1169/177 2688/1166/177
f 2692/1170/179 2689/1171/178 2690/1168/178
f 2694/1172/180 2691/1173/181 2692/1170/179
f 2696/1174/182 2693/1175/180 2694/1172/180
f 2698/1176/183 2695/1177/182 2696/1174/182
f 2700/1178/184 2697/1179/183 2698/1176/183
f 2702/1180/185 2699/1181/184 2700/1178/184
f 2704/1182/186 2701/1183/185 2702/1180/185
f 2706/1184/187 2703/1185/186 2704/1182/186
f 2708/1186/188 2705/1187/187 2706/1184/187
f 2710/1188/189 2707/1189/188 2708/1186/188
f 2712/1190/190 2709/1191/189 2710/1188/189
f 2714/1192/191 2711/1193/190 2712/1190/190
f 2716/1194/192 2713/1195/191 2714/1192/191
f 2718/1196/193 2715/1197/192 2716/1194/192
f 2720/1198/194 2717/726/193 2718/1196/193
f 2722/1199/195 2719/1200/194 2720/1198/194
f 2724/1201/196 2721/1202/195 2722/1199/195
f 2726/1203/197 2723/1204/196 2724/1201/196
f 2728/1205/198 2725/1206/197 2726/1203/197
f 2730/1207/199 2727/1208/198 2728/1205/198
f 2732/1209/200 2729/1210/199 2730/1207/199
f 2734/1211/201 2731/1212/200 2732/1209/200
f 2736/1213/202 2733/1214/201 2734/1211/201
f 2738/1215/203 2735/1216/202 2736/1213/202
f 2740/1217/204 2737/1218/203 2738/1215/203
f 2742/1219/205 2739/1220/204 2740/1217/204
f 2744/1221/206 2741/1222/205 2742/1219/205
f 2746/1223/207 2743/1224/206 2744/1221/206
f 2748/1225/208 2745/1226/207 2746/1223/207
f 2750/1227/209 2747/1228/208 2748/1225/208
f 2752/1229/210 2749/1230/209 2750/1227/209
f 2754/1231/211 2751/663/212 2752/1229/210
f 2756/1232/213 2753/1233/211 2754/1231/211
f 2758/1234/214 2755/1235/213 2756/1232/213
f 2760/1236/215 2757/1237/214 2758/1234/214
f 2762/1238/216 2759/1239/215 2760/1236/215
f 2764/1240/217 2761/1241/216 2762/1238/216
f 2766/1242/218 2763/1243/217 2764/1240/217
f 2768/1244/219 2765/1245/218 2766/1242/218
f 2770/1246/220 2767/1247/219 2768/1244/219
f 2772/1248/221 2769/1249/222 2770/1246/220
f 2774/1250/223 2771/1251/221 2772/1248/221
f 2776/1252/224 2773/1253/223 2774/1250/223
f 2778/1254/225 2775/1255/224 2776/1252/224
f 2780/1256/226 2777/1257/227 2778/1254/225
f 2782/1258/228 2779/1259/229 2780/1256/226
f 2784/1260/230 2781/1261/228 2782/1258/228
f 2786/1262/231 2783/1263/230 2784/1260/230
f 2788/1264/232 2785/127/231 2786/1262/231
f 2790/1265/233 2787/1266/232 2788/1264/232
f 2792/1267/234 2789/1268/233 2790/1265/233
f 2794/1269/235 2791/1270/234 2792/1267/234
f 2796/1271/236 2793/1272/235 2794/1269/235
f 2798/1273/237 2795/1274/236 2796/1271/236
f 2800/1275/238 2797/1276/237 2798/1273/237
f 2802/1277/239 2799/1278/238 2800/1275/238
f 2804/1279/240 2801/1280/239 2802/1277/239
f 2806/1281/241 2803/1282/240 2804/1279/240
f 2808/1283/242 2805/1284/241 2806/1281/241
f 2810/1285/243 2807/1286/242 2808/1283/242
f 2812/1287/244 2809/1288/245 2810/1285/243
f 2814/1289/246 2811/1290/244 2812/1287/244
f 2816/1291/247 2813/1292/246 2814/1289/246
f 2818/1293/248 2815/1294/249 2816/1291/247
f 2820/1295/250 2817/1296/248 2818/1293/248
f 2822/1297/251 2819/745/250 2820/1295/250
f 2824/1298/252 2821/1299/251 2822/1297/251
f 2826/1300/253 2823/1301/252 2824/1298/252
f 2828/1302/254 2825/1303/255 2826/1300/253
f 2830/1304/256 2827/1305/254 2828/1302/254
f 2832/1306/257 2829/1307/256 2830/1304/256
f 2834/1308/258 2831/1309/257 2832/1306/257
f 2836/1310/259 2833/1311/258 2834/1308/258
f 2838/1312/260 2835/1313/259 2836/1310/259
f 2840/1314/261 2837/1315/260 2838/1312/260
f 2842/1316/262 2839/1317/261 2840/1314/261
f 2844/1318/263 2841/1319/262 2842/1316/262
f 2846/1320/264 2843/1321/263 2844/1318/263
f 2848/1322/265 2845/1323/264 2846/1320/264
f 2850/1324/266 2847/1325/265 2848/1322/265
f 2852/1326/267 2849/1327/266 2850/1324/266
f 2854/1328/268 2851/1329/267 2852/1326/267
f 2856/1330/269 2853/692/268 2854/1328/268
f 2858/1331/270 2855/1332/269 2856/1330/269
f 2860/1333/271 2857/1334/270 2858/1331/270
f 2862/1335/272 2859/1336/271 2860/1333/271
f 2864/1337/272 2861/1338/272 2862/1335/272
f 2866/1339/273 2863/1340/272 2864/1337/272
f 2868/1341/274 2865/1342/273 2866/1339/273
f 2870/1343/275 2867/1344/274 2868/1341/274
f 2872/1345/276 2869/1346/275 2870/1343/275
f 2874/1347/277 2871/1348/276 2872/1345/276
f 2876/1349/278 2873/1350/277 2874/1347/277
f 2878/1351/279 2875/1352/278 2876/1349/278
f 2880/1353/280 2877/1354/279 2878/1351/279
f 2882/1355/281 2879/1356/280 2880/1353/280
f 2884/1357/282 2881/1358/281 2882/1355/281
f 2886/1359/283 2883/1360/282 2884/1357/282
f 2888/1361/284 2885/1362/283 2886/1359/283
f 2890/1363/285 2887/631/284 2888/1361/284
f 2892/1364/286 2889/1365/285 2890/1363/285
f 2894/1366/287 2891/1367/286 2892/1364/286
f 2896/1368/288 2893/1369/287 2894/1366/287
f 2898/1370/289 2895/1371/288 2896/1368/288
f 2900/1372/290 2897/1373/289 2898/1370/289
f 2902/1374/291 2899/1375/290 2900/1372/290
f 2904/1376/292 2901/1377/291 2902/1374/291
f 2906/1378/293 2903/1379/292 2904/1376/292
f 2908/1380/294 2905/1381/293 2906/1378/293
f 2910/1382/295 2907/1383/294 2908/1380/294
f 2912/1384/296 2909/1385/295 2910/1382/295
f 2914/1386/297 2911/1387/296 2912/1384/296
f 2916/1388/298 2913/1389/297 2914/1386/297
f 2918/1390/299 2915/1391/298 2916/1388/298
f 2920/1392/300 2917/1393/299 2918/1390/299
f 2650/845/159 2919/1394/300 2920/1392/300
f 2924/1196/301 2921/145/302 2922/839/302
f 2926/1262/303 2923/726/304 2924/1196/301
f 2928/1328/305 2925/127/303 2926/1262/303
f 2922/845/302 2927/692/306 2928/1328/305
f 2932/1124/307 2929/145/308 2930/839/308
f 2934/1125/309 2931/1126/307 2932/1124/307
f 2936/1127/310 2933/1128/309 2934/1125/309
f 2938/1129/311 2935/1130/310 2936/1127/310
f 2930/845/308 2937/1131/312 2938/1129/311
f 2942/1196/313 2939/145/314 2940/839/315
f 2944/1262/316 2941/726/313 2942/1196/313
f 2946/1328/317 2943/127/316 2944/1262/316
f 2940/845/315 2945/692/317 2946/1328/317
f 2950/1395/318 2947/145/319 2948/839/319
f 2952/1396/320 2949/1397/318 2950/1395/318
f 2954/1398/321 2951/1399/320 2952/1396/320
f 2956/1400/322 2953/1401/323 2954/1398/321
f 2958/1402/324 2955/1403/322 2956/1400/322
f 2960/1404/325 2957/1405/324 2958/1402/324
f 2962/1406/326 2959/1407/325 2960/1404/325
f 2964/1408/327 2961/1409/326 2962/1406/326
f 2966/1410/328 2963/1411/327 2964/1408/327
f 2968/1412/329 2965/1413/328 2966/1410/328
f 2970/1414/330 2967/1415/329 2968/1412/329
f 2972/1416/331 2969/1417/330 2970/1414/330
f 2974/1418/332 2971/1419/331 2972/1416/331
f 2976/1420/333 2973/1421/332 2974/1418/332
f 2978/1422/334 2975/1423/333 2976/1420/333
f 2980/1424/335 2977/1425/334 2978/1422/334
f 2982/1426/336 2979/1427/335 2980/1424/335
f 2984/1428/337 2981/1429/336 2982/1426/336
f 2986/1430/338 2983/1431/337 2984/1428/337
f 2988/1432/339 2985/1433/338 2986/1430/338
f 2990/1434/340 2987/1435/339 2988/1432/339
f 2992/1436/341 2989/1437/340 2990/1434/340
f 2994/1438/342 2991/1439/341 2992/1436/341
f 2996/1440/343 2993/1441/342 2994/1438/342
f 2998/1442/344 2995/1443/343 2996/1440/343
f 3000/1444/345 2997/1445/344 2998/1442/344
f 3002/1446/346 2999/1447/345 3000/1444/345
f 3004/1448/347 3001/1449/348 3002/1446/346
f 3006/1124/349 3003/1450/347 3004/1448/347
f 3008/1451/350 3005/1126/349 3006/1124/349
f 3010/1452/351 3007/1453/350 3008/1451/350
f 3012/1454/352 3009/1455/351 3010/1452/351
f 3014/1456/353 3011/1457/352 3012/1454/352
f 3016/1458/354 3013/1459/353 3014/1456/353
f 3018/1460/354 3015/1461/354 3016/1458/354
f 3020/1462/355 3017/1463/354 3018/1460/354
f 3022/1464/356 3019/1465/355 3020/1462/355
f 3024/1466/357 3021/1467/356 3022/1464/356
f 3026/1468/358 3023/1469/357 3024/1466/357
f 3028/1470/359 3025/1471/358 3026/1468/358
f 3030/1472/360 3027/1473/359 3028/1470/359
f 3032/1474/361 3029/1475/360 3030/1472/360
f 3034/1476/362 3031/1477/361 3032/1474/361
f 3036/1478/363 3033/1479/362 3034/1476/362
f 3038/1480/364 3035/1481/363 3036/1478/363
f 3040/1482/365 3037/1483/364 3038/1480/364
f 3042/1484/366 3039/1485/365 3040/1482/365
f 3044/1486/367 3041/1487/366 3042/1484/366
f 3046/1488/368 3043/1489/367 3044/1486/367
f 3048/1490/369 3045/1491/368 3046/1488/368
f 3050/1492/370 3047/1493/369 3048/1490/369
f 3052/1494/371 3049/1495/370 3050/1492/370
f 3054/1496/372 3051/1497/371 3052/1494/371
f 3056/1498/373 3053/1499/372 3054/1496/372
f 3058/1500/374 3055/1501/373 3056/1498/373
f 3060/1502/375 3057/1503/374 3058/1500/374
f 3062/1504/376 3059/1505/375 3060/1502/375
f 3064/1125/377 3061/1506/376 3062/1504/376
f 3066/1507/378 3063/1128/377 3064/1125/377
f 3068/1508/379 3065/1509/378 3066/1507/378
f 3070/1510/380 3067/1511/379 3068/1508/379
f 3072/1512/381 3069/1513/380 3070/1510/380
f 3074/1514/382 3071/1515/381 3072/1512/381
f 3076/1516/383 3073/1517/382 3074/1514/382
f 3078/1518/384 3075/1519/383 3076/1516/383
f 3080/1520/385 3077/1521/384 3078/1518/384
f 3082/1522/386 3079/1523/385 3080/1520/385
f 3084/1524/387 3081/1525/386 3082/1522/386
f 3086/1526/388 3083/1527/387 3084/1524/387
f 3088/1528/389 3085/1529/388 3086/1526/388
f 3090/1530/390 3087/1531/389 3088/1528/389
f 3092/1532/391 3089/1533/390 3090/1530/390
f 3094/1534/392 3091/1535/391 3092/1532/391
f 3096/1536/393 3093/1537/392 3094/1534/392
f 3098/1538/394 3095/1539/393 3096/1536/393
f 3100/1540/395 3097/1541/394 3098/1538/394
f 3102/1542/396 3099/1543/395 3100/1540/395
f 3104/1544/397 3101/1545/396 3102/1542/396
f 3106/1546/398 3103/1547/397 3104/1544/397
f 3108/1548/399 3105/1549/398 3106/1546/398
f 3110/1550/400 3107/1551/399 3108/1548/399
f 3112/1552/401 3109/1553/400 3110/1550/400
f 3114/1554/402 3111/1555/401 3112/1552/401
f 3116/1556/403 3113/1557/402 3114/1554/402
f 3118/1558/404 3115/1559/403 3116/1556/403
f 3120/1560/405 3117/1561/404 3118/1558/404
f 3122/1127/406 3119/1562/407 3120/1560/405
f 3124/1563/408 3121/1130/406 3122/1127/406
f 3126/1564/409 3123/1565/408 3124/1563/408
f 3128/1566/410 3125/1567/409 3126/1564/409
f 3130/1568/411 3127/1569/410 3128/1566/410
f 3132/1570/412 3129/1571/411 3130/1568/411
f 3134/1572/413 3131/1573/412 3132/1570/412
f 3136/1574/414 3133/1575/413 3134/1572/413
f 3138/1576/415 3135/1577/414 3136/1574/414
f 3140/1578/416 3137/1579/415 3138/1576/415
f 3142/1580/417 3139/1581/416 3140/1578/416
f 3144/1582/418 3141/1583/417 3142/1580/417
f 3146/1584/419 3143/1585/418 3144/1582/418
f 3148/1586/420 3145/1587/419 3146/1584/419
f 3150/1588/421 3147/1589/420 3148/1586/420
f 3152/1590/422 3149/1591/421 3150/1588/421
f 3154/1592/423 3151/1593/422 3152/1590/422
f 3156/1594/424 3153/1595/423 3154/1592/423
f 3158/1596/425 3155/1597/424 3156/1594/424
f 3160/1598/426 3157/1599/425 3158/1596/425
f 3162/1600/427 3159/1601/426 3160/1598/426
f 3164/1602/428 3161/1603/427 3162/1600/427
f 3166/1604/429 3163/1605/428 3164/1602/428
f 3168/1606/430 3165/1607/429 3166/1604/429
f 3170/1608/431 3167/1609/430 3168/1606/430
f 3172/1610/432 3169/1611/431 3170/1608/431
f 3174/1612/433 3171/1613/432 3172/1610/432
f 3176/1614/434 3173/1615/433 3174/1612/433
f 3178/1616/435 3175/1617/434 3176/1614/434
f 3180/1129/436 3177/1618/435 3178/1616/435
f 3182/1619/437 3179/1131/436 3180/1129/436
f 3184/1620/438 3181/1621/437 3182/1619/437
f 3186/1622/439 3183/1623/438 3184/1620/438
f 3188/1624/440 3185/1625/439 3186/1622/439
f 3190/1626/441 3187/1627/440 3188/1624/440
f 3192/1628/442 3189/1629/441 3190/1626/441
f 3194/1630/443 3191/1631/442 3192/1628/442
f 3196/1632/444 3193/1633/443 3194/1630/443
f 3198/1634/445 3195/1635/444 3196/1632/444
f 3200/1636/446 3197/1637/445 3198/1634/445
f 3202/1638/447 3199/1639/446 3200/1636/446
f 3204/1640/448 3201/1641/447 3202/1638/447
f 3206/1642/241 3203/1643/448 3204/1640/448
f 3208/1644/449 3205/1645/241 3206/1642/241
f 3210/1646/450 3207/1647/449 3208/1644/449
f 3212/1648/451 3209/1649/450 3210/1646/450
f 3214/1650/452 3211/1651/451 3212/1648/451
f 3216/1652/453 3213/1653/452 3214/1650/452
f 3218/1654/454 3215/1655/453 3216/1652/453
f 3220/1656/455 3217/1657/454 3218/1654/454
f 3222/1658/456 3219/1659/455 3220/1656/455
f 3224/1660/457 3221/1661/456 3222/1658/456
f 3226/1662/458 3223/1663/457 3224/1660/457
f 3228/1664/459 3225/1665/458 3226/1662/458
f 3230/1666/460 3227/1667/459 3228/1664/459
f 3232/1668/461 3229/1669/462 3230/1666/460
f 3234/1670/463 3231/1671/461 3232/1668/461
f 3236/1672/464 3233/1673/463 3234/1670/463
f 2948/845/319 3235/1674/464 3236/1672/464
f 3240/1124/465 3237/145/466 3238/839/467
f 3242/1125/468 3239/1126/465 3240/1124/465
f 3244/1127/469 3241/1128/468 3242/1125/468
f 3246/1129/470 3243/1130/469 3244/1127/469
f 3238/845/467 3245/1131/470 3246/1129/470
f 3250/1124/471 3247/145/472 3248/839/472
f 3252/1125/473 3249/1126/471 3250/1124/471
f 3254/1127/474 3251/1128/473 3252/1125/473
f 3256/1129/475 3253/1130/474 3254/1127/474
f 3248/845/472 3255/1131/476 3256/1129/475
f 3260/1675/477 3257/145/478 3258/839/478
f 3262/1676/479 3259/1677/477 3260/1675/477
f 3264/1678/480 3261/1679/479 3262/1676/479
f 3266/1680/481 3263/1681/482 3264/1678/480
f 3268/1682/483 3265/1683/481 3266/1680/481
f 3270/1684/484 3267/1685/483 3268/1682/483
f 3272/1686/485 3269/1687/484 3270/1684/484
f 3274/1688/486 3271/1689/485 3272/1686/485
f 3276/1690/487 3273/1691/486 3274/1688/486
f 3278/1692/488 3275/1693/487 3276/1690/487
f 3280/1694/489 3277/1695/488 3278/1692/488
f 3282/1696/490 3279/1697/489 3280/1694/489
f 3284/1698/491 3281/1699/490 3282/1696/490
f 3286/1700/492 3283/1701/491 3284/1698/491
f 3288/1702/493 3285/1703/492 3286/1700/492
f 3290/1704/494 3287/1705/493 3288/1702/493
f 3292/1706/495 3289/1707/494 3290/1704/494
f 3294/1708/496 3291/1709/495 3292/1706/495
f 3296/1710/497 3293/1711/496 3294/1708/496
f 3298/1712/498 3295/1713/497 3296/1710/497
f 3300/1714/499 3297/1715/498 3298/1712/498
f 3302/1716/500 3299/1717/499 3300/1714/499
f 3304/1718/501 3301/1719/500 3302/1716/500
f 3306/1720/502 3303/1721/501 3304/1718/501
f 3308/1722/503 3305/1723/502 3306/1720/502
f 3310/1724/258 3307/1725/503 3308/1722/503
f 3312/1726/504 3309/1727/258 3310/1724/258
f 3314/1728/505 3311/1729/504 3312/1726/504
f 3316/1730/506 3313/1731/505 3314/1728/505
f 3318/1732/507 3315/1733/506 3316/1730/506
f 3320/1734/508 3317/1735/507 3318/1732/507
f 3322/1736/509 3319/1737/510 3320/1734/508
f 3324/1738/511 3321/1739/509 3322/1736/509
f 3326/1740/512 3323/1741/511 3324/1738/511
f 3328/1742/513 3325/1743/512 3326/1740/512
f 3330/1744/514 3327/1745/513 3328/1742/513
f 3332/1746/515 3329/1747/514 3330/1744/514
f 3334/1748/516 3331/1749/515 3332/1746/515
f 3336/1750/517 3333/1751/516 3334/1748/516
f 3338/1752/518 3335/1753/517 3336/1750/517
f 3340/1754/519 3337/1755/518 3338/1752/518
f 3342/1756/520 3339/1757/519 3340/1754/519
f 3344/1758/521 3341/1759/520 3342/1756/520
f 3346/1760/522 3343/1761/523 3344/1758/521
f 3348/1762/524 3345/1763/522 3346/1760/522
f 3350/1764/525 3347/1765/524 3348/1762/524
f 3352/1766/526 3349/1767/525 3350/1764/525
f 3354/1768/527 3351/1769/526 3352/1766/526
f 3356/1770/528 3353/1771/527 3354/1768/527
f 3358/1772/529 3355/1773/528 3356/1770/528
f 3360/1774/530 3357/1775/529 3358/1772/529
f 3362/1776/530 3359/1777/530 3360/1774/530
f 3364/1778/531 3361/1779/530 3362/1776/530
f 3366/1780/532 3363/1781/531 3364/1778/531
f 3368/1782/533 3365/1783/532 3366/1780/532
f 3370/1784/534 3367/1785/533 3368/1782/533
f 3372/1786/535 3369/1787/534 3370/1784/534
f 3374/1788/536 3371/1789/535 3372/1786/535
f 3376/1790/537 3373/1791/536 3374/1788/536
f 3378/1792/538 3375/1793/537 3376/1790/537
f 3380/1794/539 3377/1795/538 3378/1792/538
f 3382/1796/540 3379/1797/539 3380/1794/539
f 3384/1798/541 3381/1799/540 3382/1796/540
f 3386/1800/542 3383/1801/541 3384/1798/541
f 3388/1802/543 3385/1803/542 3386/1800/542
f 3390/1804/544 3387/1805/543 3388/1802/543
f 3392/1806/545 3389/1807/544 3390/1804/544
f 3394/1808/546 3391/1809/545 3392/1806/545
f 3396/1810/547 3393/1811/546 3394/1808/546
f 3398/1812/548 3395/1813/547 3396/1810/547
f 3400/1814/549 3397/1815/548 3398/1812/548
f 3402/1816/550 3399/1817/549 3400/1814/549
f 3404/1818/551 3401/1819/550 3402/1816/550
f 3406/1820/552 3403/1821/551 3404/1818/551
f 3408/1822/553 3405/1823/552 3406/1820/552
f 3410/1824/554 3407/1825/553 3408/1822/553
f 3412/1826/555 3409/1827/554 3410/1824/554
f 3414/1828/556 3411/1829/555 3412/1826/555
f 3416/1830/557 3413/1831/556 3414/1828/556
f 3418/1832/558 3415/1833/557 3416/1830/557
f 3420/1834/559 3417/1835/558 3418/1832/558
f 3422/1836/560 3419/1837/559 3420/1834/559
f 3258/845/478 3421/1838/560 3422/1836/560
f 3426/1124/561 3423/145/562 3424/839/562
f 3428/1125/563 3425/1126/561 3426/1124/561
f 3430/1127/564 3427/1128/563 3428/1125/563
f 3432/1129/565 3429/1130/564 3430/1127/564
f 3424/845/562 3431/1131/566 3432/1129/565
f 3436/1839/567 3433/145/568 3434/839/568
f 3438/1840/569 3435/1841/570 3436/1839/567
f 3440/1842/571 3437/1843/569 3438/1840/569
f 3442/1844/572 3439/1845/571 3440/1842/571
f 3444/1846/573 3441/1847/572 3442/1844/572
f 3446/1848/574 3443/1849/573 3444/1846/573
f 3448/1850/575 3445/1851/576 3446/1848/574
f 3450/1852/577 3447/1853/575 3448/1850/575
f 3452/1854/578 3449/1855/577 3450/1852/577
f 3454/1856/579 3451/1857/578 3452/1854/578
f 3456/1858/580 3453/1859/579 3454/1856/579
f 3458/1860/581 3455/1861/580 3456/1858/580
f 3460/1262/582 3457/1862/581 3458/1860/581
f 3462/1863/583 3459/127/582 3460/1262/582
f 3464/1864/584 3461/1865/583 3462/1863/583
f 3466/1866/585 3463/1867/584 3464/1864/584
f 3468/1868/586 3465/1869/585 3466/1866/585
f 3470/1870/587 3467/1871/586 3468/1868/586
f 3472/1872/588 3469/1873/587 3470/1870/587
f 3474/1874/588 3471/1875/588 3472/1872/588
f 3476/1876/589 3473/1877/588 3474/1874/588
f 3478/1878/539 3475/1879/589 3476/1876/589
f 3480/1880/590 3477/1881/539 3478/1878/539
f 3482/1882/591 3479/1883/590 3480/1880/590
f 3484/1884/592 3481/1885/591 3482/1882/591
f 3434/845/568 3483/1886/592 3484/1884/592
f 3488/1887/593 3485/145/594 3486/839/594
f 3490/1888/595 3487/1889/593 3488/1887/593
f 3492/1890/596 3489/1891/595 3490/1888/595
f 3494/1892/597 3491/1893/596 3492/1890/596
f 3496/1894/598 3493/1895/597 3494/1892/597
f 3498/1896/599 3495/1897/598 3496/1894/598
f 3500/1898/600 3497/1899/599 3498/1896/599
f 3502/1900/601 3499/1901/600 3500/1898/600
f 3504/1902/602 3501/1903/601 3502/1900/601
f 3506/1904/603 3503/1905/602 3504/1902/602
f 3508/1906/604 3505/1907/603 3506/1904/603
f 3510/1908/605 3507/1909/604 3508/1906/604
f 3512/1910/606 3509/1911/605 3510/1908/605
f 3514/1912/607 3511/1913/606 3512/1910/606
f 3516/1914/608 3513/1915/607 3514/1912/607
f 3518/1916/609 3515/1917/608 3516/1914/608
f 3520/1918/610 3517/1919/609 3518/1916/609
f 3522/1920/611 3519/1921/610 3520/1918/610
f 3524/1922/612 3521/1923/611 3522/1920/611
f 3526/1924/613 3523/1925/612 3524/1922/612
f 3528/1926/614 3525/1927/613 3526/1924/613
f 3530/1928/615 3527/1929/614 3528/1926/614
f 3532/1930/616 3529/1931/615 3530/1928/615
f 3534/1932/617 3531/1933/616 3532/1930/616
f 3536/1934/618 3533/1935/617 3534/1932/617
f 3538/1936/619 3535/1937/618 3536/1934/618
f 3540/1938/620 3537/1939/619 3538/1936/619
f 3542/1940/621 3539/1941/620 3540/1938/620
f 3544/1942/622 3541/1943/621 3542/1940/621
f 3546/1944/623 3543/1945/622 3544/1942/622
f 3548/1946/624 3545/1947/623 3546/1944/623
f 3550/1948/625 3547/1949/624 3548/1946/624
f 3552/1950/626 3549/1951/625 3550/1948/625
f 3554/1952/627 3551/1953/628 3552/1950/626
f 3556/1954/629 3553/1955/627 3554/1952/627
f 3558/1956/630 3555/1957/629 3556/1954/629
f 3560/1958/631 3557/1959/632 3558/1956/630
f 3562/1960/633 3559/1961/634 3560/1958/631
f 3564/1962/635 3561/1963/633 3562/1960/633
f 3566/1964/636 3563/1965/635 3564/1962/635
f 3568/1966/637 3565/1967/636 3566/1964/636
f 3570/1968/638 3567/1969/637 3568/1966/637
f 3572/1970/639 3569/1971/638 3570/1968/638
f 3574/1972/640 3571/1973/639 3572/1970/639
f 3576/1974/641 3573/1975/640 3574/1972/640
f 3578/1976/642 3575/1977/641 3576/1974/641
f 3580/1978/643 3577/1979/642 3578/1976/642
f 3582/1980/644 3579/1981/643 3580/1978/643
f 3584/1982/645 3581/1983/644 3582/1980/644
f 3586/1984/646 3583/1985/645 3584/1982/645
f 3588/1986/647 3585/1987/646 3586/1984/646
f 3590/1988/647 3587/1989/647 3588/1986/647
f 3592/1990/648 3589/1991/647 3590/1988/647
f 3594/1992/649 3591/1993/648 3592/1990/648
f 3596/1994/650 3593/1995/649 3594/1992/649
f 3598/1996/651 3595/1997/650 3596/1994/650
f 3600/1998/652 3597/1999/651 3598/1996/651
f 3602/2000/653 3599/2001/652 3600/1998/652
f 3604/2002/654 3601/2003/653 3602/2000/653
f 3606/2004/655 3603/2005/654 3604/2002/654
f 3608/2006/656 3605/2007/655 3606/2004/655
f 3610/2008/657 3607/2009/656 3608/2006/656
f 3612/2010/658 3609/2011/659 3610/2008/657
f 3614/2012/660 3611/2013/658 3612/2010/658
f 3616/2014/661 3613/2015/660 3614/2012/660
f 3618/2016/662 3615/2017/661 3616/2014/661
f 3620/2018/663 3617/2019/662 3618/2016/662
f 3622/2020/664 3619/2021/663 3620/2018/663
f 3624/2022/665 3621/2023/664 3622/2020/664
f 3626/2024/666 3623/2025/665 3624/2022/665
f 3628/2026/667 3625/2027/666 3626/2024/666
f 3630/2028/668 3627/2029/667 3628/2026/667
f 3632/2030/669 3629/2031/668 3630/2028/668
f 3634/2032/670 3631/2033/669 3632/2030/669
f 3636/2034/671 3633/2035/670 3634/2032/670
f 3638/2036/672 3635/2037/671 3636/2034/671
f 3640/2038/673 3637/2039/672 3638/2036/672
f 3642/2040/674 3639/2041/673 3640/2038/673
f 3644/2042/675 3641/2043/674 3642/2040/674
f 3646/2044/676 3643/2045/675 3644/2042/675
f 3648/2046/677 3645/2047/676 3646/2044/676
f 3650/2048/678 3647/2049/677 3648/2046/677
f 3652/2050/679 3649/2051/678 3650/2048/678
f 3654/2052/680 3651/2053/679 3652/2050/679
f 3656/2054/681 3653/2055/680 3654/2052/680
f 3658/2056/682 3655/2057/681 3656/2054/681
f 3660/2058/391 3657/2059/682 3658/2056/682
f 3662/2060/683 3659/2061/391 3660/2058/391
f 3664/2062/684 3661/2063/683 3662/2060/683
f 3666/2064/685 3663/2065/684 3664/2062/684
f 3668/2066/686 3665/2067/685 3666/2064/685
f 3670/2068/687 3667/2069/686 3668/2066/686
f 3672/2070/688 3669/2071/687 3670/2068/687
f 3674/2072/689 3671/2073/688 3672/2070/688
f 3676/2074/690 3673/2075/691 3674/2072/689
f 3678/2076/692 3675/2077/690 3676/2074/690
f 3680/2078/693 3677/2079/692 3678/2076/692
f 3682/2080/694 3679/2081/693 3680/2078/693
f 3684/2082/317 3681/2083/694 3682/2080/694
f 3686/2084/695 3683/2085/317 3684/2082/317
f 3688/2086/696 3685/2087/695 3686/2084/695
f 3690/2088/697 3687/2089/696 3688/2086/696
f 3692/2090/698 3689/2091/697 3690/2088/697
f 3694/2092/699 3691/2093/698 3692/2090/698
f 3696/2094/700 3693/2095/699 3694/2092/699
f 3698/2096/701 3695/2097/700 3696/2094/700
f 3700/2098/702 3697/2099/701 3698/2096/701
f 3702/2100/703 3699/2101/702 3700/2098/702
f 3704/2102/704 3701/2103/703 3702/2100/703
f 3706/2104/79 3703/2105/704 3704/2102/704
f 3708/2106/705 3705/2107/79 3706/2104/79
f 3710/2108/706 3707/2109/705 3708/2106/705
f 3712/2110/707 3709/2111/706 3710/2108/706
f 3714/2112/708 3711/2113/707 3712/2110/707
f 3716/2114/709 3713/2115/708 3714/2112/708
f 3718/2116/710 3715/2117/709 3716/2114/709
f 3720/2118/711 3717/2119/710 3718/2116/710
f 3722/2120/712 3719/2121/713 3720/2118/711
f 3724/2122/714 3721/2123/712 3722/2120/712
f 3726/2124/715 3723/2125/714 3724/2122/714
f 3728/2126/716 3725/2127/715 3726/2124/715
f 3730/2128/717 3727/2129/716 3728/2126/716
f 3732/2130/718 3729/2131/717 3730/2128/717
f 3734/2132/719 3731/2133/718 3732/2130/718
f 3736/2134/720 3733/2135/719 3734/2132/719
f 3738/2136/721 3735/2137/720 3736/2134/720
f 3740/2138/722 3737/2139/721 3738/2136/721
f 3742/2140/723 3739/2141/722 3740/2138/722
f 3744/2142/724 3741/2143/723 3742/2140/723
f 3746/2144/725 3743/2145/726 3744/2142/724
f 3748/2146/727 3745/2147/725 3746/2144/725
f 3750/2148/728 3747/2149/727 3748/2146/727
f 3752/2150/729 3749/2151/728 3750/2148/728
f 3754/2152/730 3751/2153/729 3752/2150/729
f 3756/2154/731 3753/2155/730 3754/2152/730
f 3758/2156/732 3755/2157/731 3756/2154/731
f 3486/845/594 3757/2158/732 3758/2156/732
f 3762/1124/729 3759/145/733 3760/839/733
f 3764/1125/734 3761/1126/729 3762/1124/729
f 3766/1127/735 3763/1128/736 3764/1125/734
f 3768/1129/737 3765/1130/735 3766/1127/735
f 3760/845/733 3767/1131/738 3768/1129/737
f 3772/1124/739 3769/145/740 3770/839/740
f 3774/1125/741 3771/1126/739 3772/1124/739
f 3776/1127/742 3773/1128/741 3774/1125/741
f 3778/1129/743 3775/1130/742 3776/1127/742
f 3770/845/740 3777/1131/743 3778/1129/743
f 3782/2159/744 3779/145/745 3780/839/745
f 3784/2160/746 3781/2161/747 3782/2159/744
f 3786/2162/748 3783/2163/746 3784/2160/746
f 3788/2164/749 3785/2165/748 3786/2162/748
f 3790/2166/750 3787/2167/749 3788/2164/749
f 3792/2168/487 3789/2169/750 3790/2166/750
f 3794/2170/751 3791/2171/487 3792/2168/487
f 3796/2172/752 3793/2173/751 3794/2170/751
f 3798/2174/753 3795/2175/752 3796/2172/752
f 3800/2176/754 3797/2177/753 3798/2174/753
f 3802/2178/755 3799/2179/754 3800/2176/754
f 3804/2180/756 3801/2181/755 3802/2178/755
f 3806/2182/757 3803/2183/756 3804/2180/756
f 3808/2184/758 3805/2185/757 3806/2182/757
f 3810/2186/759 3807/2187/758 3808/2184/758
f 3812/2188/760 3809/2189/759 3810/2186/759
f 3814/2190/35 3811/2191/760 3812/2188/760
f 3816/2192/761 3813/2193/35 3814/2190/35
f 3818/2194/762 3815/2195/761 3816/2192/761
f 3820/2196/763 3817/2197/762 3818/2194/762
f 3822/2198/764 3819/2199/763 3820/2196/763
f 3824/2200/765 3821/2201/764 3822/2198/764
f 3826/2202/766 3823/2203/767 3824/2200/765
f 3828/2204/768 3825/2205/766 3826/2202/766
f 3830/2206/769 3827/2207/768 3828/2204/768
f 3832/2208/770 3829/2209/769 3830/2206/769
f 3834/2210/771 3831/2211/770 3832/2208/770
f 3836/2212/772 3833/2213/771 3834/2210/771
f 3838/2214/773 3835/2215/772 3836/2212/772
f 3840/2216/774 3837/2217/773 3838/2214/773
f 3842/2218/775 3839/2219/774 3840/2216/774
f 3844/2220/776 3841/2221/775 3842/2218/775
f 3846/2222/777 3843/2223/776 3844/2220/776
f 3848/2224/778 3845/2225/777 3846/2222/777
f 3850/2226/779 3847/2227/778 3848/2224/778
f 3852/2228/780 3849/2229/779 3850/2226/779
f 3854/1262/781 3851/2230/780 3852/2228/780
f 3856/2231/782 3853/127/781 3854/1262/781
f 3858/2232/783 3855/2233/782 3856/2231/782
f 3860/2234/784 3857/2235/783 3858/2232/783
f 3862/2236/785 3859/2237/784 3860/2234/784
f 3864/2238/786 3861/2239/785 3862/2236/785
f 3866/2240/787 3863/2241/786 3864/2238/786
f 3868/2242/788 3865/2243/787 3866/2240/787
f 3870/2244/789 3867/2245/788 3868/2242/788
f 3872/2246/790 3869/2247/789 3870/2244/789
f 3874/2248/791 3871/2249/790 3872/2246/790
f 3876/2250/792 3873/2251/791 3874/2248/791
f 3878/2252/793 3875/2253/792 3876/2250/792
f 3880/2254/794 3877/2255/793 3878/2252/793
f 3882/2256/258 3879/2257/794 3880/2254/794
f 3884/2258/795 3881/2259/258 3882/2256/258
f 3886/2260/796 3883/2261/795 3884/2258/795
f 3888/2262/797 3885/2263/796 3886/2260/796
f 3890/2264/798 3887/2265/797 3888/2262/797
f 3892/2266/799 3889/2267/798 3890/2264/798
f 3894/2268/8 3891/2269/799 3892/2266/799
f 3896/2270/800 3893/2271/8 3894/2268/8
f 3898/2272/801 3895/2273/800 3896/2270/800
f 3900/2274/802 3897/2275/801 3898/2272/801
f 3902/2276/803 3899/2277/802 3900/2274/802
f 3904/2278/804 3901/2279/803 3902/2276/803
f 3906/2280/805 3903/2281/804 3904/2278/804
f 3908/2282/806 3905/2283/805 3906/2280/805
f 3910/2284/807 3907/2285/806 3908/2282/806
f 3912/2286/808 3909/2287/807 3910/2284/807
f 3914/2288/809 3911/2289/808 3912/2286/808
f 3916/2290/810 3913/2291/809 3914/2288/809
f 3918/2292/811 3915/2293/810 3916/2290/810
f 3920/2294/812 3917/2295/811 3918/2292/811
f 3922/2296/813 3919/2297/812 3920/2294/812
f 3924/2298/814 3921/2299/813 3922/2296/813
f 3926/2300/815 3923/2301/814 3924/2298/814
f 3780/845/745 3925/2302/815 3926/2300/815
f 3930/2303/816 3927/145/817 3928/839/817
f 3932/937/818 3929/303/816 3930/2303/816
f 3934/1262/819 3931/351/74 3932/937/818
f 3936/1030/820 3933/127/819 3934/1262/819
f 3938/2304/821 3935/252/820 3936/1030/820
f 3928/845/817 3937/277/821 3938/2304/821
f 3942/2305/12 3939/145/822 3940/839/822
f 3944/2306/823 3941/2307/12 3942/2305/12
f 3946/2308/824 3943/2309/823 3944/2306/823
f 3948/2310/825 3945/2311/824 3946/2308/824
f 3950/2312/826 3947/2313/825 3948/2310/825
f 3952/2314/827 3949/2315/828 3950/2312/826
f 3954/2316/829 3951/2317/827 3952/2314/827
f 3956/2318/830 3953/2319/829 3954/2316/829
f 3958/2320/831 3955/2321/830 3956/2318/830
f 3960/2322/832 3957/2323/831 3958/2320/831
f 3962/2324/833 3959/2325/832 3960/2322/832
f 3964/2326/834 3961/2327/833 3962/2324/833
f 3966/2328/835 3963/2329/834 3964/2326/834
f 3968/2330/836 3965/2331/835 3966/2328/835
f 3970/2332/837 3967/2333/836 3968/2330/836
f 3972/2334/838 3969/2335/837 3970/2332/837
f 3974/2336/839 3971/2337/840 3972/2334/838
f 3976/2338/841 3973/2339/839 3974/2336/839
f 3978/2340/842 3975/2341/841 3976/2338/841
f 3980/2342/843 3977/2343/842 3978/2340/842
f 3982/2344/844 3979/2345/843 3980/2342/843
f 3984/2346/845 3981/2347/844 3982/2344/844
f 3986/2348/846 3983/2349/845 3984/2346/845
f 3988/2350/847 3985/2351/846 3986/2348/846
f 3990/2352/848 3987/2353/847 3988/2350/847
f 3992/2354/849 3989/2355/848 3990/2352/848
f 3994/2356/850 3991/2357/849 3992/2354/849
f 3996/2358/851 3993/2359/850 3994/2356/850
f 3998/2360/852 3995/2361/851 3996/2358/851
f 4000/2362/853 3997/2363/852 3998/2360/852
f 4002/2364/854 3999/2365/853 4000/2362/853
f 4004/2366/855 4001/2367/854 4002/2364/854
f 4006/2368/856 4003/2369/855 4004/2366/855
f 4008/2370/857 4005/2371/856 4006/2368/856
f 4010/2372/858 4007/2373/857 4008/2370/857
f 4012/2374/858 4009/2375/858 4010/2372/858
f 4014/2376/859 4011/2377/858 4012/2374/858
f 4016/2378/860 4013/2379/859 4014/2376/859
f 4018/2380/861 4015/2381/860 4016/2378/860
f 4020/2382/862 4017/2383/861 4018/2380/861
f 4022/2384/863 4019/2385/862 4020/2382/862
f 4024/2386/864 4021/2387/863 4022/2384/863
f 4026/2388/865 4023/2389/864 4024/2386/864
f 4028/2390/866 4025/2391/865 4026/2388/865
f 4030/2392/867 4027/2393/866 4028/2390/866
f 4032/2394/868 4029/2395/867 4030/2392/867
f 4034/2396/869 4031/2397/868 4032/2394/868
f 4036/2398/870 4033/2399/869 4034/2396/869
f 4038/2400/871 4035/2401/870 4036/2398/870
f 4040/2402/872 4037/2403/871 4038/2400/871
f 4042/2404/873 4039/2405/872 4040/2402/872
f 4044/2406/874 4041/2407/873 4042/2404/873
f 4046/2408/875 4043/2409/874 4044/2406/874
f 4048/2410/181 4045/2411/875 4046/2408/875
f 4050/2412/876 4047/2413/181 4048/2410/181
f 4052/2414/877 4049/2415/876 4050/2412/876
f 4054/2416/878 4051/2417/877 4052/2414/877
f 4056/2418/879 4053/2419/878 4054/2416/878
f 4058/2420/880 4055/2421/879 4056/2418/879
f 4060/2422/881 4057/2423/880 4058/2420/880
f 4062/2424/869 4059/2425/881 4060/2422/881
f 4064/2426/882 4061/2427/869 4062/2424/869
f 4066/2428/883 4063/2429/882 4064/2426/882
f 4068/2430/884 4065/2431/883 4066/2428/883
f 4070/2432/885 4067/2433/884 4068/2430/884
f 4072/2434/886 4069/2435/885 4070/2432/885
f 4074/2436/625 4071/2437/886 4072/2434/886
f 4076/2438/887 4073/2439/625 4074/2436/625
f 4078/2440/888 4075/2441/887 4076/2438/887
f 4080/2442/889 4077/2443/888 4078/2440/888
f 4082/2444/890 4079/2445/889 4080/2442/889
f 4084/2446/891 4081/2447/890 4082/2444/890
f 4086/2448/688 4083/2449/891 4084/2446/891
f 4088/2450/892 4085/2451/688 4086/2448/688
f 4090/2452/893 4087/2453/892 4088/2450/892
f 4092/2454/894 4089/2455/893 4090/2452/893
f 4094/2456/895 4091/2457/894 4092/2454/894
f 4096/2458/896 4093/2459/895 4094/2456/895
f 4098/2460/897 4095/2461/896 4096/2458/896
f 4100/2462/898 4097/2463/897 4098/2460/897
f 4102/2464/899 4099/2465/898 4100/2462/898
f 4104/2466/900 4101/2467/899 4102/2464/899
f 4106/2468/901 4103/2469/900 4104/2466/900
f 4108/2470/902 4105/2471/901 4106/2468/901
f 4110/2472/903 4107/2473/902 4108/2470/902
f 4112/2474/904 4109/2475/903 4110/2472/903
f 4114/2476/905 4111/2477/904 4112/2474/904
f 4116/2478/906 4113/2479/905 4114/2476/905
f 4118/2480/907 4115/2481/906 4116/2478/906
f 4120/2482/908 4117/2483/907 4118/2480/907
f 4122/2484/909 4119/2485/908 4120/2482/908
f 4124/2486/910 4121/2487/909 4122/2484/909
f 4126/2488/298 4123/2489/911 4124/2486/910
f 4128/2490/665 4125/2491/298 4126/2488/298
f 4130/2492/912 4127/2493/913 4128/2490/665
f 4132/2494/914 4129/2495/912 4130/2492/912
f 4134/2496/915 4131/2497/914 4132/2494/914
f 4136/2498/916 4133/2499/915 4134/2496/915
f 4138/2500/307 4135/2501/916 4136/2498/916
f 4140/2502/917 4137/2503/307 4138/2500/307
f 4142/2504/918 4139/2505/917 4140/2502/917
f 4144/2506/919 4141/2507/918 4142/2504/918
f 4146/2508/920 4143/2509/919 4144/2506/919
f 4148/2510/921 4145/2511/920 4146/2508/920
f 4150/2512/922 4147/2513/921 4148/2510/921
f 4152/2514/923 4149/2515/922 4150/2512/922
f 4154/2516/924 4151/2517/923 4152/2514/923
f 4156/2518/925 4153/2519/924 4154/2516/924
f 4158/2520/926 4155/2521/925 4156/2518/925
f 4160/2522/927 4157/2523/926 4158/2520/926
f 4162/2524/928 4159/2525/927 4160/2522/927
f 4164/2526/929 4161/2527/928 4162/2524/928
f 4166/2528/930 4163/2529/929 4164/2526/929
f 4168/2530/931 4165/2531/930 4166/2528/930
f 4170/2532/932 4167/2533/931 4168/2530/931
f 4172/2534/559 4169/2535/932 4170/2532/932
f 4174/2536/933 4171/2537/559 4172/2534/559
f 4176/2538/301 4173/2539/933 4174/2536/933
f 4178/2540/934 4175/2541/301 4176/2538/301
f 4180/2542/935 4177/2543/934 4178/2540/934
f 4182/2544/936 4179/2545/935 4180/2542/935
f 4184/2546/937 4181/2547/936 4182/2544/936
f 4186/2548/937 4183/2549/937 4184/2546/937
f 4188/2550/938 4185/2551/937 4186/2548/937
f 4190/2552/939 4187/2553/938 4188/2550/938
f 4192/2554/940 4189/2555/939 4190/2552/939
f 3940/845/822 4191/2556/940 4192/2554/940
f 4196/1124/941 4193/145/942 4194/839/943
f 4198/1125/944 4195/1126/941 4196/1124/941
f 4200/1127/945 4197/1128/944 4198/1125/944
f 4202/1129/946 4199/1130/945 4200/1127/945
f 4194/845/943 4201/1131/947 4202/1129/946
f 4206/2557/948 4203/145/949 4204/839/949
f 4208/2558/950 4205/2559/948 4206/2557/948
f 4210/2560/951 4207/202/950 4208/2558/950
f 4212/838/746 4209/2561/951 4210/2560/951
f 4214/2562/952 4211/216/746 4212/838/746
f 4216/2563/953 4213/2564/952 4214/2562/952
f 4218/1196/954 4215/230/953 4216/2563/953
f 4220/840/318 4217/726/954 4218/1196/954
f 4222/2565/955 4219/243/318 4220/840/318
f 4224/2566/956 4221/2567/955 4222/2565/955
f 4226/2568/957 4223/229/958 4224/2566/956
f 4228/841/959 4225/2569/957 4226/2568/957
f 4230/2570/960 4227/215/959 4228/841/959
f 4232/1262/961 4229/2571/960 4230/2570/960
f 4234/2572/962 4231/127/961 4232/1262/961
f 4236/842/963 4233/2573/962 4234/2572/962
f 4238/2574/964 4235/185/963 4236/842/963
f 4240/2575/965 4237/2576/964 4238/2574/964
f 4242/2577/966 4239/188/965 4240/2575/965
f 4244/843/967 4241/2578/968 4242/2577/966
f 4246/1328/969 4243/148/967 4244/843/967
f 4248/2579/970 4245/692/969 4246/1328/969
f 4250/2580/971 4247/167/970 4248/2579/970
f 4252/844/972 4249/2581/971 4250/2580/971
f 4254/2582/973 4251/178/972 4252/844/972
f 4256/2583/974 4253/2584/973 4254/2582/973
f 4258/2585/975 4255/163/974 4256/2583/974
f 4204/845/949 4257/2586/975 4258/2585/975
f 4262/2587/976 4259/145/977 4260/839/977
f 4264/2588/978 4261/2589/976 4262/2587/976
f 4266/2590/979 4263/2591/978 4264/2588/978
f 4268/2592/980 4265/2593/979 4266/2590/979
f 4270/2594/981 4267/2595/982 4268/2592/980
f 4272/2596/640 4269/2597/981 4270/2594/981
f 4274/2598/983 4271/2599/640 4272/2596/640
f 4276/2600/984 4273/2601/985 4274/2598/983
f 4278/2602/986 4275/2603/984 4276/2600/984
f 4280/2604/987 4277/2605/986 4278/2602/986
f 4282/2303/858 4279/2606/987 4280/2604/987
f 4284/2607/988 4281/303/858 4282/2303/858
f 4286/2608/989 4283/2609/988 4284/2607/988
f 4288/2610/990 4285/2611/989 4286/2608/989
f 4290/2612/991 4287/2613/990 4288/2610/990
f 4292/2614/244 4289/2615/991 4290/2612/991
f 4294/2616/992 4291/2617/244 4292/2614/244
f 4296/2618/993 4293/2619/994 4294/2616/992
f 4298/2620/995 4295/2621/993 4296/2618/993
f 4300/2622/996 4297/2623/997 4298/2620/995
f 4302/2624/998 4299/2625/996 4300/2622/996
f 4304/937/999 4301/2626/998 4302/2624/998
f 4306/2627/1000 4303/351/999 4304/937/999
f 4308/2628/1001 4305/2629/1000 4306/2627/1000
f 4310/2630/1002 4307/2631/1001 4308/2628/1001
f 4312/2632/1003 4309/2633/1002 4310/2630/1002
f 4314/2634/1004 4311/2635/1003 4312/2632/1003
f 4316/2636/1005 4313/2637/1004 4314/2634/1004
f 4318/2638/1006 4315/2639/1005 4316/2636/1005
f 4320/2640/1007 4317/2641/1006 4318/2638/1006
f 4322/2642/1008 4319/2643/1009 4320/2640/1007
f 4324/2644/1010 4321/2645/1008 4322/2642/1008
f 4326/1262/1011 4323/2646/1010 4324/2644/1010
f 4328/2647/1012 4325/127/1011 4326/1262/1011
f 4330/2648/1012 4327/2649/1012 4328/2647/1012
f 4332/2650/1013 4329/2651/1012 4330/2648/1012
f 4334/2652/1013 4331/2653/1013 4332/2650/1013
f 4336/2654/1014 4333/2655/1013 4334/2652/1013
f 4338/2656/1015 4335/2657/1014 4336/2654/1014
f 4340/2658/1016 4337/2659/1017 4338/2656/1015
f 4342/2660/1018 4339/2661/1016 4340/2658/1016
f 4344/2662/1019 4341/2663/1018 4342/2660/1018
f 4346/2664/1020 4343/2665/1019 4344/2662/1019
f 4348/1030/1021 4345/2666/1020 4346/2664/1020
f 4350/2667/1011 4347/252/1021 4348/1030/1021
f 4352/2668/1022 4349/2669/1011 4350/2667/1011
f 4354/2670/1023 4351/2671/1022 4352/2668/1022
f 4356/2672/1024 4353/2673/1023 4354/2670/1023
f 4358/2674/1025 4355/2675/1024 4356/2672/1024
f 4360/2676/1026 4357/2677/1025 4358/2674/1025
f 4362/2678/1027 4359/2679/1026 4360/2676/1026
f 4364/2680/1028 4361/2681/1027 4362/2678/1027
f 4366/2682/1029 4363/2683/1028 4364/2680/1028
f 4368/2684/1030 4365/2685/1029 4366/2682/1029
f 4370/2304/1031 4367/2686/1030 4368/2684/1030
f 4372/2687/1032 4369/277/1031 4370/2304/1031
f 4374/2688/1033 4371/2689/1032 4372/2687/1032
f 4376/2690/1034 4373/2691/1033 4374/2688/1033
f 4378/2692/1035 4375/2693/1034 4376/2690/1034
f 4380/2694/1036 4377/2695/1035 4378/2692/1035
f 4382/2696/1037 4379/2697/1038 4380/2694/1036
f 4384/2698/1039 4381/2699/1037 4382/2696/1037
f 4386/2700/1040 4383/2701/1039 4384/2698/1039
f 4388/2702/1041 4385/2703/1040 4386/2700/1040
f 4390/2704/1042 4387/2705/1041 4388/2702/1041
f 4260/845/977 4389/2706/1042 4390/2704/1042
f 4394/1887/593 4391/145/594 4392/839/594
f 4396/1888/595 4393/1889/593 4394/1887/593
f 4398/1890/1043 4395/1891/595 4396/1888/595
f 4400/1892/597 4397/1893/596 4398/1890/1043
f 4402/1894/598 4399/1895/597 4400/1892/597
f 4404/1896/599 4401/1897/598 4402/1894/598
f 4406/1898/600 4403/1899/599 4404/1896/599
f 4408/1900/601 4405/1901/600 4406/1898/600
f 4410/1902/602 4407/1903/601 4408/1900/601
f 4412/1904/603 4409/1905/602 4410/1902/602
f 4414/1906/604 4411/1907/603 4412/1904/603
f 4416/1908/605 4413/1909/604 4414/1906/604
f 4418/1910/606 4415/1911/605 4416/1908/605
f 4420/1912/607 4417/1913/606 4418/1910/606
f 4422/1914/608 4419/1915/607 4420/1912/607
f 4424/1916/609 4421/1917/608 4422/1914/608
f 4426/1918/610 4423/1919/609 4424/1916/609
f 4428/1920/611 4425/1921/610 4426/1918/610
f 4430/1922/612 4427/1923/611 4428/1920/611
f 4432/1924/613 4429/1925/612 4430/1922/612
f 4434/1926/614 4431/1927/613 4432/1924/613
f 4436/1928/615 4433/1929/614 4434/1926/614
f 4438/1930/616 4435/1931/615 4436/1928/615
f 4440/1932/617 4437/1933/616 4438/1930/616
f 4442/1934/618 4439/1935/617 4440/1932/617
f 4444/1936/619 4441/1937/618 4442/1934/618
f 4446/1938/620 4443/1939/619 4444/1936/619
f 4448/1940/621 4445/1941/620 4446/1938/620
f 4450/1942/622 4447/1943/621 4448/1940/621
f 4452/1944/623 4449/1945/622 4450/1942/622
f 4454/1946/624 4451/1947/1044 4452/1944/623
f 4456/1948/625 4453/1949/624 4454/1946/624
f 4458/1950/626 4455/1951/625 4456/1948/625
f 4460/1952/627 4457/1953/628 4458/1950/626
f 4462/1954/629 4459/1955/627 4460/1952/627
f 4464/1956/632 4461/1957/629 4462/1954/629
f 4466/1958/634 4463/1959/632 4464/1956/632
f 4468/1960/633 4465/1961/1045 4466/1958/634
f 4470/1962/635 4467/1963/633 4468/1960/633
f 4472/1964/636 4469/1965/635 4470/1962/635
f 4474/1966/637 4471/1967/636 4472/1964/636
f 4476/1968/638 4473/1969/637 4474/1966/637
f 4478/1970/639 4475/1971/638 4476/1968/638
f 4480/1972/640 4477/1973/639 4478/1970/639
f 4482/1974/641 4479/1975/640 4480/1972/640
f 4484/1976/642 4481/1977/641 4482/1974/641
f 4486/1978/643 4483/1979/642 4484/1976/642
f 4488/1980/644 4485/1981/643 4486/1978/643
f 4490/1982/645 4487/1983/644 4488/1980/644
f 4492/1984/646 4489/1985/645 4490/1982/645
f 4494/1986/647 4491/1987/646 4492/1984/646
f 4496/1988/647 4493/1989/647 4494/1986/647
f 4498/1990/648 4495/1991/647 4496/1988/647
f 4500/1992/649 4497/1993/648 4498/1990/648
f 4502/1994/650 4499/1995/649 4500/1992/649
f 4504/1996/651 4501/1997/650 4502/1994/650
f 4506/1998/652 4503/1999/651 4504/1996/651
f 4508/2000/653 4505/2001/652 4506/1998/652
f 4510/2002/654 4507/2003/653 4508/2000/653
f 4512/2004/655 4509/2005/654 4510/2002/654
f 4514/2006/656 4511/2007/655 4512/2004/655
f 4516/2008/659 4513/2009/656 4514/2006/656
f 4518/2010/658 4515/2011/659 4516/2008/659
f 4520/2012/660 4517/2013/658 4518/2010/658
f 4522/2014/661 4519/2015/660 4520/2012/660
f 4524/2016/662 4521/2017/661 4522/2014/661
f 4526/2018/663 4523/2019/662 4524/2016/662
f 4528/2020/664 4525/2021/663 4526/2018/663
f 4530/2022/665 4527/2023/664 4528/2020/664
f 4532/2024/666 4529/2025/665 4530/2022/665
f 4534/2026/667 4531/2027/666 4532/2024/666
f 4536/2028/668 4533/2029/667 4534/2026/667
f 4538/2030/669 4535/2031/668 4536/2028/668
f 4540/2032/670 4537/2033/669 4538/2030/669
f 4542/2034/671 4539/2035/670 4540/2032/670
f 4544/2036/672 4541/2037/671 4542/2034/671
f 4546/2038/673 4543/2039/672 4544/2036/672
f 4548/2040/674 4545/2041/673 4546/2038/673
f 4550/2042/675 4547/2043/674 4548/2040/674
f 4552/2044/676 4549/2045/675 4550/2042/675
f 4554/2046/677 4551/2047/676 4552/2044/676
f 4556/2048/678 4553/2049/677 4554/2046/677
f 4558/2050/679 4555/2051/678 4556/2048/678
f 4560/2052/680 4557/2053/679 4558/2050/679
f 4562/2054/681 4559/2055/680 4560/2052/680
f 4564/2056/682 4561/2057/681 4562/2054/681
f 4566/2058/391 4563/2059/1046 4564/2056/682
f 4568/2060/683 4565/2061/391 4566/2058/391
f 4570/2062/1047 4567/2063/683 4568/2060/683
f 4572/2064/685 4569/2065/684 4570/2062/1047
f 4574/2066/686 4571/2067/685 4572/2064/685
f 4576/2068/687 4573/2069/686 4574/2066/686
f 4578/2070/688 4575/2071/687 4576/2068/687
f 4580/2072/689 4577/2073/688 4578/2070/688
f 4582/2074/690 4579/2075/691 4580/2072/689
f 4584/2076/692 4581/2077/690 4582/2074/690
f 4586/2078/693 4583/2079/1048 4584/2076/692
f 4588/2080/694 4585/2081/693 4586/2078/693
f 4590/2082/317 4587/2083/694 4588/2080/694
f 4592/2084/695 4589/2085/317 4590/2082/317
f 4594/2086/696 4591/2087/695 4592/2084/695
f 4596/2088/697 4593/2089/696 4594/2086/696
f 4598/2090/698 4595/2091/697 4596/2088/697
f 4600/2092/699 4597/2093/698 4598/2090/698
f 4602/2094/700 4599/2095/699 4600/2092/699
f 4604/2096/701 4601/2097/700 4602/2094/700
f 4606/2098/702 4603/2099/701 4604/2096/701
f 4608/2100/703 4605/2101/702 4606/2098/702
f 4610/2102/704 4607/2103/1049 4608/2100/703
f 4612/2104/79 4609/2105/704 4610/2102/704
f 4614/2106/705 4611/2107/79 4612/2104/79
f 4616/2108/706 4613/2109/705 4614/2106/705
f 4618/2110/707 4615/2111/706 4616/2108/706
f 4620/2112/708 4617/2113/707 4618/2110/707
f 4622/2114/709 4619/2115/708 4620/2112/708
f 4624/2116/710 4621/2117/709 4622/2114/709
f 4626/2118/711 4623/2119/710 4624/2116/710
f 4628/2120/712 4625/2121/713 4626/2118/711
f 4630/2122/714 4627/2123/712 4628/2120/712
f 4632/2124/715 4629/2125/714 4630/2122/714
f 4634/2126/716 4631/2127/715 4632/2124/715
f 4636/2128/717 4633/2129/716 4634/2126/716
f 4638/2130/718 4635/2131/717 4636/2128/717
f 4640/2132/719 4637/2133/718 4638/2130/718
f 4642/2134/720 4639/2135/719 4640/2132/719
f 4644/2136/721 4641/2137/720 4642/2134/720
f 4646/2138/722 4643/2139/721 4644/2136/721
f 4648/2140/723 4645/2141/722 4646/2138/722
f 4650/2142/726 4647/2143/1050 4648/2140/723
f 4652/2144/725 4649/2145/724 4650/2142/726
f 4654/2146/727 4651/2147/725 4652/2144/725
f 4656/2148/728 4653/2149/727 4654/2146/727
f 4658/2150/729 4655/2151/728 4656/2148/728
f 4660/2152/730 4657/2153/729 4658/2150/729
f 4662/2154/731 4659/2155/730 4660/2152/730
f 4664/2156/732 4661/2157/731 4662/2154/731
f 4392/845/594 4663/2158/732 4664/2156/732
f 4668/1124/729 4665/145/733 4666/839/733
f 4670/1125/734 4667/1126/729 4668/1124/729
f 4672/1127/735 4669/1128/736 4670/1125/734
f 4674/1129/738 4671/1130/735 4672/1127/735
f 4666/845/733 4673/1131/737 4674/1129/738
f 4678/1124/1051 4675/145/740 4676/839/740
f 4680/1125/741 4677/1126/739 4678/1124/1051
f 4682/1127/742 4679/1128/741 4680/1125/741
f 4684/1129/743 4681/1130/742 4682/1127/742
f 4676/845/740 4683/1131/743 4684/1129/743
f 2346/838/3 2345/216/3 2343/145/4
f 2348/840/6 2347/243/6 2345/216/3
f 2350/841/7 2349/215/7 2347/243/6
f 2352/842/8 2351/185/8 2349/215/7
f 2354/843/9 2353/148/9 2351/185/8
f 2356/844/10 2355/178/10 2353/148/9
f 2344/845/5 2343/115/4 2355/178/10
f 2360/846/11 2359/848/11 2357/145/12
f 2362/847/13 2361/850/13 2359/848/11
f 2364/849/14 2363/852/14 2361/850/13
f 2366/851/15 2365/854/15 2363/852/14
f 2368/853/16 2367/856/16 2365/854/15
f 2370/855/17 2369/858/17 2367/856/16
f 2372/857/18 2371/860/18 2369/858/17
f 2374/859/19 2373/862/19 2371/860/18
f 2376/861/20 2375/864/20 2373/862/19
f 2378/863/21 2377/866/21 2375/864/20
f 2380/865/22 2379/868/22 2377/866/21
f 2382/867/23 2381/870/23 2379/868/22
f 2384/869/24 2383/872/26 2381/870/23
f 2386/871/25 2385/874/25 2383/872/26
f 2388/873/27 2387/876/27 2385/874/25
f 2390/875/28 2389/878/28 2387/876/27
f 2392/877/29 2391/880/29 2389/878/28
f 2394/879/30 2393/882/30 2391/880/29
f 2396/881/31 2395/884/31 2393/882/30
f 2398/883/32 2397/886/32 2395/884/31
f 2400/885/33 2399/888/33 2397/886/32
f 2402/887/34 2401/890/34 2399/888/33
f 2404/889/35 2403/892/35 2401/890/34
f 2406/891/36 2405/894/36 2403/892/35
f 2408/893/37 2407/896/37 2405/894/36
f 2410/895/38 2409/898/38 2407/896/37
f 2412/897/39 2411/900/39 2409/898/38
f 2414/899/40 2413/902/40 2411/900/39
f 2416/901/41 2415/904/41 2413/902/40
f 2418/903/42 2417/906/42 2415/904/41
f 2420/905/43 2419/908/43 2417/906/42
f 2422/907/44 2421/910/44 2419/908/43
f 2424/909/45 2423/912/45 2421/910/44
f 2426/911/46 2425/914/46 2423/912/45
f 2428/913/47 2427/916/47 2425/914/46
f 2430/915/48 2429/918/48 2427/916/47
f 2432/917/49 2431/920/49 2429/918/48
f 2434/919/50 2433/922/50 2431/920/49
f 2436/921/51 2435/924/51 2433/922/50
f 2438/923/52 2437/926/52 2435/924/51
f 2440/925/53 2439/928/53 2437/926/52
f 2442/927/54 2441/930/54 2439/928/53
f 2444/929/55 2443/932/55 2441/930/54
f 2446/931/56 2445/934/56 2443/932/55
f 2448/933/57 2447/936/57 2445/934/56
f 2450/935/58 2449/938/58 2447/936/57
f 2452/937/59 2451/351/59 2449/938/58
f 2454/939/60 2453/941/60 2451/351/59
f 2456/940/61 2455/943/61 2453/941/60
f 2458/942/62 2457/945/62 2455/943/61
f 2460/944/63 2459/947/63 2457/945/62
f 2462/946/64 2461/949/64 2459/947/63
f 2464/948/65 2463/951/65 2461/949/64
f 2466/950/66 2465/953/66 2463/951/65
f 2468/952/67 2467/955/67 2465/953/66
f 2470/954/68 2469/957/68 2467/955/67
f 2472/956/69 2471/959/69 2469/957/68
f 2474/958/70 2473/961/70 2471/959/69
f 2476/960/71 2475/963/71 2473/961/70
f 2478/962/72 2477/965/72 2475/963/71
f 2480/964/72 2479/967/72 2477/965/72
f 2482/966/73 2481/969/73 2479/967/72
f 2484/968/74 2483/971/74 2481/969/73
f 2486/970/75 2485/973/75 2483/971/74
f 2488/972/76 2487/975/76 2485/973/75
f 2490/974/77 2489/977/77 2487/975/76
f 2492/976/78 2491/979/78 2489/977/77
f 2494/978/79 2493/981/79 2491/979/78
f 2496/980/80 2495/983/80 2493/981/79
f 2498/982/81 2497/985/81 2495/983/80
f 2500/984/82 2499/987/82 2497/985/81
f 2502/986/83 2501/989/83 2499/987/82
f 2504/988/84 2503/991/84 2501/989/83
f 2506/990/85 2505/993/85 2503/991/84
f 2508/992/86 2507/995/86 2505/993/85
f 2510/994/87 2509/997/87 2507/995/86
f 2512/996/88 2511/999/88 2509/997/87
f 2514/998/89 2513/1001/89 2511/999/88
f 2516/1000/90 2515/1003/90 2513/1001/89
f 2518/1002/91 2517/1005/91 2515/1003/90
f 2520/1004/92 2519/1007/92 2517/1005/91
f 2522/1006/93 2521/1009/93 2519/1007/92
f 2524/1008/94 2523/1011/94 2521/1009/93
f 2526/1010/95 2525/1013/95 2523/1011/94
f 2528/1012/96 2527/1015/96 2525/1013/95
f 2530/1014/97 2529/1017/97 2527/1015/96
f 2532/1016/98 2531/1019/98 2529/1017/97
f 2534/1018/99 2533/1021/99 2531/1019/98
f 2536/1020/100 2535/1023/100 2533/1021/99
f 2538/1022/101 2537/1025/101 2535/1023/100
f 2540/1024/102 2539/1027/102 2537/1025/101
f 2542/1026/103 2541/1029/103 2539/1027/102
f 2544/1028/104 2543/1031/104 2541/1029/103
f 2546/1030/105 2545/252/105 2543/1031/104
f 2548/1032/106 2547/1034/106 2545/252/105
f 2550/1033/107 2549/1036/107 2547/1034/106
f 2552/1035/108 2551/1038/108 2549/1036/107
f 2554/1037/109 2553/1040/109 2551/1038/108
f 2556/1039/110 2555/1042/110 2553/1040/109
f 2558/1041/111 2557/1044/111 2555/1042/110
f 2560/1043/112 2559/1046/112 2557/1044/111
f 2562/1045/113 2561/1048/113 2559/1046/112
f 2564/1047/114 2563/1050/114 2561/1048/113
f 2566/1049/115 2565/1052/115 2563/1050/114
f 2568/1051/116 2567/1054/116 2565/1052/115
f 2570/1053/117 2569/1056/117 2567/1054/116
f 2572/1055/118 2571/1058/118 2569/1056/117
f 2574/1057/119 2573/1060/119 2571/1058/118
f 2576/1059/120 2575/1062/120 2573/1060/119
f 2578/1061/121 2577/1064/121 2575/1062/120
f 2580/1063/122 2579/1066/122 2577/1064/121
f 2582/1065/123 2581/1068/123 2579/1066/122
f 2584/1067/124 2583/1070/124 2581/1068/123
f 2586/1069/125 2585/1072/125 2583/1070/124
f 2588/1071/126 2587/1074/126 2585/1072/125
f 2590/1073/127 2589/1076/129 2587/1074/126
f 2592/1075/128 2591/1078/128 2589/1076/129
f 2594/1077/130 2593/1080/130 2591/1078/128
f 2596/1079/131 2595/1082/131 2593/1080/130
f 2598/1081/132 2597/1084/132 2595/1082/131
f 2600/1083/133 2599/1086/133 2597/1084/132
f 2602/1085/134 2601/1088/134 2599/1086/133
f 2604/1087/135 2603/1090/135 2601/1088/134
f 2606/1089/136 2605/1092/136 2603/1090/135
f 2608/1091/137 2607/1094/137 2605/1092/136
f 2610/1093/138 2609/1096/138 2607/1094/137
f 2612/1095/139 2611/1098/139 2609/1096/138
f 2614/1097/140 2613/1100/140 2611/1098/139
f 2616/1099/141 2615/1102/141 2613/1100/140
f 2618/1101/142 2617/1104/142 2615/1102/141
f 2620/1103/143 2619/1106/143 2617/1104/142
f 2622/1105/144 2621/1108/144 2619/1106/143
f 2624/1107/145 2623/1110/145 2621/1108/144
f 2626/1109/146 2625/1112/146 2623/1110/145
f 2628/1111/147 2627/1114/147 2625/1112/146
f 2630/1113/148 2629/1116/148 2627/1114/147
f 2632/1115/149 2631/1118/149 2629/1116/148
f 2634/1117/150 2633/1120/150 2631/1118/149
f 2636/1119/151 2635/1122/151 2633/1120/150
f 2638/1121/152 2637/1123/152 2635/1122/151
f 2358/845/12 2357/115/12 2637/1123/152
f 2642/1124/153 2641/1126/153 2639/145/154
f 2644/1125/155 2643/1128/155 2641/1126/153
f 2646/1127/156 2645/1130/156 2643/1128/155
f 2648/1129/157 2647/1131/157 2645/1130/156
f 2640/845/154 2639/115/154 2647/1131/157
f 2652/1132/158 2651/1134/158 2649/145/159
f 2654/1133/160 2653/1136/160 2651/1134/158
f 2656/1135/161 2655/1138/161 2653/1136/160
f 2658/1137/162 2657/1140/162 2655/1138/161
f 2660/1139/163 2659/1142/163 2657/1140/162
f 2662/1141/164 2661/1144/164 2659/1142/163
f 2664/1143/165 2663/1146/165 2661/1144/164
f 2666/1145/166 2665/1148/166 2663/1146/165
f 2668/1147/167 2667/1150/167 2665/1148/166
f 2670/1149/168 2669/1152/168 2667/1150/167
f 2672/1151/169 2671/1154/169 2669/1152/168
f 2674/1153/170 2673/1156/170 2671/1154/169
f 2676/1155/171 2675/1158/171 2673/1156/170
f 2678/1157/172 2677/1160/172 2675/1158/171
f 2680/1159/173 2679/1162/173 2677/1160/172
f 2682/1161/174 2681/1164/174 2679/1162/173
f 2684/1163/175 2683/710/175 2681/1164/174
f 2686/1165/176 2685/1167/176 2683/710/175
f 2688/1166/177 2687/1169/177 2685/1167/176
f 2690/1168/178 2689/1171/178 2687/1169/177
f 2692/1170/179 2691/1173/181 2689/1171/178
f 2694/1172/180 2693/1175/180 2691/1173/181
f 2696/1174/182 2695/1177/182 2693/1175/180
f 2698/1176/183 2697/1179/183 2695/1177/182
f 2700/1178/184 2699/1181/184 2697/1179/183
f 2702/1180/185 2701/1183/185 2699/1181/184
f 2704/1182/186 2703/1185/186 2701/1183/185
f 2706/1184/187 2705/1187/187 2703/1185/186
f 2708/1186/188 2707/1189/188 2705/1187/187
f 2710/1188/189 2709/1191/189 2707/1189/188
f 2712/1190/190 2711/1193/190 2709/1191/189
f 2714/1192/191 2713/1195/191 2711/1193/190
f 2716/1194/192 2715/1197/192 2713/1195/191
f 2718/1196/193 2717/726/193 2715/1197/192
f 2720/1198/194 2719/1200/194 2717/726/193
f 2722/1199/195 2721/1202/195 2719/1200/194
f 2724/1201/196 2723/1204/196 2721/1202/195
f 2726/1203/197 2725/1206/197 2723/1204/196
f 2728/1205/198 2727/1208/198 2725/1206/197
f 2730/1207/199 2729/1210/199 2727/1208/198
f 2732/1209/200 2731/1212/200 2729/1210/199
f 2734/1211/201 2733/1214/201 2731/1212/200
f 2736/1213/202 2735/1216/202 2733/1214/201
f 2738/1215/203 2737/1218/203 2735/1216/202
f 2740/1217/204 2739/1220/204 2737/1218/203
f 2742/1219/205 2741/1222/205 2739/1220/204
f 2744/1221/206 2743/1224/206 2741/1222/205
f 2746/1223/207 2745/1226/207 2743/1224/206
f 2748/1225/208 2747/1228/208 2745/1226/207
f 2750/1227/209 2749/1230/209 2747/1228/208
f 2752/1229/210 2751/663/212 2749/1230/209
f 2754/1231/211 2753/1233/211 2751/663/212
f 2756/1232/213 2755/1235/213 2753/1233/211
f 2758/1234/214 2757/1237/214 2755/1235/213
f 2760/1236/215 2759/1239/215 2757/1237/214
f 2762/1238/216 2761/1241/216 2759/1239/215
f 2764/1240/217 2763/1243/217 2761/1241/216
f 2766/1242/218 2765/1245/218 2763/1243/217
f 2768/1244/219 2767/1247/219 2765/1245/218
f 2770/1246/220 2769/1249/222 2767/1247/219
f 2772/1248/221 2771/1251/221 2769/1249/222
f 2774/1250/223 2773/1253/223 2771/1251/221
f 2776/1252/224 2775/1255/224 2773/1253/223
f 2778/1254/225 2777/1257/227 2775/1255/224
f 2780/1256/226 2779/1259/229 2777/1257/227
f 2782/1258/228 2781/1261/228 2779/1259/229
f 2784/1260/230 2783/1263/230 2781/1261/228
f 2786/1262/231 2785/127/231 2783/1263/230
f 2788/1264/232 2787/1266/232 2785/127/231
f 2790/1265/233 2789/1268/233 2787/1266/232
f 2792/1267/234 2791/1270/234 2789/1268/233
f 2794/1269/235 2793/1272/235 2791/1270/234
f 2796/1271/236 2795/1274/236 2793/1272/235
f 2798/1273/237 2797/1276/237 2795/1274/236
f 2800/1275/238 2799/1278/238 2797/1276/237
f 2802/1277/239 2801/1280/239 2799/1278/238
f 2804/1279/240 2803/1282/240 2801/1280/239
f 2806/1281/241 2805/1284/241 2803/1282/240
f 2808/1283/242 2807/1286/242 2805/1284/241
f 2810/1285/243 2809/1288/245 2807/1286/242
f 2812/1287/244 2811/1290/244 2809/1288/245
f 2814/1289/246 2813/1292/246 2811/1290/244
f 2816/1291/247 2815/1294/249 2813/1292/246
f 2818/1293/248 2817/1296/248 2815/1294/249
f 2820/1295/250 2819/745/250 2817/1296/248
f 2822/1297/251 2821/1299/251 2819/745/250
f 2824/1298/252 2823/1301/252 2821/1299/251
f 2826/1300/253 2825/1303/255 2823/1301/252
f 2828/1302/254 2827/1305/254 2825/1303/255
f 2830/1304/256 2829/1307/256 2827/1305/254
f 2832/1306/257 2831/1309/257 2829/1307/256
f 2834/1308/258 2833/1311/258 2831/1309/257
f 2836/1310/259 2835/1313/259 2833/1311/258
f 2838/1312/260 2837/1315/260 2835/1313/259
f 2840/1314/261 2839/1317/261 2837/1315/260
f 2842/1316/262 2841/1319/262 2839/1317/261
f 2844/1318/263 2843/1321/263 2841/1319/262
f 2846/1320/264 2845/1323/264 2843/1321/263
f 2848/1322/265 2847/1325/265 2845/1323/264
f 2850/1324/266 2849/1327/266 2847/1325/265
f 2852/1326/267 2851/1329/267 2849/1327/266
f 2854/1328/268 2853/692/268 2851/1329/267
f 2856/1330/269 2855/1332/269 2853/692/268
f 2858/1331/270 2857/1334/270 2855/1332/269
f 2860/1333/271 2859/1336/271 2857/1334/270
f 2862/1335/272 2861/1338/272 2859/1336/271
f 2864/1337/272 2863/1340/272 2861/1338/272
f 2866/1339/273 2865/1342/273 2863/1340/272
f 2868/1341/274 2867/1344/274 2865/1342/273
f 2870/1343/275 2869/1346/275 2867/1344/274
f 2872/1345/276 2871/1348/276 2869/1346/275
f 2874/1347/277 2873/1350/277 2871/1348/276
f 2876/1349/278 2875/1352/278 2873/1350/277
f 2878/1351/279 2877/1354/279 2875/1352/278
f 2880/1353/280 2879/1356/280 2877/1354/279
f 2882/1355/281 2881/1358/281 2879/1356/280
f 2884/1357/282 2883/1360/282 2881/1358/281
f 2886/1359/283 2885/1362/283 2883/1360/282
f 2888/1361/284 2887/631/284 2885/1362/283
f 2890/1363/285 2889/1365/285 2887/631/284
f 2892/1364/286 2891/1367/286 2889/1365/285
f 2894/1366/287 2893/1369/287 2891/1367/286
f 2896/1368/288 2895/1371/288 2893/1369/287
f 2898/1370/289 2897/1373/289 2895/1371/288
f 2900/1372/290 2899/1375/290 2897/1373/289
f 2902/1374/291 2901/1377/291 2899/1375/290
f 2904/1376/292 2903/1379/292 2901/1377/291
f 2906/1378/293 2905/1381/293 2903/1379/292
f 2908/1380/294 2907/1383/294 2905/1381/293
f 2910/1382/295 2909/1385/295 2907/1383/294
f 2912/1384/296 2911/1387/296 2909/1385/295
f 2914/1386/297 2913/1389/297 2911/1387/296
f 2916/1388/298 2915/1391/298 2913/1389/297
f 2918/1390/299 2917/1393/299 2915/1391/298
f 2920/1392/300 2919/1394/300 2917/1393/299
f 2650/845/159 2649/115/159 2919/1394/300
f 2924/1196/301 2923/726/304 2921/145/302
f 2926/1262/303 2925/127/303 2923/726/304
f 2928/1328/305 2927/692/306 2925/127/303
f 2922/845/302 2921/115/302 2927/692/306
f 2932/1124/307 2931/1126/307 2929/145/308
f 2934/1125/309 2933/1128/309 2931/1126/307
f 2936/1127/310 2935/1130/310 2933/1128/309
f 2938/1129/311 2937/1131/312 2935/1130/310
f 2930/845/308 2929/115/308 2937/1131/312
f 2942/1196/313 2941/726/313 2939/145/314
f 2944/1262/316 2943/127/316 2941/726/313
f 2946/1328/317 2945/692/317 2943/127/316
f 2940/845/315 2939/115/314 2945/692/317
f 2950/1395/318 2949/1397/318 2947/145/319
f 2952/1396/320 2951/1399/320 2949/1397/318
f 2954/1398/321 2953/1401/323 2951/1399/320
f 2956/1400/322 2955/1403/322 2953/1401/323
f 2958/1402/324 2957/1405/324 2955/1403/322
f 2960/1404/325 2959/1407/325 2957/1405/324
f 2962/1406/326 2961/1409/326 2959/1407/325
f 2964/1408/327 2963/1411/327 2961/1409/326
f 2966/1410/328 2965/1413/328 2963/1411/327
f 2968/1412/329 2967/1415/329 2965/1413/328
f 2970/1414/330 2969/1417/330 2967/1415/329
f 2972/1416/331 2971/1419/331 2969/1417/330
f 2974/1418/332 2973/1421/332 2971/1419/331
f 2976/1420/333 2975/1423/333 2973/1421/332
f 2978/1422/334 2977/1425/334 2975/1423/333
f 2980/1424/335 2979/1427/335 2977/1425/334
f 2982/1426/336 2981/1429/336 2979/1427/335
f 2984/1428/337 2983/1431/337 2981/1429/336
f 2986/1430/338 2985/1433/338 2983/1431/337
f 2988/1432/339 2987/1435/339 2985/1433/338
f 2990/1434/340 2989/1437/340 2987/1435/339
f 2992/1436/341 2991/1439/341 2989/1437/340
f 2994/1438/342 2993/1441/342 2991/1439/341
f 2996/1440/343 2995/1443/343 2993/1441/342
f 2998/1442/344 2997/1445/344 2995/1443/343
f 3000/1444/345 2999/1447/345 2997/1445/344
f 3002/1446/346 3001/1449/348 2999/1447/345
f 3004/1448/347 3003/1450/347 3001/1449/348
f 3006/1124/349 3005/1126/349 3003/1450/347
f 3008/1451/350 3007/1453/350 3005/1126/349
f 3010/1452/351 3009/1455/351 3007/1453/350
f 3012/1454/352 3011/1457/352 3009/1455/351
f 3014/1456/353 3013/1459/353 3011/1457/352
f 3016/1458/354 3015/1461/354 3013/1459/353
f 3018/1460/354 3017/1463/354 3015/1461/354
f 3020/1462/355 3019/1465/355 3017/1463/354
f 3022/1464/356 3021/1467/356 3019/1465/355
f 3024/1466/357 3023/1469/357 3021/1467/356
f 3026/1468/358 3025/1471/358 3023/1469/357
f 3028/1470/359 3027/1473/359 3025/1471/358
f 3030/1472/360 3029/1475/360 3027/1473/359
f 3032/1474/361 3031/1477/361 3029/1475/360
f 3034/1476/362 3033/1479/362 3031/1477/361
f 3036/1478/363 3035/1481/363 3033/1479/362
f 3038/1480/364 3037/1483/364 3035/1481/363
f 3040/1482/365 3039/1485/365 3037/1483/364
f 3042/1484/366 3041/1487/366 3039/1485/365
f 3044/1486/367 3043/1489/367 3041/1487/366
f 3046/1488/368 3045/1491/368 3043/1489/367
f 3048/1490/369 3047/1493/369 3045/1491/368
f 3050/1492/370 3049/1495/370 3047/1493/369
f 3052/1494/371 3051/1497/371 3049/1495/370
f 3054/1496/372 3053/1499/372 3051/1497/371
f 3056/1498/373 3055/1501/373 3053/1499/372
f 3058/1500/374 3057/1503/374 3055/1501/373
f 3060/1502/375 3059/1505/375 3057/1503/374
f 3062/1504/376 3061/1506/376 3059/1505/375
f 3064/1125/377 3063/1128/377 3061/1506/376
f 3066/1507/378 3065/1509/378 3063/1128/377
f 3068/1508/379 3067/1511/379 3065/1509/378
f 3070/1510/380 3069/1513/380 3067/1511/379
f 3072/1512/381 3071/1515/381 3069/1513/380
f 3074/1514/382 3073/1517/382 3071/1515/381
f 3076/1516/383 3075/1519/383 3073/1517/382
f 3078/1518/384 3077/1521/384 3075/1519/383
f 3080/1520/385 3079/1523/385 3077/1521/384
f 3082/1522/386 3081/1525/386 3079/1523/385
f 3084/1524/387 3083/1527/387 3081/1525/386
f 3086/1526/388 3085/1529/388 3083/1527/387
f 3088/1528/389 3087/1531/389 3085/1529/388
f 3090/1530/390 3089/1533/390 3087/1531/389
f 3092/1532/391 3091/1535/391 3089/1533/390
f 3094/1534/392 3093/1537/392 3091/1535/391
f 3096/1536/393 3095/1539/393 3093/1537/392
f 3098/1538/394 3097/1541/394 3095/1539/393
f 3100/1540/395 3099/1543/395 3097/1541/394
f 3102/1542/396 3101/1545/396 3099/1543/395
f 3104/1544/397 3103/1547/397 3101/1545/396
f 3106/1546/398 3105/1549/398 3103/1547/397
f 3108/1548/399 3107/1551/399 3105/1549/398
f 3110/1550/400 3109/1553/400 3107/1551/399
f 3112/1552/401 3111/1555/401 3109/1553/400
f 3114/1554/402 3113/1557/402 3111/1555/401
f 3116/1556/403 3115/1559/403 3113/1557/402
f 3118/1558/404 3117/1561/404 3115/1559/403
f 3120/1560/405 3119/1562/407 3117/1561/404
f 3122/1127/406 3121/1130/406 3119/1562/407
f 3124/1563/408 3123/1565/408 3121/1130/406
f 3126/1564/409 3125/1567/409 3123/1565/408
f 3128/1566/410 3127/1569/410 3125/1567/409
f 3130/1568/411 3129/1571/411 3127/1569/410
f 3132/1570/412 3131/1573/412 3129/1571/411
f 3134/1572/413 3133/1575/413 3131/1573/412
f 3136/1574/414 3135/1577/414 3133/1575/413
f 3138/1576/415 3137/1579/415 3135/1577/414
f 3140/1578/416 3139/1581/416 3137/1579/415
f 3142/1580/417 3141/1583/417 3139/1581/416
f 3144/1582/418 3143/1585/418 3141/1583/417
f 3146/1584/419 3145/1587/419 3143/1585/418
f 3148/1586/420 3147/1589/420 3145/1587/419
f 3150/1588/421 3149/1591/421 3147/1589/420
f 3152/1590/422 3151/1593/422 3149/1591/421
f 3154/1592/423 3153/1595/423 3151/1593/422
f 3156/1594/424 3155/1597/424 3153/1595/423
f 3158/1596/425 3157/1599/425 3155/1597/424
f 3160/1598/426 3159/1601/426 3157/1599/425
f 3162/1600/427 3161/1603/427 3159/1601/426
f 3164/1602/428 3163/1605/428 3161/1603/427
f 3166/1604/429 3165/1607/429 3163/1605/428
f 3168/1606/430 3167/1609/430 3165/1607/429
f 3170/1608/431 3169/1611/431 3167/1609/430
f 3172/1610/432 3171/1613/432 3169/1611/431
f 3174/1612/433 3173/1615/433 3171/1613/432
f 3176/1614/434 3175/1617/434 3173/1615/433
f 3178/1616/435 3177/1618/435 3175/1617/434
f 3180/1129/436 3179/1131/436 3177/1618/435
f 3182/1619/437 3181/1621/437 3179/1131/436
f 3184/1620/438 3183/1623/438 3181/1621/437
f 3186/1622/439 3185/1625/439 3183/1623/438
f 3188/1624/440 3187/1627/440 3185/1625/439
f 3190/1626/441 3189/1629/441 3187/1627/440
f 3192/1628/442 3191/1631/442 3189/1629/441
f 3194/1630/443 3193/1633/443 3191/1631/442
f 3196/1632/444 3195/1635/444 3193/1633/443
f 3198/1634/445 3197/1637/445 3195/1635/444
f 3200/1636/446 3199/1639/446 3197/1637/445
f 3202/1638/447 3201/1641/447 3199/1639/446
f 3204/1640/448 3203/1643/448 3201/1641/447
f 3206/1642/241 3205/1645/241 3203/1643/448
f 3208/1644/449 3207/1647/449 3205/1645/241
f 3210/1646/450 3209/1649/450 3207/1647/449
f 3212/1648/451 3211/1651/451 3209/1649/450
f 3214/1650/452 3213/1653/452 3211/1651/451
f 3216/1652/453 3215/1655/453 3213/1653/452
f 3218/1654/454 3217/1657/454 3215/1655/453
f 3220/1656/455 3219/1659/455 3217/1657/454
f 3222/1658/456 3221/1661/456 3219/1659/455
f 3224/1660/457 3223/1663/457 3221/1661/456
f 3226/1662/458 3225/1665/458 3223/1663/457
f 3228/1664/459 3227/1667/459 3225/1665/458
f 3230/1666/460 3229/1669/462 3227/1667/459
f 3232/1668/461 3231/1671/461 3229/1669/462
f 3234/1670/463 3233/1673/463 3231/1671/461
f 3236/1672/464 3235/1674/464 3233/1673/463
f 2948/845/319 2947/115/319 3235/1674/464
f 3240/1124/465 3239/1126/465 3237/145/466
f 3242/1125/468 3241/1128/468 3239/1126/465
f 3244/1127/469 3243/1130/469 3241/1128/468
f 3246/1129/470 3245/1131/470 3243/1130/469
f 3238/845/467 3237/115/466 3245/1131/470
f 3250/1124/471 3249/1126/471 3247/145/472
f 3252/1125/473 3251/1128/473 3249/1126/471
f 3254/1127/474 3253/1130/474 3251/1128/473
f 3256/1129/475 3255/1131/476 3253/1130/474
f 3248/845/472 3247/115/472 3255/1131/476
f 3260/1675/477 3259/1677/477 3257/145/478
f 3262/1676/479 3261/1679/479 3259/1677/477
f 3264/1678/480 3263/1681/482 3261/1679/479
f 3266/1680/481 3265/1683/481 3263/1681/482
f 3268/1682/483 3267/1685/483 3265/1683/481
f 3270/1684/484 3269/1687/484 3267/1685/483
f 3272/1686/485 3271/1689/485 3269/1687/484
f 3274/1688/486 3273/1691/486 3271/1689/485
f 3276/1690/487 3275/1693/487 3273/1691/486
f 3278/1692/488 3277/1695/488 3275/1693/487
f 3280/1694/489 3279/1697/489 3277/1695/488
f 3282/1696/490 3281/1699/490 3279/1697/489
f 3284/1698/491 3283/1701/491 3281/1699/490
f 3286/1700/492 3285/1703/492 3283/1701/491
f 3288/1702/493 3287/1705/493 3285/1703/492
f 3290/1704/494 3289/1707/494 3287/1705/493
f 3292/1706/495 3291/1709/495 3289/1707/494
f 3294/1708/496 3293/1711/496 3291/1709/495
f 3296/1710/497 3295/1713/497 3293/1711/496
f 3298/1712/498 3297/1715/498 3295/1713/497
f 3300/1714/499 3299/1717/499 3297/1715/498
f 3302/1716/500 3301/1719/500 3299/1717/499
f 3304/1718/501 3303/1721/501 3301/1719/500
f 3306/1720/502 3305/1723/502 3303/1721/501
f 3308/1722/503 3307/1725/503 3305/1723/502
f 3310/1724/258 3309/1727/258 3307/1725/503
f 3312/1726/504 3311/1729/504 3309/1727/258
f 3314/1728/505 3313/1731/505 3311/1729/504
f 3316/1730/506 3315/1733/506 3313/1731/505
f 3318/1732/507 3317/1735/507 3315/1733/506
f 3320/1734/508 3319/1737/510 3317/1735/507
f 3322/1736/509 3321/1739/509 3319/1737/510
f 3324/1738/511 3323/1741/511 3321/1739/509
f 3326/1740/512 3325/1743/512 3323/1741/511
f 3328/1742/513 3327/1745/513 3325/1743/512
f 3330/1744/514 3329/1747/514 3327/1745/513
f 3332/1746/515 3331/1749/515 3329/1747/514
f 3334/1748/516 3333/1751/516 3331/1749/515
f 3336/1750/517 3335/1753/517 3333/1751/516
f 3338/1752/518 3337/1755/518 3335/1753/517
f 3340/1754/519 3339/1757/519 3337/1755/518
f 3342/1756/520 3341/1759/520 3339/1757/519
f 3344/1758/521 3343/1761/523 3341/1759/520
f 3346/1760/522 3345/1763/522 3343/1761/523
f 3348/1762/524 3347/1765/524 3345/1763/522
f 3350/1764/525 3349/1767/525 3347/1765/524
f 3352/1766/526 3351/1769/526 3349/1767/525
f 3354/1768/527 3353/1771/527 3351/1769/526
f 3356/1770/528 3355/1773/528 3353/1771/527
f 3358/1772/529 3357/1775/529 3355/1773/528
f 3360/1774/530 3359/1777/530 3357/1775/529
f 3362/1776/530 3361/1779/530 3359/1777/530
f 3364/1778/531 3363/1781/531 3361/1779/530
f 3366/1780/532 3365/1783/532 3363/1781/531
f 3368/1782/533 3367/1785/533 3365/1783/532
f 3370/1784/534 3369/1787/534 3367/1785/533
f 3372/1786/535 3371/1789/535 3369/1787/534
f 3374/1788/536 3373/1791/536 3371/1789/535
f 3376/1790/537 3375/1793/537 3373/1791/536
f 3378/1792/538 3377/1795/538 3375/1793/537
f 3380/1794/539 3379/1797/539 3377/1795/538
f 3382/1796/540 3381/1799/540 3379/1797/539
f 3384/1798/541 3383/1801/541 3381/1799/540
f 3386/1800/542 3385/1803/542 3383/1801/541
f 3388/1802/543 3387/1805/543 3385/1803/542
f 3390/1804/544 3389/1807/544 3387/1805/543
f 3392/1806/545 3391/1809/545 3389/1807/544
f 3394/1808/546 3393/1811/546 3391/1809/545
f 3396/1810/547 3395/1813/547 3393/1811/546
f 3398/1812/548 3397/1815/548 3395/1813/547
f 3400/1814/549 3399/1817/549 3397/1815/548
f 3402/1816/550 3401/1819/550 3399/1817/549
f 3404/1818/551 3403/1821/551 3401/1819/550
f 3406/1820/552 3405/1823/552 3403/1821/551
f 3408/1822/553 3407/1825/553 3405/1823/552
f 3410/1824/554 3409/1827/554 3407/1825/553
f 3412/1826/555 3411/1829/555 3409/1827/554
f 3414/1828/556 3413/1831/556 3411/1829/555
f 3416/1830/557 3415/1833/557 3413/1831/556
f 3418/1832/558 3417/1835/558 3415/1833/557
f 3420/1834/559 3419/1837/559 3417/1835/558
f 3422/1836/560 3421/1838/560 3419/1837/559
f 3258/845/478 3257/115/478 3421/1838/560
f 3426/1124/561 3425/1126/561 3423/145/562
f 3428/1125/563 3427/1128/563 3425/1126/561
f 3430/1127/564 3429/1130/564 3427/1128/563
f 3432/1129/565 3431/1131/566 3429/1130/564
f 3424/845/562 3423/115/562 3431/1131/566
f 3436/1839/567 3435/1841/570 3433/145/568
f 3438/1840/569 3437/1843/569 3435/1841/570
f 3440/1842/571 3439/1845/571 3437/1843/569
f 3442/1844/572 3441/1847/572 3439/1845/571
f 3444/1846/573 3443/1849/573 3441/1847/572
f 3446/1848/574 3445/1851/576 3443/1849/573
f 3448/1850/575 3447/1853/575 3445/1851/576
f 3450/1852/577 3449/1855/577 3447/1853/575
f 3452/1854/578 3451/1857/578 3449/1855/577
f 3454/1856/579 3453/1859/579 3451/1857/578
f 3456/1858/580 3455/1861/580 3453/1859/579
f 3458/1860/581 3457/1862/581 3455/1861/580
f 3460/1262/582 3459/127/582 3457/1862/581
f 3462/1863/583 3461/1865/583 3459/127/582
f 3464/1864/584 3463/1867/584 3461/1865/583
f 3466/1866/585 3465/1869/585 3463/1867/584
f 3468/1868/586 3467/1871/586 3465/1869/585
f 3470/1870/587 3469/1873/587 3467/1871/586
f 3472/1872/588 3471/1875/588 3469/1873/587
f 3474/1874/588 3473/1877/588 3471/1875/588
f 3476/1876/589 3475/1879/589 3473/1877/588
f 3478/1878/539 3477/1881/539 3475/1879/589
f 3480/1880/590 3479/1883/590 3477/1881/539
f 3482/1882/591 3481/1885/591 3479/1883/590
f 3484/1884/592 3483/1886/592 3481/1885/591
f 3434/845/568 3433/115/568 3483/1886/592
f 3488/1887/593 3487/1889/593 3485/145/594
f 3490/1888/595 3489/1891/595 3487/1889/593
f 3492/1890/596 3491/1893/596 3489/1891/595
f 3494/1892/597 3493/1895/597 3491/1893/596
f 3496/1894/598 3495/1897/598 3493/1895/597
f 3498/1896/599 3497/1899/599 3495/1897/598
f 3500/1898/600 3499/1901/600 3497/1899/599
f 3502/1900/601 3501/1903/601 3499/1901/600
f 3504/1902/602 3503/1905/602 3501/1903/601
f 3506/1904/603 3505/1907/603 3503/1905/602
f 3508/1906/604 3507/1909/604 3505/1907/603
f 3510/1908/605 3509/1911/605 3507/1909/604
f 3512/1910/606 3511/1913/606 3509/1911/605
f 3514/1912/607 3513/1915/607 3511/1913/606
f 3516/1914/608 3515/1917/608 3513/1915/607
f 3518/1916/609 3517/1919/609 3515/1917/608
f 3520/1918/610 3519/1921/610 3517/1919/609
f 3522/1920/611 3521/1923/611 3519/1921/610
f 3524/1922/612 3523/1925/612 3521/1923/611
f 3526/1924/613 3525/1927/613 3523/1925/612
f 3528/1926/614 3527/1929/614 3525/1927/613
f 3530/1928/615 3529/1931/615 3527/1929/614
f 3532/1930/616 3531/1933/616 3529/1931/615
f 3534/1932/617 3533/1935/617 3531/1933/616
f 3536/1934/618 3535/1937/618 3533/1935/617
f 3538/1936/619 3537/1939/619 3535/1937/618
f 3540/1938/620 3539/1941/620 3537/1939/619
f 3542/1940/621 3541/1943/621 3539/1941/620
f 3544/1942/622 3543/1945/622 3541/1943/621
f 3546/1944/623 3545/1947/623 3543/1945/622
f 3548/1946/624 3547/1949/624 3545/1947/623
f 3550/1948/625 3549/1951/625 3547/1949/624
f 3552/1950/626 3551/1953/628 3549/1951/625
f 3554/1952/627 3553/1955/627 3551/1953/628
f 3556/1954/629 3555/1957/629 3553/1955/627
f 3558/1956/630 3557/1959/632 3555/1957/629
f 3560/1958/631 3559/1961/634 3557/1959/632
f 3562/1960/633 3561/1963/633 3559/1961/634
f 3564/1962/635 3563/1965/635 3561/1963/633
f 3566/1964/636 3565/1967/636 3563/1965/635
f 3568/1966/637 3567/1969/637 3565/1967/636
f 3570/1968/638 3569/1971/638 3567/1969/637
f 3572/1970/639 3571/1973/639 3569/1971/638
f 3574/1972/640 3573/1975/640 3571/1973/639
f 3576/1974/641 3575/1977/641 3573/1975/640
f 3578/1976/642 3577/1979/642 3575/1977/641
f 3580/1978/643 3579/1981/643 3577/1979/642
f 3582/1980/644 3581/1983/644 3579/1981/643
f 3584/1982/645 3583/1985/645 3581/1983/644
f 3586/1984/646 3585/1987/646 3583/1985/645
f 3588/1986/647 3587/1989/647 3585/1987/646
f 3590/1988/647 3589/1991/647 3587/1989/647
f 3592/1990/648 3591/1993/648 3589/1991/647
f 3594/1992/649 3593/1995/649 3591/1993/648
f 3596/1994/650 3595/1997/650 3593/1995/649
f 3598/1996/651 3597/1999/651 3595/1997/650
f 3600/1998/652 3599/2001/652 3597/1999/651
f 3602/2000/653 3601/2003/653 3599/2001/652
f 3604/2002/654 3603/2005/654 3601/2003/653
f 3606/2004/655 3605/2007/655 3603/2005/654
f 3608/2006/656 3607/2009/656 3605/2007/655
f 3610/2008/657 3609/2011/659 3607/2009/656
f 3612/2010/658 3611/2013/658 3609/2011/659
f 3614/2012/660 3613/2015/660 3611/2013/658
f 3616/2014/661 3615/2017/661 3613/2015/660
f 3618/2016/662 3617/2019/662 3615/2017/661
f 3620/2018/663 3619/2021/663 3617/2019/662
f 3622/2020/664 3621/2023/664 3619/2021/663
f 3624/2022/665 3623/2025/665 3621/2023/664
f 3626/2024/666 3625/2027/666 3623/2025/665
f 3628/2026/667 3627/2029/667 3625/2027/666
f 3630/2028/668 3629/2031/668 3627/2029/667
f 3632/2030/669 3631/2033/669 3629/2031/668
f 3634/2032/670 3633/2035/670 3631/2033/669
f 3636/2034/671 3635/2037/671 3633/2035/670
f 3638/2036/672 3637/2039/672 3635/2037/671
f 3640/2038/673 3639/2041/673 3637/2039/672
f 3642/2040/674 3641/2043/674 3639/2041/673
f 3644/2042/675 3643/2045/675 3641/2043/674
f 3646/2044/676 3645/2047/676 3643/2045/675
f 3648/2046/677 3647/2049/677 3645/2047/676
f 3650/2048/678 3649/2051/678 3647/2049/677
f 3652/2050/679 3651/2053/679 3649/2051/678
f 3654/2052/680 3653/2055/680 3651/2053/679
f 3656/2054/681 3655/2057/681 3653/2055/680
f 3658/2056/682 3657/2059/682 3655/2057/681
f 3660/2058/391 3659/2061/391 3657/2059/682
f 3662/2060/683 3661/2063/683 3659/2061/391
f 3664/2062/684 3663/2065/684 3661/2063/683
f 3666/2064/685 3665/2067/685 3663/2065/684
f 3668/2066/686 3667/2069/686 3665/2067/685
f 3670/2068/687 3669/2071/687 3667/2069/686
f 3672/2070/688 3671/2073/688 3669/2071/687
f 3674/2072/689 3673/2075/691 3671/2073/688
f 3676/2074/690 3675/2077/690 3673/2075/691
f 3678/2076/692 3677/2079/692 3675/2077/690
f 3680/2078/693 3679/2081/693 3677/2079/692
f 3682/2080/694 3681/2083/694 3679/2081/693
f 3684/2082/317 3683/2085/317 3681/2083/694
f 3686/2084/695 3685/2087/695 3683/2085/317
f 3688/2086/696 3687/2089/696 3685/2087/695
f 3690/2088/697 3689/2091/697 3687/2089/696
f 3692/2090/698 3691/2093/698 3689/2091/697
f 3694/2092/699 3693/2095/699 3691/2093/698
f 3696/2094/700 3695/2097/700 3693/2095/699
f 3698/2096/701 3697/2099/701 3695/2097/700
f 3700/2098/702 3699/2101/702 3697/2099/701
f 3702/2100/703 3701/2103/703 3699/2101/702
f 3704/2102/704 3703/2105/704 3701/2103/703
f 3706/2104/79 3705/2107/79 3703/2105/704
f 3708/2106/705 3707/2109/705 3705/2107/79
f 3710/2108/706 3709/2111/706 3707/2109/705
f 3712/2110/707 3711/2113/707 3709/2111/706
f 3714/2112/708 3713/2115/708 3711/2113/707
f 3716/2114/709 3715/2117/709 3713/2115/708
f 3718/2116/710 3717/2119/710 3715/2117/709
f 3720/2118/711 3719/2121/713 3717/2119/710
f 3722/2120/712 3721/2123/712 3719/2121/713
f 3724/2122/714 3723/2125/714 3721/2123/712
f 3726/2124/715 3725/2127/715 3723/2125/714
f 3728/2126/716 3727/2129/716 3725/2127/715
f 3730/2128/717 3729/2131/717 3727/2129/716
f 3732/2130/718 3731/2133/718 3729/2131/717
f 3734/2132/719 3733/2135/719 3731/2133/718
f 3736/2134/720 3735/2137/720 3733/2135/719
f 3738/2136/721 3737/2139/721 3735/2137/720
f 3740/2138/722 3739/2141/722 3737/2139/721
f 3742/2140/723 3741/2143/723 3739/2141/722
f 3744/2142/724 3743/2145/726 3741/2143/723
f 3746/2144/725 3745/2147/725 3743/2145/726
f 3748/2146/727 3747/2149/727 3745/2147/725
f 3750/2148/728 3749/2151/728 3747/2149/727
f 3752/2150/729 3751/2153/729 3749/2151/728
f 3754/2152/730 3753/2155/730 3751/2153/729
f 3756/2154/731 3755/2157/731 3753/2155/730
f 3758/2156/732 3757/2158/732 3755/2157/731
f 3486/845/594 3485/115/594 3757/2158/732
f 3762/1124/729 3761/1126/729 3759/145/733
f 3764/1125/734 3763/1128/736 3761/1126/729
f 3766/1127/735 3765/1130/735 3763/1128/736
f 3768/1129/737 3767/1131/738 3765/1130/735
f 3760/845/733 3759/115/733 3767/1131/738
f 3772/1124/739 3771/1126/739 3769/145/740
f 3774/1125/741 3773/1128/741 3771/1126/739
f 3776/1127/742 3775/1130/742 3773/1128/741
f 3778/1129/743 3777/1131/743 3775/1130/742
f 3770/845/740 3769/115/740 3777/1131/743
f 3782/2159/744 3781/2161/747 3779/145/745
f 3784/2160/746 3783/2163/746 3781/2161/747
f 3786/2162/748 3785/2165/748 3783/2163/746
f 3788/2164/749 3787/2167/749 3785/2165/748
f 3790/2166/750 3789/2169/750 3787/2167/749
f 3792/2168/487 3791/2171/487 3789/2169/750
f 3794/2170/751 3793/2173/751 3791/2171/487
f 3796/2172/752 3795/2175/752 3793/2173/751
f 3798/2174/753 3797/2177/753 3795/2175/752
f 3800/2176/754 3799/2179/754 3797/2177/753
f 3802/2178/755 3801/2181/755 3799/2179/754
f 3804/2180/756 3803/2183/756 3801/2181/755
f 3806/2182/757 3805/2185/757 3803/2183/756
f 3808/2184/758 3807/2187/758 3805/2185/757
f 3810/2186/759 3809/2189/759 3807/2187/758
f 3812/2188/760 3811/2191/760 3809/2189/759
f 3814/2190/35 3813/2193/35 3811/2191/760
f 3816/2192/761 3815/2195/761 3813/2193/35
f 3818/2194/762 3817/2197/762 3815/2195/761
f 3820/2196/763 3819/2199/763 3817/2197/762
f 3822/2198/764 3821/2201/764 3819/2199/763
f 3824/2200/765 3823/2203/767 3821/2201/764
f 3826/2202/766 3825/2205/766 3823/2203/767
f 3828/2204/768 3827/2207/768 3825/2205/766
f 3830/2206/769 3829/2209/769 3827/2207/768
f 3832/2208/770 3831/2211/770 3829/2209/769
f 3834/2210/771 3833/2213/771 3831/2211/770
f 3836/2212/772 3835/2215/772 3833/2213/771
f 3838/2214/773 3837/2217/773 3835/2215/772
f 3840/2216/774 3839/2219/774 3837/2217/773
f 3842/2218/775 3841/2221/775 3839/2219/774
f 3844/2220/776 3843/2223/776 3841/2221/775
f 3846/2222/777 3845/2225/777 3843/2223/776
f 3848/2224/778 3847/2227/778 3845/2225/777
f 3850/2226/779 3849/2229/779 3847/2227/778
f 3852/2228/780 3851/2230/780 3849/2229/779
f 3854/1262/781 3853/127/781 3851/2230/780
f 3856/2231/782 3855/2233/782 3853/127/781
f 3858/2232/783 3857/2235/783 3855/2233/782
f 3860/2234/784 3859/2237/784 3857/2235/783
f 3862/2236/785 3861/2239/785 3859/2237/784
f 3864/2238/786 3863/2241/786 3861/2239/785
f 3866/2240/787 3865/2243/787 3863/2241/786
f 3868/2242/788 3867/2245/788 3865/2243/787
f 3870/2244/789 3869/2247/789 3867/2245/788
f 3872/2246/790 3871/2249/790 3869/2247/789
f 3874/2248/791 3873/2251/791 3871/2249/790
f 3876/2250/792 3875/2253/792 3873/2251/791
f 3878/2252/793 3877/2255/793 3875/2253/792
f 3880/2254/794 3879/2257/794 3877/2255/793
f 3882/2256/258 3881/2259/258 3879/2257/794
f 3884/2258/795 3883/2261/795 3881/2259/258
f 3886/2260/796 3885/2263/796 3883/2261/795
f 3888/2262/797 3887/2265/797 3885/2263/796
f 3890/2264/798 3889/2267/798 3887/2265/797
f 3892/2266/799 3891/2269/799 3889/2267/798
f 3894/2268/8 3893/2271/8 3891/2269/799
f 3896/2270/800 3895/2273/800 3893/2271/8
f 3898/2272/801 3897/2275/801 3895/2273/800
f 3900/2274/802 3899/2277/802 3897/2275/801
f 3902/2276/803 3901/2279/803 3899/2277/802
f 3904/2278/804 3903/2281/804 3901/2279/803
f 3906/2280/805 3905/2283/805 3903/2281/804
f 3908/2282/806 3907/2285/806 3905/2283/805
f 3910/2284/807 3909/2287/807 3907/2285/806
f 3912/2286/808 3911/2289/808 3909/2287/807
f 3914/2288/809 3913/2291/809 3911/2289/808
f 3916/2290/810 3915/2293/810 3913/2291/809
f 3918/2292/811 3917/2295/811 3915/2293/810
f 3920/2294/812 3919/2297/812 3917/2295/811
f 3922/2296/813 3921/2299/813 3919/2297/812
f 3924/2298/814 3923/2301/814 3921/2299/813
f 3926/2300/815 3925/2302/815 3923/2301/814
f 3780/845/745 3779/115/745 3925/2302/815
f 3930/2303/816 3929/303/816 3927/145/817
f 3932/937/818 3931/351/74 3929/303/816
f 3934/1262/819 3933/127/819 3931/351/74
f 3936/1030/820 3935/252/820 3933/127/819
f 3938/2304/821 3937/277/821 3935/252/820
f 3928/845/817 3927/115/817 3937/277/821
f 3942/2305/12 3941/2307/12 3939/145/822
f 3944/2306/823 3943/2309/823 3941/2307/12
f 3946/2308/824 3945/2311/824 3943/2309/823
f 3948/2310/825 3947/2313/825 3945/2311/824
f 3950/2312/826 3949/2315/828 3947/2313/825
f 3952/2314/827 3951/2317/827 3949/2315/828
f 3954/2316/829 3953/2319/829 3951/2317/827
f 3956/2318/830 3955/2321/830 3953/2319/829
f 3958/2320/831 3957/2323/831 3955/2321/830
f 3960/2322/832 3959/2325/832 3957/2323/831
f 3962/2324/833 3961/2327/833 3959/2325/832
f 3964/2326/834 3963/2329/834 3961/2327/833
f 3966/2328/835 3965/2331/835 3963/2329/834
f 3968/2330/836 3967/2333/836 3965/2331/835
f 3970/2332/837 3969/2335/837 3967/2333/836
f 3972/2334/838 3971/2337/840 3969/2335/837
f 3974/2336/839 3973/2339/839 3971/2337/840
f 3976/2338/841 3975/2341/841 3973/2339/839
f 3978/2340/842 3977/2343/842 3975/2341/841
f 3980/2342/843 3979/2345/843 3977/2343/842
f 3982/2344/844 3981/2347/844 3979/2345/843
f 3984/2346/845 3983/2349/845 3981/2347/844
f 3986/2348/846 3985/2351/846 3983/2349/845
f 3988/2350/847 3987/2353/847 3985/2351/846
f 3990/2352/848 3989/2355/848 3987/2353/847
f 3992/2354/849 3991/2357/849 3989/2355/848
f 3994/2356/850 3993/2359/850 3991/2357/849
f 3996/2358/851 3995/2361/851 3993/2359/850
f 3998/2360/852 3997/2363/852 3995/2361/851
f 4000/2362/853 3999/2365/853 3997/2363/852
f 4002/2364/854 4001/2367/854 3999/2365/853
f 4004/2366/855 4003/2369/855 4001/2367/854
f 4006/2368/856 4005/2371/856 4003/2369/855
f 4008/2370/857 4007/2373/857 4005/2371/856
f 4010/2372/858 4009/2375/858 4007/2373/857
f 4012/2374/858 4011/2377/858 4009/2375/858
f 4014/2376/859 4013/2379/859 4011/2377/858
f 4016/2378/860 4015/2381/860 4013/2379/859
f 4018/2380/861 4017/2383/861 4015/2381/860
f 4020/2382/862 4019/2385/862 4017/2383/861
f 4022/2384/863 4021/2387/863 4019/2385/862
f 4024/2386/864 4023/2389/864 4021/2387/863
f 4026/2388/865 4025/2391/865 4023/2389/864
f 4028/2390/866 4027/2393/866 4025/2391/865
f 4030/2392/867 4029/2395/867 4027/2393/866
f 4032/2394/868 4031/2397/868 4029/2395/867
f 4034/2396/869 4033/2399/869 4031/2397/868
f 4036/2398/870 4035/2401/870 4033/2399/869
f 4038/2400/871 4037/2403/871 4035/2401/870
f 4040/2402/872 4039/2405/872 4037/2403/871
f 4042/2404/873 4041/2407/873 4039/2405/872
f 4044/2406/874 4043/2409/874 4041/2407/873
f 4046/2408/875 4045/2411/875 4043/2409/874
f 4048/2410/181 4047/2413/181 4045/2411/875
f 4050/2412/876 4049/2415/876 4047/2413/181
f 4052/2414/877 4051/2417/877 4049/2415/876
f 4054/2416/878 4053/2419/878 4051/2417/877
f 4056/2418/879 4055/2421/879 4053/2419/878
f 4058/2420/880 4057/2423/880 4055/2421/879
f 4060/2422/881 4059/2425/881 4057/2423/880
f 4062/2424/869 4061/2427/869 4059/2425/881
f 4064/2426/882 4063/2429/882 4061/2427/869
f 4066/2428/883 4065/2431/883 4063/2429/882
f 4068/2430/884 4067/2433/884 4065/2431/883
f 4070/2432/885 4069/2435/885 4067/2433/884
f 4072/2434/886 4071/2437/886 4069/2435/885
f 4074/2436/625 4073/2439/625 4071/2437/886
f 4076/2438/887 4075/2441/887 4073/2439/625
f 4078/2440/888 4077/2443/888 4075/2441/887
f 4080/2442/889 4079/2445/889 4077/2443/888
f 4082/2444/890 4081/2447/890 4079/2445/889
f 4084/2446/891 4083/2449/891 4081/2447/890
f 4086/2448/688 4085/2451/688 4083/2449/891
f 4088/2450/892 4087/2453/892 4085/2451/688
f 4090/2452/893 4089/2455/893 4087/2453/892
f 4092/2454/894 4091/2457/894 4089/2455/893
f 4094/2456/895 4093/2459/895 4091/2457/894
f 4096/2458/896 4095/2461/896 4093/2459/895
f 4098/2460/897 4097/2463/897 4095/2461/896
f 4100/2462/898 4099/2465/898 4097/2463/897
f 4102/2464/899 4101/2467/899 4099/2465/898
f 4104/2466/900 4103/2469/900 4101/2467/899
f 4106/2468/901 4105/2471/901 4103/2469/900
f 4108/2470/902 4107/2473/902 4105/2471/901
f 4110/2472/903 4109/2475/903 4107/2473/902
f 4112/2474/904 4111/2477/904 4109/2475/903
f 4114/2476/905 4113/2479/905 4111/2477/904
f 4116/2478/906 4115/2481/906 4113/2479/905
f 4118/2480/907 4117/2483/907 4115/2481/906
f 4120/2482/908 4119/2485/908 4117/2483/907
f 4122/2484/909 4121/2487/909 4119/2485/908
f 4124/2486/910 4123/2489/911 4121/2487/909
f 4126/2488/298 4125/2491/298 4123/2489/911
f 4128/2490/665 4127/2493/913 4125/2491/298
f 4130/2492/912 4129/2495/912 4127/2493/913
f 4132/2494/914 4131/2497/914 4129/2495/912
f 4134/2496/915 4133/2499/915 4131/2497/914
f 4136/2498/916 4135/2501/916 4133/2499/915
f 4138/2500/307 4137/2503/307 4135/2501/916
f 4140/2502/917 4139/2505/917 4137/2503/307
f 4142/2504/918 4141/2507/918 4139/2505/917
f 4144/2506/919 4143/2509/919 4141/2507/918
f 4146/2508/920 4145/2511/920 4143/2509/919
f 4148/2510/921 4147/2513/921 4145/2511/920
f 4150/2512/922 4149/2515/922 4147/2513/921
f 4152/2514/923 4151/2517/923 4149/2515/922
f 4154/2516/924 4153/2519/924 4151/2517/923
f 4156/2518/925 4155/2521/925 4153/2519/924
f 4158/2520/926 4157/2523/926 4155/2521/925
f 4160/2522/927 4159/2525/927 4157/2523/926
f 4162/2524/928 4161/2527/928 4159/2525/927
f 4164/2526/929 4163/2529/929 4161/2527/928
f 4166/2528/930 4165/2531/930 4163/2529/929
f 4168/2530/931 4167/2533/931 4165/2531/930
f 4170/2532/932 4169/2535/932 4167/2533/931
f 4172/2534/559 4171/2537/559 4169/2535/932
f 4174/2536/933 4173/2539/933 4171/2537/559
f 4176/2538/301 4175/2541/301 4173/2539/933
f 4178/2540/934 4177/2543/934 4175/2541/301
f 4180/2542/935 4179/2545/935 4177/2543/934
f 4182/2544/936 4181/2547/936 4179/2545/935
f 4184/2546/937 4183/2549/937 4181/2547/936
f 4186/2548/937 4185/2551/937 4183/2549/937
f 4188/2550/938 4187/2553/938 4185/2551/937
f 4190/2552/939 4189/2555/939 4187/2553/938
f 4192/2554/940 4191/2556/940 4189/2555/939
f 3940/845/822 3939/115/822 4191/2556/940
f 4196/1124/941 4195/1126/941 4193/145/942
f 4198/1125/944 4197/1128/944 4195/1126/941
f 4200/1127/945 4199/1130/945 4197/1128/944
f 4202/1129/946 4201/1131/947 4199/1130/945
f 4194/845/943 4193/115/942 4201/1131/947
f 4206/2557/948 4205/2559/948 4203/145/949
f 4208/2558/950 4207/202/950 4205/2559/948
f 4210/2560/951 4209/2561/951 4207/202/950
f 4212/838/746 4211/216/746 4209/2561/951
f 4214/2562/952 4213/2564/952 4211/216/746
f 4216/2563/953 4215/230/953 4213/2564/952
f 4218/1196/954 4217/726/954 4215/230/953
f 4220/840/318 4219/243/318 4217/726/954
f 4222/2565/955 4221/2567/955 4219/243/318
f 4224/2566/956 4223/229/958 4221/2567/955
f 4226/2568/957 4225/2569/957 4223/229/958
f 4228/841/959 4227/215/959 4225/2569/957
f 4230/2570/960 4229/2571/960 4227/215/959
f 4232/1262/961 4231/127/961 4229/2571/960
f 4234/2572/962 4233/2573/962 4231/127/961
f 4236/842/963 4235/185/963 4233/2573/962
f 4238/2574/964 4237/2576/964 4235/185/963
f 4240/2575/965 4239/188/965 4237/2576/964
f 4242/2577/966 4241/2578/968 4239/188/965
f 4244/843/967 4243/148/967 4241/2578/968
f 4246/1328/969 4245/692/969 4243/148/967
f 4248/2579/970 4247/167/970 4245/692/969
f 4250/2580/971 4249/2581/971 4247/167/970
f 4252/844/972 4251/178/972 4249/2581/971
f 4254/2582/973 4253/2584/973 4251/178/972
f 4256/2583/974 4255/163/974 4253/2584/973
f 4258/2585/975 4257/2586/975 4255/163/974
f 4204/845/949 4203/115/949 4257/2586/975
f 4262/2587/976 4261/2589/976 4259/145/977
f 4264/2588/978 4263/2591/978 4261/2589/976
f 4266/2590/979 4265/2593/979 4263/2591/978
f 4268/2592/980 4267/2595/982 4265/2593/979
f 4270/2594/981 4269/2597/981 4267/2595/982
f 4272/2596/640 4271/2599/640 4269/2597/981
f 4274/2598/983 4273/2601/985 4271/2599/640
f 4276/2600/984 4275/2603/984 4273/2601/985
f 4278/2602/986 4277/2605/986 4275/2603/984
f 4280/2604/987 4279/2606/987 4277/2605/986
f 4282/2303/858 4281/303/858 4279/2606/987
f 4284/2607/988 4283/2609/988 4281/303/858
f 4286/2608/989 4285/2611/989 4283/2609/988
f 4288/2610/990 4287/2613/990 4285/2611/989
f 4290/2612/991 4289/2615/991 4287/2613/990
f 4292/2614/244 4291/2617/244 4289/2615/991
f 4294/2616/992 4293/2619/994 4291/2617/244
f 4296/2618/993 4295/2621/993 4293/2619/994
f 4298/2620/995 4297/2623/997 4295/2621/993
f 4300/2622/996 4299/2625/996 4297/2623/997
f 4302/2624/998 4301/2626/998 4299/2625/996
f 4304/937/999 4303/351/999 4301/2626/998
f 4306/2627/1000 4305/2629/1000 4303/351/999
f 4308/2628/1001 4307/2631/1001 4305/2629/1000
f 4310/2630/1002 4309/2633/1002 4307/2631/1001
f 4312/2632/1003 4311/2635/1003 4309/2633/1002
f 4314/2634/1004 4313/2637/1004 4311/2635/1003
f 4316/2636/1005 4315/2639/1005 4313/2637/1004
f 4318/2638/1006 4317/2641/1006 4315/2639/1005
f 4320/2640/1007 4319/2643/1009 4317/2641/1006
f 4322/2642/1008 4321/2645/1008 4319/2643/1009
f 4324/2644/1010 4323/2646/1010 4321/2645/1008
f 4326/1262/1011 4325/127/1011 4323/2646/1010
f 4328/2647/1012 4327/2649/1012 4325/127/1011
f 4330/2648/1012 4329/2651/1012 4327/2649/1012
f 4332/2650/1013 4331/2653/1013 4329/2651/1012
f 4334/2652/1013 4333/2655/1013 4331/2653/1013
f 4336/2654/1014 4335/2657/1014 4333/2655/1013
f 4338/2656/1015 4337/2659/1017 4335/2657/1014
f 4340/2658/1016 4339/2661/1016 4337/2659/1017
f 4342/2660/1018 4341/2663/1018 4339/2661/1016
f 4344/2662/1019 4343/2665/1019 4341/2663/1018
f 4346/2664/1020 4345/2666/1020 4343/2665/1019
f 4348/1030/1021 4347/252/1021 4345/2666/1020
f 4350/2667/1011 4349/2669/1011 4347/252/1021
f 4352/2668/1022 4351/2671/1022 4349/2669/1011
f 4354/2670/1023 4353/2673/1023 4351/2671/1022
f 4356/2672/1024 4355/2675/1024 4353/2673/1023
f 4358/2674/1025 4357/2677/1025 4355/2675/1024
f 4360/2676/1026 4359/2679/1026 4357/2677/1025
f 4362/2678/1027 4361/2681/1027 4359/2679/1026
f 4364/2680/1028 4363/2683/1028 4361/2681/1027
f 4366/2682/1029 4365/2685/1029 4363/2683/1028
f 4368/2684/1030 4367/2686/1030 4365/2685/1029
f 4370/2304/1031 4369/277/1031 4367/2686/1030
f 4372/2687/1032 4371/2689/1032 4369/277/1031
f 4374/2688/1033 4373/2691/1033 4371/2689/1032
f 4376/2690/1034 4375/2693/1034 4373/2691/1033
f 4378/2692/1035 4377/2695/1035 4375/2693/1034
f 4380/2694/1036 4379/2697/1038 4377/2695/1035
f 4382/2696/1037 4381/2699/1037 4379/2697/1038
f 4384/2698/1039 4383/2701/1039 4381/2699/1037
f 4386/2700/1040 4385/2703/1040 4383/2701/1039
f 4388/2702/1041 4387/2705/1041 4385/2703/1040
f 4390/2704/1042 4389/2706/1042 4387/2705/1041
f 4260/845/977 4259/115/977 4389/2706/1042
f 4394/1887/593 4393/1889/593 4391/145/594
f 4396/1888/595 4395/1891/595 4393/1889/593
f 4398/1890/1043 4397/1893/596 4395/1891/595
f 4400/1892/597 4399/1895/597 4397/1893/596
f 4402/1894/598 4401/1897/598 4399/1895/597
f 4404/1896/599 4403/1899/599 4401/1897/598
f 4406/1898/600 4405/1901/600 4403/1899/599
f 4408/1900/601 4407/1903/601 4405/1901/600
f 4410/1902/602 4409/1905/602 4407/1903/601
f 4412/1904/603 4411/1907/603 4409/1905/602
f 4414/1906/604 4413/1909/604 4411/1907/603
f 4416/1908/605 4415/1911/605 4413/1909/604
f 4418/1910/606 4417/1913/606 4415/1911/605
f 4420/1912/607 4419/1915/607 4417/1913/606
f 4422/1914/608 4421/1917/608 4419/1915/607
f 4424/1916/609 4423/1919/609 4421/1917/608
f 4426/1918/610 4425/1921/610 4423/1919/609
f 4428/1920/611 4427/1923/611 4425/1921/610
f 4430/1922/612 4429/1925/612 4427/1923/611
f 4432/1924/613 4431/1927/613 4429/1925/612
f 4434/1926/614 4433/1929/614 4431/1927/613
f 4436/1928/615 4435/1931/615 4433/1929/614
f 4438/1930/616 4437/1933/616 4435/1931/615
f 4440/1932/617 4439/1935/617 4437/1933/616
f 4442/1934/618 4441/1937/618 4439/1935/617
f 4444/1936/619 4443/1939/619 4441/1937/618
f 4446/1938/620 4445/1941/620 4443/1939/619
f 4448/1940/621 4447/1943/621 4445/1941/620
f 4450/1942/622 4449/1945/622 4447/1943/621
f 4452/1944/623 4451/1947/1044 4449/1945/622
f 4454/1946/624 4453/1949/624 4451/1947/1044
f 4456/1948/625 4455/1951/625 4453/1949/624
f 4458/1950/626 4457/1953/628 4455/1951/625
f 4460/1952/627 4459/1955/627 4457/1953/628
f 4462/1954/629 4461/1957/629 4459/1955/627
f 4464/1956/632 4463/1959/632 4461/1957/629
f 4466/1958/634 4465/1961/1045 4463/1959/632
f 4468/1960/633 4467/1963/633 4465/1961/1045
f 4470/1962/635 4469/1965/635 4467/1963/633
f 4472/1964/636 4471/1967/636 4469/1965/635
f 4474/1966/637 4473/1969/637 4471/1967/636
f 4476/1968/638 4475/1971/638 4473/1969/637
f 4478/1970/639 4477/1973/639 4475/1971/638
f 4480/1972/640 4479/1975/640 4477/1973/639
f 4482/1974/641 4481/1977/641 4479/1975/640
f 4484/1976/642 4483/1979/642 4481/1977/641
f 4486/1978/643 4485/1981/643 4483/1979/642
f 4488/1980/644 4487/1983/644 4485/1981/643
f 4490/1982/645 4489/1985/645 4487/1983/644
f 4492/1984/646 4491/1987/646 4489/1985/645
f 4494/1986/647 4493/1989/647 4491/1987/646
f 4496/1988/647 4495/1991/647 4493/1989/647
f 4498/1990/648 4497/1993/648 4495/1991/647
f 4500/1992/649 4499/1995/649 4497/1993/648
f 4502/1994/650 4501/1997/650 4499/1995/649
f 4504/1996/651 4503/1999/651 4501/1997/650
f 4506/1998/652 4505/2001/652 4503/1999/651
f 4508/2000/653 4507/2003/653 4505/2001/652
f 4510/2002/654 4509/2005/654 4507/2003/653
f 4512/2004/655 4511/2007/655 4509/2005/654
f 4514/2006/656 4513/2009/656 4511/2007/655
f 4516/2008/659 4515/2011/659 4513/2009/656
f 4518/2010/658 4517/2013/658 4515/2011/659
f 4520/2012/660 4519/2015/660 4517/2013/658
f 4522/2014/661 4521/2017/661 4519/2015/660
f 4524/2016/662 4523/2019/662 4521/2017/661
f 4526/2018/663 4525/2021/663 4523/2019/662
f 4528/2020/664 4527/2023/664 4525/2021/663
f 4530/2022/665 4529/2025/665 4527/2023/664
f 4532/2024/666 4531/2027/666 4529/2025/665
f 4534/2026/667 4533/2029/667 4531/2027/666
f 4536/2028/668 4535/2031/668 4533/2029/667
f 4538/2030/669 4537/2033/669 4535/2031/668
f 4540/2032/670 4539/2035/670 4537/2033/669
f 4542/2034/671 4541/2037/671 4539/2035/670
f 4544/2036/672 4543/2039/672 4541/2037/671
f 4546/2038/673 4545/2041/673 4543/2039/672
f 4548/2040/674 4547/2043/674 4545/2041/673
f 4550/2042/675 4549/2045/675 4547/2043/674
f 4552/2044/676 4551/2047/676 4549/2045/675
f 4554/2046/677 4553/2049/677 4551/2047/676
f 4556/2048/678 4555/2051/678 4553/2049/677
f 4558/2050/679 4557/2053/679 4555/2051/678
f 4560/2052/680 4559/2055/680 4557/2053/679
f 4562/2054/681 4561/2057/681 4559/2055/680
f 4564/2056/682 4563/2059/1046 4561/2057/681
f 4566/2058/391 4565/2061/391 4563/2059/1046
f 4568/2060/683 4567/2063/683 4565/2061/391
f 4570/2062/1047 4569/2065/684 4567/2063/683
f 4572/2064/685 4571/2067/685 4569/2065/684
f 4574/2066/686 4573/2069/686 4571/2067/685
f 4576/2068/687 4575/2071/687 4573/2069/686
f 4578/2070/688 4577/2073/688 4575/2071/687
f 4580/2072/689 4579/2075/691 4577/2073/688
f 4582/2074/690 4581/2077/690 4579/2075/691
f 4584/2076/692 4583/2079/1048 4581/2077/690
f 4586/2078/693 4585/2081/693 4583/2079/1048
f 4588/2080/694 4587/2083/694 4585/2081/693
f 4590/2082/317 4589/2085/317 4587/2083/694
f 4592/2084/695 4591/2087/695 4589/2085/317
f 4594/2086/696 4593/2089/696 4591/2087/695
f 4596/2088/697 4595/2091/697 4593/2089/696
f 4598/2090/698 4597/2093/698 4595/2091/697
f 4600/2092/699 4599/2095/699 4597/2093/698
f 4602/2094/700 4601/2097/700 4599/2095/699
f 4604/2096/701 4603/2099/701 4601/2097/700
f 4606/2098/702 4605/2101/702 4603/2099/701
f 4608/2100/703 4607/2103/1049 4605/2101/702
f 4610/2102/704 4609/2105/704 4607/2103/1049
f 4612/2104/79 4611/2107/79 4609/2105/704
f 4614/2106/705 4613/2109/705 4611/2107/79
f 4616/2108/706 4615/2111/706 4613/2109/705
f 4618/2110/707 4617/2113/707 4615/2111/706
f 4620/2112/708 4619/2115/708 4617/2113/707
f 4622/2114/709 4621/2117/709 4619/2115/708
f 4624/2116/710 4623/2119/710 4621/2117/709
f 4626/2118/711 4625/2121/713 4623/2119/710
f 4628/2120/712 4627/2123/712 4625/2121/713
f 4630/2122/714 4629/2125/714 4627/2123/712
f 4632/2124/715 4631/2127/715 4629/2125/714
f 4634/2126/716 4633/2129/716 4631/2127/715
f 4636/2128/717 4635/2131/717 4633/2129/716
f 4638/2130/718 4637/2133/718 4635/2131/717
f 4640/2132/719 4639/2135/719 4637/2133/718
f 4642/2134/720 4641/2137/720 4639/2135/719
f 4644/2136/721 4643/2139/721 4641/2137/720
f 4646/2138/722 4645/2141/722 4643/2139/721
f 4648/2140/723 4647/2143/1050 4645/2141/722
f 4650/2142/726 4649/2145/724 4647/2143/1050
f 4652/2144/725 4651/2147/725 4649/2145/724
f 4654/2146/727 4653/2149/727 4651/2147/725
f 4656/2148/728 4655/2151/728 4653/2149/727
f 4658/2150/729 4657/2153/729 4655/2151/728
f 4660/2152/730 4659/2155/730 4657/2153/729
f 4662/2154/731 4661/2157/731 4659/2155/730
f 4664/2156/732 4663/2158/732 4661/2157/731
f 4392/845/594 4391/115/594 4663/2158/732
f 4668/1124/729 4667/1126/729 4665/145/733
f 4670/1125/734 4669/1128/736 4667/1126/729
f 4672/1127/735 4671/1130/735 4669/1128/736
f 4674/1129/738 4673/1131/737 4671/1130/735
f 4666/845/733 4665/115/733 4673/1131/737
f 4678/1124/1051 4677/1126/739 4675/145/740
f 4680/1125/741 4679/1128/741 4677/1126/739
f 4682/1127/742 4681/1130/742 4679/1128/741
f 4684/1129/743 4683/1131/743 4681/1130/742
f 4676/845/740 4675/115/740 4683/1131/743
