# Blender 4.1.1
# www.blender.org
mtllib title4.mtl
o テキスト.003
v -0.594496 0.010000 0.212457
v -0.543942 0.010000 0.000000
v -0.046715 0.010000 0.000000
v -0.046715 0.010000 0.012799
v -0.059836 0.010000 0.024535
v -0.072961 0.010000 0.036494
v -0.086091 0.010000 0.048675
v -0.099225 0.010000 0.061078
v -0.112364 0.010000 0.073703
v -0.125507 0.010000 0.086551
v -0.138654 0.010000 0.099620
v -0.151806 0.010000 0.112912
v -0.164962 0.010000 0.126426
v -0.178123 0.010000 0.140163
v -0.191288 0.010000 0.154121
v -0.204458 0.010000 0.168302
v -0.217472 0.010000 0.182532
v -0.230171 0.010000 0.196637
v -0.242554 0.010000 0.210618
v -0.254622 0.010000 0.224474
v -0.266374 0.010000 0.238206
v -0.277810 0.010000 0.251813
v -0.288931 0.010000 0.265296
v -0.299737 0.010000 0.278655
v -0.310227 0.010000 0.291889
v -0.320401 0.010000 0.304999
v -0.330260 0.010000 0.317984
v -0.339804 0.010000 0.330845
v -0.352720 0.010000 0.348558
v -0.365019 0.010000 0.365863
v -0.376700 0.010000 0.382759
v -0.387763 0.010000 0.399246
v -0.398209 0.010000 0.415325
v -0.408036 0.010000 0.430994
v -0.417247 0.010000 0.446255
v -0.425839 0.010000 0.461106
v -0.433814 0.010000 0.475549
v -0.441171 0.010000 0.489583
v -0.447910 0.010000 0.503209
v -0.454032 0.010000 0.516425
v -0.459602 0.010000 0.529366
v -0.464688 0.010000 0.542164
v -0.469290 0.010000 0.554821
v -0.473407 0.010000 0.567335
v -0.477040 0.010000 0.579707
v -0.480189 0.010000 0.591937
v -0.482853 0.010000 0.604024
v -0.485033 0.010000 0.615970
v -0.486728 0.010000 0.627773
v -0.487939 0.010000 0.639434
v -0.488666 0.010000 0.650953
v -0.488908 0.010000 0.662329
v -0.488499 0.010000 0.677385
v -0.487272 0.010000 0.692051
v -0.485228 0.010000 0.706325
v -0.482366 0.010000 0.720208
v -0.478687 0.010000 0.733699
v -0.474189 0.010000 0.746800
v -0.468874 0.010000 0.759510
v -0.462742 0.010000 0.771829
v -0.455791 0.010000 0.783756
v -0.448023 0.010000 0.795293
v -0.439437 0.010000 0.806438
v -0.430034 0.010000 0.817193
v -0.421688 0.010000 0.825574
v -0.413076 0.010000 0.833227
v -0.404197 0.010000 0.840150
v -0.395051 0.010000 0.846345
v -0.385639 0.010000 0.851811
v -0.375960 0.010000 0.856548
v -0.366014 0.010000 0.860557
v -0.355802 0.010000 0.863837
v -0.345323 0.010000 0.866387
v -0.334578 0.010000 0.868209
v -0.323565 0.010000 0.869303
v -0.312287 0.010000 0.869667
v -0.302470 0.010000 0.869409
v -0.292858 0.010000 0.868636
v -0.283450 0.010000 0.867347
v -0.274246 0.010000 0.865543
v -0.265247 0.010000 0.863223
v -0.256453 0.010000 0.860388
v -0.247862 0.010000 0.857037
v -0.239477 0.010000 0.853171
v -0.231295 0.010000 0.848789
v -0.223318 0.010000 0.843892
v -0.215546 0.010000 0.838479
v -0.207978 0.010000 0.832551
v -0.202956 0.010000 0.828400
v -0.198130 0.010000 0.824054
v -0.193499 0.010000 0.819512
v -0.189064 0.010000 0.814775
v -0.184825 0.010000 0.809842
v -0.180781 0.010000 0.804714
v -0.176932 0.010000 0.799390
v -0.173279 0.010000 0.793871
v -0.169822 0.010000 0.788156
v -0.166560 0.010000 0.782245
v -0.163494 0.010000 0.776139
v -0.160623 0.010000 0.769838
v -0.157965 0.010000 0.763390
v -0.155539 0.010000 0.756844
v -0.153344 0.010000 0.750200
v -0.151379 0.010000 0.743458
v -0.149646 0.010000 0.736619
v -0.148144 0.010000 0.729682
v -0.146873 0.010000 0.722647
v -0.145833 0.010000 0.715515
v -0.145024 0.010000 0.708284
v -0.144447 0.010000 0.700956
v -0.144100 0.010000 0.693530
v -0.143985 0.010000 0.686007
v -0.144331 0.010000 0.673813
v -0.145371 0.010000 0.661974
v -0.147104 0.010000 0.650491
v -0.149531 0.010000 0.639363
v -0.152650 0.010000 0.628591
v -0.156463 0.010000 0.618174
v -0.160969 0.010000 0.608113
v -0.166169 0.010000 0.598407
v -0.172062 0.010000 0.589057
v -0.178648 0.010000 0.580063
v -0.185927 0.010000 0.571423
v -0.193899 0.010000 0.563140
v -0.197559 0.010000 0.559582
v -0.201285 0.010000 0.556163
v -0.205078 0.010000 0.552881
v -0.208938 0.010000 0.549737
v -0.212864 0.010000 0.546731
v -0.216857 0.010000 0.543862
v -0.220916 0.010000 0.541131
v -0.225043 0.010000 0.538538
v -0.229236 0.010000 0.536083
v -0.233495 0.010000 0.533765
v -0.237821 0.010000 0.531586
v -0.242214 0.010000 0.529543
v -0.246638 0.010000 0.527653
v -0.251058 0.010000 0.525926
v -0.255473 0.010000 0.524364
v -0.259883 0.010000 0.522966
v -0.264290 0.010000 0.521733
v -0.268691 0.010000 0.520664
v -0.273089 0.010000 0.519760
v -0.277481 0.010000 0.519020
v -0.281870 0.010000 0.518445
v -0.286254 0.010000 0.518034
v -0.290633 0.010000 0.517787
v -0.295009 0.010000 0.517705
v -0.295897 0.010000 0.517709
v -0.296857 0.010000 0.517723
v -0.297888 0.010000 0.517745
v -0.298990 0.010000 0.517776
v -0.300164 0.010000 0.517816
v -0.301408 0.010000 0.517865
v -0.302723 0.010000 0.517923
v -0.304110 0.010000 0.517989
v -0.305567 0.010000 0.518065
v -0.307096 0.010000 0.518149
v -0.308696 0.010000 0.518243
v -0.310367 0.010000 0.518345
v -0.314206 0.010000 0.507466
v -0.306505 0.010000 0.503582
v -0.298973 0.010000 0.500036
v -0.291609 0.010000 0.496827
v -0.284414 0.010000 0.493956
v -0.277388 0.010000 0.491423
v -0.270531 0.010000 0.489228
v -0.263843 0.010000 0.487370
v -0.257324 0.010000 0.485850
v -0.250973 0.010000 0.484668
v -0.244792 0.010000 0.483824
v -0.238779 0.010000 0.483317
v -0.232935 0.010000 0.483148
v -0.223949 0.010000 0.483428
v -0.215124 0.010000 0.484268
v -0.206458 0.010000 0.485668
v -0.197952 0.010000 0.487628
v -0.189606 0.010000 0.490148
v -0.181421 0.010000 0.493227
v -0.173395 0.010000 0.496867
v -0.165529 0.010000 0.501067
v -0.157823 0.010000 0.505826
v -0.150277 0.010000 0.511145
v -0.142891 0.010000 0.517025
v -0.135666 0.010000 0.523464
v -0.131377 0.010000 0.527597
v -0.127258 0.010000 0.531890
v -0.123307 0.010000 0.536343
v -0.119525 0.010000 0.540956
v -0.115912 0.010000 0.545729
v -0.112468 0.010000 0.550661
v -0.109193 0.010000 0.555754
v -0.106086 0.010000 0.561007
v -0.103149 0.010000 0.566420
v -0.100380 0.010000 0.571992
v -0.097781 0.010000 0.577725
v -0.095350 0.010000 0.583618
v -0.093101 0.010000 0.589626
v -0.091048 0.010000 0.595705
v -0.089190 0.010000 0.601856
v -0.087528 0.010000 0.608077
v -0.086062 0.010000 0.614370
v -0.084791 0.010000 0.620734
v -0.083716 0.010000 0.627169
v -0.082836 0.010000 0.633675
v -0.082151 0.010000 0.640252
v -0.081662 0.010000 0.646900
v -0.081369 0.010000 0.653619
v -0.081271 0.010000 0.660409
v -0.081760 0.010000 0.676483
v -0.083227 0.010000 0.692068
v -0.085671 0.010000 0.707164
v -0.089093 0.010000 0.721772
v -0.093492 0.010000 0.735890
v -0.098869 0.010000 0.749520
v -0.105224 0.010000 0.762661
v -0.112557 0.010000 0.775313
v -0.120867 0.010000 0.787476
v -0.130155 0.010000 0.799150
v -0.140421 0.010000 0.810336
v -0.151664 0.010000 0.821032
v -0.164085 0.010000 0.831253
v -0.177030 0.010000 0.840586
v -0.190500 0.010000 0.849029
v -0.204494 0.010000 0.856584
v -0.219012 0.010000 0.863250
v -0.234055 0.010000 0.869027
v -0.249622 0.010000 0.873916
v -0.265714 0.010000 0.877915
v -0.282330 0.010000 0.881026
v -0.299470 0.010000 0.883248
v -0.317135 0.010000 0.884581
v -0.335324 0.010000 0.885025
v -0.345290 0.010000 0.884885
v -0.355135 0.010000 0.884465
v -0.364861 0.010000 0.883766
v -0.374467 0.010000 0.882786
v -0.383952 0.010000 0.881526
v -0.393318 0.010000 0.879986
v -0.402564 0.010000 0.878166
v -0.411689 0.010000 0.876066
v -0.420695 0.010000 0.873687
v -0.429581 0.010000 0.871027
v -0.438347 0.010000 0.868087
v -0.446992 0.010000 0.864868
v -0.455460 0.010000 0.861386
v -0.463693 0.010000 0.857660
v -0.471690 0.010000 0.853689
v -0.479451 0.010000 0.849474
v -0.486977 0.010000 0.845014
v -0.494267 0.010000 0.840310
v -0.501322 0.010000 0.835362
v -0.508141 0.010000 0.830169
v -0.514725 0.010000 0.824732
v -0.521073 0.010000 0.819050
v -0.527186 0.010000 0.813124
v -0.533063 0.010000 0.806954
v -0.538187 0.010000 0.801328
v -0.543106 0.010000 0.795542
v -0.547821 0.010000 0.789596
v -0.552332 0.010000 0.783490
v -0.556638 0.010000 0.777224
v -0.560740 0.010000 0.770798
v -0.564637 0.010000 0.764212
v -0.568330 0.010000 0.757466
v -0.571819 0.010000 0.750560
v -0.575103 0.010000 0.743494
v -0.578183 0.010000 0.736268
v -0.581058 0.010000 0.728882
v -0.583715 0.010000 0.721390
v -0.586142 0.010000 0.713844
v -0.588337 0.010000 0.706245
v -0.590301 0.010000 0.698592
v -0.592035 0.010000 0.690886
v -0.593537 0.010000 0.683127
v -0.594808 0.010000 0.675314
v -0.595847 0.010000 0.667449
v -0.596656 0.010000 0.659530
v -0.597234 0.010000 0.651557
v -0.597581 0.010000 0.643531
v -0.597696 0.010000 0.635452
v -0.597230 0.010000 0.619423
v -0.595830 0.010000 0.603331
v -0.593497 0.010000 0.587177
v -0.590230 0.010000 0.570961
v -0.586031 0.010000 0.554683
v -0.580898 0.010000 0.538342
v -0.574832 0.010000 0.521940
v -0.567833 0.010000 0.505475
v -0.559900 0.010000 0.488948
v -0.551034 0.010000 0.472358
v -0.541235 0.010000 0.455707
v -0.530503 0.010000 0.438993
v -0.524971 0.010000 0.431001
v -0.519251 0.010000 0.423021
v -0.513345 0.010000 0.415056
v -0.507253 0.010000 0.407103
v -0.500973 0.010000 0.399164
v -0.494507 0.010000 0.391238
v -0.487855 0.010000 0.383326
v -0.481015 0.010000 0.375427
v -0.473989 0.010000 0.367541
v -0.466777 0.010000 0.359668
v -0.459378 0.010000 0.351809
v -0.451792 0.010000 0.343963
v -0.443864 0.010000 0.335975
v -0.435438 0.010000 0.327689
v -0.426514 0.010000 0.319106
v -0.417093 0.010000 0.310225
v -0.407174 0.010000 0.301046
v -0.396758 0.010000 0.291569
v -0.385843 0.010000 0.281794
v -0.374431 0.010000 0.271722
v -0.362521 0.010000 0.261352
v -0.350114 0.010000 0.250684
v -0.337208 0.010000 0.239719
v -0.323805 0.010000 0.228456
v -0.306727 0.010000 0.214368
v -0.290476 0.010000 0.200903
v -0.275051 0.010000 0.188060
v -0.260452 0.010000 0.175839
v -0.246680 0.010000 0.164240
v -0.233735 0.010000 0.153264
v -0.221616 0.010000 0.142909
v -0.210324 0.010000 0.133177
v -0.199859 0.010000 0.124067
v -0.190220 0.010000 0.115579
v -0.181407 0.010000 0.107713
v -0.173421 0.010000 0.100469
v -0.404437 0.010000 0.100469
v -0.413907 0.010000 0.100518
v -0.422906 0.010000 0.100665
v -0.431434 0.010000 0.100909
v -0.439491 0.010000 0.101251
v -0.447077 0.010000 0.101691
v -0.454192 0.010000 0.102229
v -0.460835 0.010000 0.102865
v -0.467008 0.010000 0.103598
v -0.472710 0.010000 0.104429
v -0.477940 0.010000 0.105358
v -0.482700 0.010000 0.106384
v -0.486988 0.010000 0.107509
v -0.492352 0.010000 0.109104
v -0.497565 0.010000 0.110904
v -0.502626 0.010000 0.112908
v -0.507537 0.010000 0.115117
v -0.512296 0.010000 0.117530
v -0.516905 0.010000 0.120147
v -0.521362 0.010000 0.122969
v -0.525668 0.010000 0.125995
v -0.529823 0.010000 0.129226
v -0.533827 0.010000 0.132661
v -0.537680 0.010000 0.136301
v -0.541382 0.010000 0.140145
v -0.545368 0.010000 0.144673
v -0.549221 0.010000 0.149513
v -0.552941 0.010000 0.154663
v -0.556527 0.010000 0.160125
v -0.559980 0.010000 0.165898
v -0.563300 0.010000 0.171982
v -0.566486 0.010000 0.178377
v -0.569539 0.010000 0.185082
v -0.572459 0.010000 0.192099
v -0.575245 0.010000 0.199428
v -0.577898 0.010000 0.207067
v -0.580418 0.010000 0.215017
v -0.594496 -0.010000 0.212457
v -0.543942 -0.010000 0.000000
v -0.046715 -0.010000 0.000000
v -0.046715 -0.010000 0.012799
v -0.059836 -0.010000 0.024535
v -0.072961 -0.010000 0.036494
v -0.086091 -0.010000 0.048675
v -0.099225 -0.010000 0.061078
v -0.112364 -0.010000 0.073703
v -0.125507 -0.010000 0.086551
v -0.138654 -0.010000 0.099620
v -0.151806 -0.010000 0.112912
v -0.164962 -0.010000 0.126426
v -0.178123 -0.010000 0.140163
v -0.191288 -0.010000 0.154121
v -0.204458 -0.010000 0.168302
v -0.217472 -0.010000 0.182532
v -0.230171 -0.010000 0.196637
v -0.242554 -0.010000 0.210618
v -0.254622 -0.010000 0.224474
v -0.266374 -0.010000 0.238206
v -0.277810 -0.010000 0.251813
v -0.288931 -0.010000 0.265296
v -0.299737 -0.010000 0.278655
v -0.310227 -0.010000 0.291889
v -0.320401 -0.010000 0.304999
v -0.330260 -0.010000 0.317984
v -0.339804 -0.010000 0.330845
v -0.352720 -0.010000 0.348558
v -0.365019 -0.010000 0.365863
v -0.376700 -0.010000 0.382759
v -0.387763 -0.010000 0.399246
v -0.398209 -0.010000 0.415325
v -0.408036 -0.010000 0.430994
v -0.417247 -0.010000 0.446255
v -0.425839 -0.010000 0.461106
v -0.433814 -0.010000 0.475549
v -0.441171 -0.010000 0.489583
v -0.447910 -0.010000 0.503209
v -0.454032 -0.010000 0.516425
v -0.459602 -0.010000 0.529366
v -0.464688 -0.010000 0.542164
v -0.469290 -0.010000 0.554821
v -0.473407 -0.010000 0.567335
v -0.477040 -0.010000 0.579707
v -0.480189 -0.010000 0.591937
v -0.482853 -0.010000 0.604024
v -0.485033 -0.010000 0.615970
v -0.486728 -0.010000 0.627773
v -0.487939 -0.010000 0.639434
v -0.488666 -0.010000 0.650953
v -0.488908 -0.010000 0.662329
v -0.488499 -0.010000 0.677385
v -0.487272 -0.010000 0.692051
v -0.485228 -0.010000 0.706325
v -0.482366 -0.010000 0.720208
v -0.478687 -0.010000 0.733699
v -0.474189 -0.010000 0.746800
v -0.468874 -0.010000 0.759510
v -0.462742 -0.010000 0.771829
v -0.455791 -0.010000 0.783756
v -0.448023 -0.010000 0.795293
v -0.439437 -0.010000 0.806438
v -0.430034 -0.010000 0.817193
v -0.421688 -0.010000 0.825574
v -0.413076 -0.010000 0.833227
v -0.404197 -0.010000 0.840150
v -0.395051 -0.010000 0.846345
v -0.385639 -0.010000 0.851811
v -0.375960 -0.010000 0.856548
v -0.366014 -0.010000 0.860557
v -0.355802 -0.010000 0.863837
v -0.345323 -0.010000 0.866387
v -0.334578 -0.010000 0.868209
v -0.323565 -0.010000 0.869303
v -0.312287 -0.010000 0.869667
v -0.302470 -0.010000 0.869409
v -0.292858 -0.010000 0.868636
v -0.283450 -0.010000 0.867347
v -0.274246 -0.010000 0.865543
v -0.265247 -0.010000 0.863223
v -0.256453 -0.010000 0.860388
v -0.247862 -0.010000 0.857037
v -0.239477 -0.010000 0.853171
v -0.231295 -0.010000 0.848789
v -0.223318 -0.010000 0.843892
v -0.215546 -0.010000 0.838479
v -0.207978 -0.010000 0.832551
v -0.202956 -0.010000 0.828400
v -0.198130 -0.010000 0.824054
v -0.193499 -0.010000 0.819512
v -0.189064 -0.010000 0.814775
v -0.184825 -0.010000 0.809842
v -0.180781 -0.010000 0.804714
v -0.176932 -0.010000 0.799390
v -0.173279 -0.010000 0.793871
v -0.169822 -0.010000 0.788156
v -0.166560 -0.010000 0.782245
v -0.163494 -0.010000 0.776139
v -0.160623 -0.010000 0.769838
v -0.157965 -0.010000 0.763390
v -0.155539 -0.010000 0.756844
v -0.153344 -0.010000 0.750200
v -0.151379 -0.010000 0.743458
v -0.149646 -0.010000 0.736619
v -0.148144 -0.010000 0.729682
v -0.146873 -0.010000 0.722647
v -0.145833 -0.010000 0.715515
v -0.145024 -0.010000 0.708284
v -0.144447 -0.010000 0.700956
v -0.144100 -0.010000 0.693530
v -0.143985 -0.010000 0.686007
v -0.144331 -0.010000 0.673813
v -0.145371 -0.010000 0.661974
v -0.147104 -0.010000 0.650491
v -0.149531 -0.010000 0.639363
v -0.152650 -0.010000 0.628591
v -0.156463 -0.010000 0.618174
v -0.160969 -0.010000 0.608113
v -0.166169 -0.010000 0.598407
v -0.172062 -0.010000 0.589057
v -0.178648 -0.010000 0.580063
v -0.185927 -0.010000 0.571423
v -0.193899 -0.010000 0.563140
v -0.197559 -0.010000 0.559582
v -0.201285 -0.010000 0.556163
v -0.205078 -0.010000 0.552881
v -0.208938 -0.010000 0.549737
v -0.212864 -0.010000 0.546731
v -0.216857 -0.010000 0.543862
v -0.220916 -0.010000 0.541131
v -0.225043 -0.010000 0.538538
v -0.229236 -0.010000 0.536083
v -0.233495 -0.010000 0.533765
v -0.237821 -0.010000 0.531586
v -0.242214 -0.010000 0.529543
v -0.246638 -0.010000 0.527653
v -0.251058 -0.010000 0.525926
v -0.255473 -0.010000 0.524364
v -0.259883 -0.010000 0.522966
v -0.264290 -0.010000 0.521733
v -0.268691 -0.010000 0.520664
v -0.273089 -0.010000 0.519760
v -0.277481 -0.010000 0.519020
v -0.281870 -0.010000 0.518445
v -0.286254 -0.010000 0.518034
v -0.290633 -0.010000 0.517787
v -0.295009 -0.010000 0.517705
v -0.295897 -0.010000 0.517709
v -0.296857 -0.010000 0.517723
v -0.297888 -0.010000 0.517745
v -0.298990 -0.010000 0.517776
v -0.300164 -0.010000 0.517816
v -0.301408 -0.010000 0.517865
v -0.302723 -0.010000 0.517923
v -0.304110 -0.010000 0.517989
v -0.305567 -0.010000 0.518065
v -0.307096 -0.010000 0.518149
v -0.308696 -0.010000 0.518243
v -0.310367 -0.010000 0.518345
v -0.314206 -0.010000 0.507466
v -0.306505 -0.010000 0.503582
v -0.298973 -0.010000 0.500036
v -0.291609 -0.010000 0.496827
v -0.284414 -0.010000 0.493956
v -0.277388 -0.010000 0.491423
v -0.270531 -0.010000 0.489228
v -0.263843 -0.010000 0.487370
v -0.257324 -0.010000 0.485850
v -0.250973 -0.010000 0.484668
v -0.244792 -0.010000 0.483824
v -0.238779 -0.010000 0.483317
v -0.232935 -0.010000 0.483148
v -0.223949 -0.010000 0.483428
v -0.215124 -0.010000 0.484268
v -0.206458 -0.010000 0.485668
v -0.197952 -0.010000 0.487628
v -0.189606 -0.010000 0.490148
v -0.181421 -0.010000 0.493227
v -0.173395 -0.010000 0.496867
v -0.165529 -0.010000 0.501067
v -0.157823 -0.010000 0.505826
v -0.150277 -0.010000 0.511145
v -0.142891 -0.010000 0.517025
v -0.135666 -0.010000 0.523464
v -0.131377 -0.010000 0.527597
v -0.127258 -0.010000 0.531890
v -0.123307 -0.010000 0.536343
v -0.119525 -0.010000 0.540956
v -0.115912 -0.010000 0.545729
v -0.112468 -0.010000 0.550661
v -0.109193 -0.010000 0.555754
v -0.106086 -0.010000 0.561007
v -0.103149 -0.010000 0.566420
v -0.100380 -0.010000 0.571992
v -0.097781 -0.010000 0.577725
v -0.095350 -0.010000 0.583618
v -0.093101 -0.010000 0.589626
v -0.091048 -0.010000 0.595705
v -0.089190 -0.010000 0.601856
v -0.087528 -0.010000 0.608077
v -0.086062 -0.010000 0.614370
v -0.084791 -0.010000 0.620734
v -0.083716 -0.010000 0.627169
v -0.082836 -0.010000 0.633675
v -0.082151 -0.010000 0.640252
v -0.081662 -0.010000 0.646900
v -0.081369 -0.010000 0.653619
v -0.081271 -0.010000 0.660409
v -0.081760 -0.010000 0.676483
v -0.083227 -0.010000 0.692068
v -0.085671 -0.010000 0.707164
v -0.089093 -0.010000 0.721772
v -0.093492 -0.010000 0.735890
v -0.098869 -0.010000 0.749520
v -0.105224 -0.010000 0.762661
v -0.112557 -0.010000 0.775313
v -0.120867 -0.010000 0.787476
v -0.130155 -0.010000 0.799150
v -0.140421 -0.010000 0.810336
v -0.151664 -0.010000 0.821032
v -0.164085 -0.010000 0.831253
v -0.177030 -0.010000 0.840586
v -0.190500 -0.010000 0.849029
v -0.204494 -0.010000 0.856584
v -0.219012 -0.010000 0.863250
v -0.234055 -0.010000 0.869027
v -0.249622 -0.010000 0.873916
v -0.265714 -0.010000 0.877915
v -0.282330 -0.010000 0.881026
v -0.299470 -0.010000 0.883248
v -0.317135 -0.010000 0.884581
v -0.335324 -0.010000 0.885025
v -0.345290 -0.010000 0.884885
v -0.355135 -0.010000 0.884465
v -0.364861 -0.010000 0.883766
v -0.374467 -0.010000 0.882786
v -0.383952 -0.010000 0.881526
v -0.393318 -0.010000 0.879986
v -0.402564 -0.010000 0.878166
v -0.411689 -0.010000 0.876066
v -0.420695 -0.010000 0.873687
v -0.429581 -0.010000 0.871027
v -0.438347 -0.010000 0.868087
v -0.446992 -0.010000 0.864868
v -0.455460 -0.010000 0.861386
v -0.463693 -0.010000 0.857660
v -0.471690 -0.010000 0.853689
v -0.479451 -0.010000 0.849474
v -0.486977 -0.010000 0.845014
v -0.494267 -0.010000 0.840310
v -0.501322 -0.010000 0.835362
v -0.508141 -0.010000 0.830169
v -0.514725 -0.010000 0.824732
v -0.521073 -0.010000 0.819050
v -0.527186 -0.010000 0.813124
v -0.533063 -0.010000 0.806954
v -0.538187 -0.010000 0.801328
v -0.543106 -0.010000 0.795542
v -0.547821 -0.010000 0.789596
v -0.552332 -0.010000 0.783490
v -0.556638 -0.010000 0.777224
v -0.560740 -0.010000 0.770798
v -0.564637 -0.010000 0.764212
v -0.568330 -0.010000 0.757466
v -0.571819 -0.010000 0.750560
v -0.575103 -0.010000 0.743494
v -0.578183 -0.010000 0.736268
v -0.581058 -0.010000 0.728882
v -0.583715 -0.010000 0.721390
v -0.586142 -0.010000 0.713844
v -0.588337 -0.010000 0.706245
v -0.590301 -0.010000 0.698592
v -0.592035 -0.010000 0.690886
v -0.593537 -0.010000 0.683127
v -0.594808 -0.010000 0.675314
v -0.595847 -0.010000 0.667449
v -0.596656 -0.010000 0.659530
v -0.597234 -0.010000 0.651557
v -0.597581 -0.010000 0.643531
v -0.597696 -0.010000 0.635452
v -0.597230 -0.010000 0.619423
v -0.595830 -0.010000 0.603331
v -0.593497 -0.010000 0.587177
v -0.590230 -0.010000 0.570961
v -0.586031 -0.010000 0.554683
v -0.580898 -0.010000 0.538342
v -0.574832 -0.010000 0.521940
v -0.567833 -0.010000 0.505475
v -0.559900 -0.010000 0.488948
v -0.551034 -0.010000 0.472358
v -0.541235 -0.010000 0.455707
v -0.530503 -0.010000 0.438993
v -0.524971 -0.010000 0.431001
v -0.519251 -0.010000 0.423021
v -0.513345 -0.010000 0.415056
v -0.507253 -0.010000 0.407103
v -0.500973 -0.010000 0.399164
v -0.494507 -0.010000 0.391238
v -0.487855 -0.010000 0.383326
v -0.481015 -0.010000 0.375427
v -0.473989 -0.010000 0.367541
v -0.466777 -0.010000 0.359668
v -0.459378 -0.010000 0.351809
v -0.451792 -0.010000 0.343963
v -0.443864 -0.010000 0.335975
v -0.435438 -0.010000 0.327689
v -0.426514 -0.010000 0.319106
v -0.417093 -0.010000 0.310225
v -0.407174 -0.010000 0.301046
v -0.396758 -0.010000 0.291569
v -0.385843 -0.010000 0.281794
v -0.374431 -0.010000 0.271722
v -0.362521 -0.010000 0.261352
v -0.350114 -0.010000 0.250684
v -0.337208 -0.010000 0.239719
v -0.323805 -0.010000 0.228456
v -0.306727 -0.010000 0.214368
v -0.290476 -0.010000 0.200903
v -0.275051 -0.010000 0.188060
v -0.260452 -0.010000 0.175839
v -0.246680 -0.010000 0.164240
v -0.233735 -0.010000 0.153264
v -0.221616 -0.010000 0.142909
v -0.210324 -0.010000 0.133177
v -0.199859 -0.010000 0.124067
v -0.190220 -0.010000 0.115579
v -0.181407 -0.010000 0.107713
v -0.173421 -0.010000 0.100469
v -0.404437 -0.010000 0.100469
v -0.413907 -0.010000 0.100518
v -0.422906 -0.010000 0.100665
v -0.431434 -0.010000 0.100909
v -0.439491 -0.010000 0.101251
v -0.447077 -0.010000 0.101691
v -0.454192 -0.010000 0.102229
v -0.460835 -0.010000 0.102865
v -0.467008 -0.010000 0.103598
v -0.472710 -0.010000 0.104429
v -0.477940 -0.010000 0.105358
v -0.482700 -0.010000 0.106384
v -0.486988 -0.010000 0.107509
v -0.492352 -0.010000 0.109104
v -0.497565 -0.010000 0.110904
v -0.502626 -0.010000 0.112908
v -0.507537 -0.010000 0.115117
v -0.512296 -0.010000 0.117530
v -0.516905 -0.010000 0.120147
v -0.521362 -0.010000 0.122969
v -0.525668 -0.010000 0.125995
v -0.529823 -0.010000 0.129226
v -0.533827 -0.010000 0.132661
v -0.537680 -0.010000 0.136301
v -0.541382 -0.010000 0.140145
v -0.545368 -0.010000 0.144673
v -0.549221 -0.010000 0.149513
v -0.552941 -0.010000 0.154663
v -0.556527 -0.010000 0.160125
v -0.559980 -0.010000 0.165898
v -0.563300 -0.010000 0.171982
v -0.566486 -0.010000 0.178377
v -0.569539 -0.010000 0.185082
v -0.572459 -0.010000 0.192099
v -0.575245 -0.010000 0.199428
v -0.577898 -0.010000 0.207067
v -0.580418 -0.010000 0.215017
v -0.594496 -0.010000 0.212457
v -0.597131 -0.007836 0.214178
v -0.599465 -0.005918 0.215703
v -0.601699 -0.004082 0.217163
v -0.604033 -0.002164 0.218687
v -0.606668 0.000000 0.220408
v -0.604033 0.002164 0.218687
v -0.601699 0.004082 0.217163
v -0.599465 0.005918 0.215703
v -0.597131 0.007836 0.214178
v -0.594496 0.010000 0.212457
v -0.543942 -0.010000 0.000000
v -0.545652 -0.007836 -0.002164
v -0.547167 -0.005918 -0.004082
v -0.548617 -0.004082 -0.005918
v -0.550132 -0.002164 -0.007836
v -0.551842 0.000000 -0.010000
v -0.550132 0.002164 -0.007836
v -0.548617 0.004082 -0.005918
v -0.547167 0.005918 -0.004082
v -0.545652 0.007836 -0.002164
v -0.543942 0.010000 0.000000
v -0.046715 -0.010000 0.000000
v -0.044551 -0.007836 -0.002164
v -0.042633 -0.005918 -0.004082
v -0.040797 -0.004082 -0.005918
v -0.038879 -0.002164 -0.007836
v -0.036715 0.000000 -0.010000
v -0.038879 0.002164 -0.007836
v -0.040797 0.004082 -0.005918
v -0.042633 0.005918 -0.004082
v -0.044551 0.007836 -0.002164
v -0.046715 0.010000 0.000000
v -0.046715 -0.010000 0.012799
v -0.044551 -0.007836 0.013767
v -0.042633 -0.005918 0.014624
v -0.040797 -0.004082 0.015445
v -0.038879 -0.002164 0.016303
v -0.036715 0.000000 0.017271
v -0.038879 0.002164 0.016303
v -0.040797 0.004082 0.015445
v -0.042633 0.005918 0.014624
v -0.044551 0.007836 0.013767
v -0.046715 0.010000 0.012799
v -0.059836 -0.010000 0.024535
v -0.058385 -0.007836 0.026142
v -0.057100 -0.005918 0.027565
v -0.055870 -0.004082 0.028928
v -0.054585 -0.002164 0.030351
v -0.053135 0.000000 0.031958
v -0.054585 0.002164 0.030351
v -0.055870 0.004082 0.028928
v -0.057100 0.005918 0.027565
v -0.058385 0.007836 0.026142
v -0.059836 0.010000 0.024535
v -0.072961 -0.010000 0.036494
v -0.071496 -0.007836 0.038087
v -0.070198 -0.005918 0.039499
v -0.068956 -0.004082 0.040850
v -0.067658 -0.002164 0.042262
v -0.066193 0.000000 0.043855
v -0.067658 0.002164 0.042262
v -0.068956 0.004082 0.040850
v -0.070198 0.005918 0.039499
v -0.071496 0.007836 0.038087
v -0.072961 0.010000 0.036494
v -0.086091 -0.010000 0.048675
v -0.084612 -0.007836 0.050255
v -0.083301 -0.005918 0.051655
v -0.082047 -0.004082 0.052995
v -0.080736 -0.002164 0.054395
v -0.079257 0.000000 0.055976
v -0.080736 0.002164 0.054395
v -0.082047 0.004082 0.052995
v -0.083301 0.005918 0.051655
v -0.084612 0.007836 0.050255
v -0.086091 0.010000 0.048675
v -0.099225 -0.010000 0.061078
v -0.097732 -0.007836 0.062645
v -0.096409 -0.005918 0.064034
v -0.095143 -0.004082 0.065363
v -0.093820 -0.002164 0.066751
v -0.092328 0.000000 0.068319
v -0.093820 0.002164 0.066751
v -0.095143 0.004082 0.065363
v -0.096409 0.005918 0.064034
v -0.097732 0.007836 0.062645
v -0.099225 0.010000 0.061078
v -0.112364 -0.010000 0.073703
v -0.110857 -0.007836 0.075257
v -0.109522 -0.005918 0.076635
v -0.108245 -0.004082 0.077953
v -0.106910 -0.002164 0.079330
v -0.105404 0.000000 0.080884
v -0.106910 0.002164 0.079330
v -0.108245 0.004082 0.077953
v -0.109522 0.005918 0.076635
v -0.110857 0.007836 0.075257
v -0.112364 0.010000 0.073703
v -0.125507 -0.010000 0.086551
v -0.123987 -0.007836 0.088092
v -0.122641 -0.005918 0.089458
v -0.121352 -0.004082 0.090765
v -0.120006 -0.002164 0.092131
v -0.118486 0.000000 0.093672
v -0.120006 0.002164 0.092131
v -0.121352 0.004082 0.090765
v -0.122641 0.005918 0.089458
v -0.123987 0.007836 0.088092
v -0.125507 0.010000 0.086551
v -0.138654 -0.010000 0.099620
v -0.137122 -0.007836 0.101149
v -0.135764 -0.005918 0.102504
v -0.134465 -0.004082 0.103800
v -0.133107 -0.002164 0.105155
v -0.131575 0.000000 0.106683
v -0.133107 0.002164 0.105155
v -0.134465 0.004082 0.103800
v -0.135764 0.005918 0.102504
v -0.137122 0.007836 0.101149
v -0.138654 0.010000 0.099620
v -0.151806 -0.010000 0.112912
v -0.150261 -0.007836 0.114428
v -0.148893 -0.005918 0.115772
v -0.147583 -0.004082 0.117058
v -0.146214 -0.002164 0.118401
v -0.144669 0.000000 0.119917
v -0.146214 0.002164 0.118401
v -0.147583 0.004082 0.117058
v -0.148893 0.005918 0.115772
v -0.150261 0.007836 0.114428
v -0.151806 0.010000 0.112912
v -0.164962 -0.010000 0.126426
v -0.163406 -0.007836 0.127930
v -0.162026 -0.005918 0.129262
v -0.160706 -0.004082 0.130538
v -0.159326 -0.002164 0.131870
v -0.157769 0.000000 0.133373
v -0.159326 0.002164 0.131870
v -0.160706 0.004082 0.130538
v -0.162026 0.005918 0.129262
v -0.163406 0.007836 0.127930
v -0.164962 0.010000 0.126426
v -0.178123 -0.010000 0.140163
v -0.176554 -0.007836 0.141654
v -0.175164 -0.005918 0.142975
v -0.173834 -0.004082 0.144240
v -0.172444 -0.002164 0.145561
v -0.170875 0.000000 0.147053
v -0.172444 0.002164 0.145561
v -0.173834 0.004082 0.144240
v -0.175164 0.005918 0.142975
v -0.176554 0.007836 0.141654
v -0.178123 0.010000 0.140163
v -0.191288 -0.010000 0.154121
v -0.189708 -0.007836 0.155600
v -0.188308 -0.005918 0.156911
v -0.186968 -0.004082 0.158165
v -0.185567 -0.002164 0.159476
v -0.183987 0.000000 0.160955
v -0.185567 0.002164 0.159476
v -0.186968 0.004082 0.158165
v -0.188308 0.005918 0.156911
v -0.189708 0.007836 0.155600
v -0.191288 0.010000 0.154121
v -0.204458 -0.010000 0.168302
v -0.202867 -0.007836 0.169769
v -0.201456 -0.005918 0.171069
v -0.200107 -0.004082 0.172313
v -0.198696 -0.002164 0.173612
v -0.197105 0.000000 0.175079
v -0.198696 0.002164 0.173612
v -0.200107 0.004082 0.172313
v -0.201456 0.005918 0.171069
v -0.202867 0.007836 0.169769
v -0.204458 0.010000 0.168302
v -0.217472 -0.010000 0.182532
v -0.215869 -0.007836 0.183986
v -0.214449 -0.005918 0.185275
v -0.213090 -0.004082 0.186508
v -0.211670 -0.002164 0.187797
v -0.210067 0.000000 0.189252
v -0.211670 0.002164 0.187797
v -0.213090 0.004082 0.186508
v -0.214449 0.005918 0.185275
v -0.215869 0.007836 0.183986
v -0.217472 0.010000 0.182532
v -0.230171 -0.010000 0.196637
v -0.228557 -0.007836 0.198078
v -0.227126 -0.005918 0.199356
v -0.225757 -0.004082 0.200578
v -0.224326 -0.002164 0.201856
v -0.222712 0.000000 0.203297
v -0.224326 0.002164 0.201856
v -0.225757 0.004082 0.200578
v -0.227126 0.005918 0.199356
v -0.228557 0.007836 0.198078
v -0.230171 0.010000 0.196637
v -0.242554 -0.010000 0.210618
v -0.240928 -0.007836 0.212046
v -0.239487 -0.005918 0.213311
v -0.238108 -0.004082 0.214523
v -0.236667 -0.002164 0.215788
v -0.235041 0.000000 0.217217
v -0.236667 0.002164 0.215788
v -0.238108 0.004082 0.214523
v -0.239487 0.005918 0.213311
v -0.240928 0.007836 0.212046
v -0.242554 0.010000 0.210618
v -0.254622 -0.010000 0.224474
v -0.252983 -0.007836 0.225888
v -0.251532 -0.005918 0.227141
v -0.250142 -0.004082 0.228341
v -0.248691 -0.002164 0.229594
v -0.247052 0.000000 0.231009
v -0.248691 0.002164 0.229594
v -0.250142 0.004082 0.228341
v -0.251532 0.005918 0.227141
v -0.252983 0.007836 0.225888
v -0.254622 0.010000 0.224474
v -0.266374 -0.010000 0.238206
v -0.264723 -0.007836 0.239606
v -0.263260 -0.005918 0.240846
v -0.261860 -0.004082 0.242033
v -0.260398 -0.002164 0.243274
v -0.258747 0.000000 0.244674
v -0.260398 0.002164 0.243274
v -0.261860 0.004082 0.242033
v -0.263260 0.005918 0.240846
v -0.264723 0.007836 0.239606
v -0.266374 0.010000 0.238206
v -0.277810 -0.010000 0.251813
v -0.276147 -0.007836 0.253198
v -0.274673 -0.005918 0.254425
v -0.273262 -0.004082 0.255600
v -0.271789 -0.002164 0.256827
v -0.270125 0.000000 0.258212
v -0.271789 0.002164 0.256827
v -0.273262 0.004082 0.255600
v -0.274673 0.005918 0.254425
v -0.276147 0.007836 0.253198
v -0.277810 0.010000 0.251813
v -0.288931 -0.010000 0.265296
v -0.287255 -0.007836 0.266665
v -0.285770 -0.005918 0.267879
v -0.284348 -0.004082 0.269040
v -0.282863 -0.002164 0.270253
v -0.281187 0.000000 0.271622
v -0.282863 0.002164 0.270253
v -0.284348 0.004082 0.269040
v -0.285770 0.005918 0.267879
v -0.287255 0.007836 0.266665
v -0.288931 0.010000 0.265296
v -0.299737 -0.010000 0.278655
v -0.298047 -0.007836 0.280008
v -0.296550 -0.005918 0.281206
v -0.295117 -0.004082 0.282354
v -0.293620 -0.002164 0.283552
v -0.291931 0.000000 0.284905
v -0.293620 0.002164 0.283552
v -0.295117 0.004082 0.282354
v -0.296550 0.005918 0.281206
v -0.298047 0.007836 0.280008
v -0.299737 0.010000 0.278655
v -0.310227 -0.010000 0.291889
v -0.308524 -0.007836 0.293225
v -0.307015 -0.005918 0.294408
v -0.305570 -0.004082 0.295541
v -0.304061 -0.002164 0.296725
v -0.302358 0.000000 0.298060
v -0.304061 0.002164 0.296725
v -0.305570 0.004082 0.295541
v -0.307015 0.005918 0.294408
v -0.308524 0.007836 0.293225
v -0.310227 0.010000 0.291889
v -0.320401 -0.010000 0.304999
v -0.318684 -0.007836 0.306316
v -0.317163 -0.005918 0.307484
v -0.315707 -0.004082 0.308602
v -0.314186 -0.002164 0.309770
v -0.312469 0.000000 0.311088
v -0.314186 0.002164 0.309770
v -0.315707 0.004082 0.308602
v -0.317163 0.005918 0.307484
v -0.318684 0.007836 0.306316
v -0.320401 0.010000 0.304999
v -0.330260 -0.010000 0.317984
v -0.328529 -0.007836 0.319283
v -0.326995 -0.005918 0.320434
v -0.325527 -0.004082 0.321536
v -0.323994 -0.002164 0.322688
v -0.322263 0.000000 0.323987
v -0.323994 0.002164 0.322688
v -0.325527 0.004082 0.321536
v -0.326995 0.005918 0.320434
v -0.328529 0.007836 0.319283
v -0.330260 0.010000 0.317984
v -0.339804 -0.010000 0.330845
v -0.338060 -0.007836 0.332127
v -0.336515 -0.005918 0.333264
v -0.335037 -0.004082 0.334351
v -0.333492 -0.002164 0.335488
v -0.331748 0.000000 0.336770
v -0.333492 0.002164 0.335488
v -0.335037 0.004082 0.334351
v -0.336515 0.005918 0.333264
v -0.338060 0.007836 0.332127
v -0.339804 0.010000 0.330845
v -0.352720 -0.010000 0.348558
v -0.350964 -0.007836 0.349823
v -0.349407 -0.005918 0.350943
v -0.347917 -0.004082 0.352016
v -0.346361 -0.002164 0.353136
v -0.344604 0.000000 0.354401
v -0.346361 0.002164 0.353136
v -0.347917 0.004082 0.352016
v -0.349407 0.005918 0.350943
v -0.350964 0.007836 0.349823
v -0.352720 0.010000 0.348558
v -0.365019 -0.010000 0.365863
v -0.363246 -0.007836 0.367106
v -0.361676 -0.005918 0.368206
v -0.360173 -0.004082 0.369260
v -0.358602 -0.002164 0.370361
v -0.356830 0.000000 0.371603
v -0.358602 0.002164 0.370361
v -0.360173 0.004082 0.369260
v -0.361676 0.005918 0.368206
v -0.363246 0.007836 0.367106
v -0.365019 0.010000 0.365863
v -0.376700 -0.010000 0.382759
v -0.374911 -0.007836 0.383978
v -0.373326 -0.005918 0.385057
v -0.371809 -0.004082 0.386091
v -0.370224 -0.002164 0.387170
v -0.368435 0.000000 0.388389
v -0.370224 0.002164 0.387170
v -0.371809 0.004082 0.386091
v -0.373326 0.005918 0.385057
v -0.374911 0.007836 0.383978
v -0.376700 0.010000 0.382759
v -0.387763 -0.010000 0.399246
v -0.385957 -0.007836 0.400439
v -0.384356 -0.005918 0.401496
v -0.382824 -0.004082 0.402507
v -0.381224 -0.002164 0.403564
v -0.379418 0.000000 0.404757
v -0.381224 0.002164 0.403564
v -0.382824 0.004082 0.402507
v -0.384356 0.005918 0.401496
v -0.385957 0.007836 0.400439
v -0.387763 0.010000 0.399246
v -0.398209 -0.010000 0.415325
v -0.396384 -0.007836 0.416489
v -0.394768 -0.005918 0.417521
v -0.393220 -0.004082 0.418509
v -0.391604 -0.002164 0.419541
v -0.389779 0.000000 0.420706
v -0.391604 0.002164 0.419541
v -0.393220 0.004082 0.418509
v -0.394768 0.005918 0.417521
v -0.396384 0.007836 0.416489
v -0.398209 0.010000 0.415325
v -0.408036 -0.010000 0.430994
v -0.406193 -0.007836 0.432128
v -0.404560 -0.005918 0.433133
v -0.402996 -0.004082 0.434095
v -0.401363 -0.002164 0.435100
v -0.399519 0.000000 0.436235
v -0.401363 0.002164 0.435100
v -0.402996 0.004082 0.434095
v -0.404560 0.005918 0.433133
v -0.406193 0.007836 0.432128
v -0.408036 0.010000 0.430994
v -0.417247 -0.010000 0.446255
v -0.415383 -0.007836 0.447356
v -0.413732 -0.005918 0.448332
v -0.412152 -0.004082 0.449265
v -0.410501 -0.002164 0.450241
v -0.408637 0.000000 0.451342
v -0.410501 0.002164 0.450241
v -0.412152 0.004082 0.449265
v -0.413732 0.005918 0.448332
v -0.415383 0.007836 0.447356
v -0.417247 0.010000 0.446255
v -0.425839 -0.010000 0.461106
v -0.423955 -0.007836 0.462171
v -0.422285 -0.005918 0.463115
v -0.420687 -0.004082 0.464019
v -0.419017 -0.002164 0.464962
v -0.417133 0.000000 0.466028
v -0.419017 0.002164 0.464962
v -0.420687 0.004082 0.464019
v -0.422285 0.005918 0.463115
v -0.423955 0.007836 0.462171
v -0.425839 0.010000 0.461106
v -0.433814 -0.010000 0.475549
v -0.431908 -0.007836 0.476575
v -0.430219 -0.005918 0.477484
v -0.428602 -0.004082 0.478354
v -0.426913 -0.002164 0.479262
v -0.425007 0.000000 0.480288
v -0.426913 0.002164 0.479262
v -0.428602 0.004082 0.478354
v -0.430219 0.005918 0.477484
v -0.431908 0.007836 0.476575
v -0.433814 0.010000 0.475549
v -0.441171 -0.010000 0.489583
v -0.439242 -0.007836 0.490566
v -0.437533 -0.005918 0.491436
v -0.435897 -0.004082 0.492269
v -0.434188 -0.002164 0.493140
v -0.432259 0.000000 0.494122
v -0.434188 0.002164 0.493140
v -0.435897 0.004082 0.492269
v -0.437533 0.005918 0.491436
v -0.439242 0.007836 0.490566
v -0.441171 0.010000 0.489583
v -0.447910 -0.010000 0.503209
v -0.445958 -0.007836 0.504143
v -0.444228 -0.005918 0.504972
v -0.442572 -0.004082 0.505764
v -0.440842 -0.002164 0.506593
v -0.438890 0.000000 0.507527
v -0.440842 0.002164 0.506593
v -0.442572 0.004082 0.505764
v -0.444228 0.005918 0.504972
v -0.445958 0.007836 0.504143
v -0.447910 0.010000 0.503209
v -0.454032 -0.010000 0.516425
v -0.452055 -0.007836 0.517308
v -0.450304 -0.005918 0.518090
v -0.448628 -0.004082 0.518839
v -0.446877 -0.002164 0.519621
v -0.444900 0.000000 0.520504
v -0.446877 0.002164 0.519621
v -0.448628 0.004082 0.518839
v -0.450304 0.005918 0.518090
v -0.452055 0.007836 0.517308
v -0.454032 0.010000 0.516425
v -0.459602 -0.010000 0.529366
v -0.457602 -0.007836 0.530193
v -0.455830 -0.005918 0.530927
v -0.454133 -0.004082 0.531629
v -0.452361 -0.002164 0.532362
v -0.450361 0.000000 0.533190
v -0.452361 0.002164 0.532362
v -0.454133 0.004082 0.531629
v -0.455830 0.005918 0.530927
v -0.457602 0.007836 0.530193
v -0.459602 0.010000 0.529366
v -0.464688 -0.010000 0.542164
v -0.462665 -0.007836 0.542934
v -0.460872 -0.005918 0.543616
v -0.459156 -0.004082 0.544269
v -0.457364 -0.002164 0.544950
v -0.455341 0.000000 0.545720
v -0.457364 0.002164 0.544950
v -0.459156 0.004082 0.544269
v -0.460872 0.005918 0.543616
v -0.462665 0.007836 0.542934
v -0.464688 0.010000 0.542164
v -0.469290 -0.010000 0.554821
v -0.467244 -0.007836 0.555529
v -0.465432 -0.005918 0.556156
v -0.463697 -0.004082 0.556757
v -0.461885 -0.002164 0.557384
v -0.459839 0.000000 0.558093
v -0.461885 0.002164 0.557384
v -0.463697 0.004082 0.556757
v -0.465432 0.005918 0.556156
v -0.467244 0.007836 0.555529
v -0.469290 0.010000 0.554821
v -0.473407 -0.010000 0.567335
v -0.471340 -0.007836 0.567978
v -0.469509 -0.005918 0.568548
v -0.467756 -0.004082 0.569094
v -0.465925 -0.002164 0.569664
v -0.463858 0.000000 0.570307
v -0.465925 0.002164 0.569664
v -0.467756 0.004082 0.569094
v -0.469509 0.005918 0.568548
v -0.471340 0.007836 0.567978
v -0.473407 0.010000 0.567335
v -0.477040 -0.010000 0.579707
v -0.474953 -0.007836 0.580282
v -0.473104 -0.005918 0.580791
v -0.471334 -0.004082 0.581279
v -0.469485 -0.002164 0.581788
v -0.467398 0.000000 0.582363
v -0.469485 0.002164 0.581788
v -0.471334 0.004082 0.581279
v -0.473104 0.005918 0.580791
v -0.474953 0.007836 0.580282
v -0.477040 0.010000 0.579707
v -0.480189 -0.010000 0.591937
v -0.478083 -0.007836 0.592440
v -0.476218 -0.005918 0.592885
v -0.474432 -0.004082 0.593312
v -0.472566 -0.002164 0.593757
v -0.470461 0.000000 0.594260
v -0.472566 0.002164 0.593757
v -0.474432 0.004082 0.593312
v -0.476218 0.005918 0.592885
v -0.478083 0.007836 0.592440
v -0.480189 0.010000 0.591937
v -0.482853 -0.010000 0.604024
v -0.480731 -0.007836 0.604452
v -0.478850 -0.005918 0.604830
v -0.477051 -0.004082 0.605193
v -0.475170 -0.002164 0.605571
v -0.473048 0.000000 0.605999
v -0.475170 0.002164 0.605571
v -0.477051 0.004082 0.605193
v -0.478850 0.005918 0.604830
v -0.480731 0.007836 0.604452
v -0.482853 0.010000 0.604024
v -0.485033 -0.010000 0.615970
v -0.482896 -0.007836 0.616318
v -0.481003 -0.005918 0.616627
v -0.479191 -0.004082 0.616922
v -0.477298 -0.002164 0.617230
v -0.475161 0.000000 0.617579
v -0.477298 0.002164 0.617230
v -0.479191 0.004082 0.616922
v -0.481003 0.005918 0.616627
v -0.482896 0.007836 0.616318
v -0.485033 0.010000 0.615970
v -0.486728 -0.010000 0.627773
v -0.484580 -0.007836 0.628039
v -0.482676 -0.005918 0.628274
v -0.480854 -0.004082 0.628500
v -0.478950 -0.002164 0.628735
v -0.476802 0.000000 0.629001
v -0.478950 0.002164 0.628735
v -0.480854 0.004082 0.628500
v -0.482676 0.005918 0.628274
v -0.484580 0.007836 0.628039
v -0.486728 0.010000 0.627773
v -0.487939 -0.010000 0.639434
v -0.485782 -0.007836 0.639614
v -0.483870 -0.005918 0.639773
v -0.482040 -0.004082 0.639926
v -0.480129 -0.002164 0.640086
v -0.477972 0.000000 0.640266
v -0.480129 0.002164 0.640086
v -0.482040 0.004082 0.639926
v -0.483870 0.005918 0.639773
v -0.485782 0.007836 0.639614
v -0.487939 0.010000 0.639434
v -0.488666 -0.010000 0.650953
v -0.486503 -0.007836 0.651044
v -0.484586 -0.005918 0.651125
v -0.482752 -0.004082 0.651202
v -0.480835 -0.002164 0.651283
v -0.478672 0.000000 0.651374
v -0.480835 0.002164 0.651283
v -0.482752 0.004082 0.651202
v -0.484586 0.005918 0.651125
v -0.486503 0.007836 0.651044
v -0.488666 0.010000 0.650953
v -0.488908 -0.010000 0.662329
v -0.486743 -0.007836 0.662323
v -0.484824 -0.005918 0.662317
v -0.482988 -0.004082 0.662312
v -0.481070 -0.002164 0.662306
v -0.478905 0.000000 0.662300
v -0.481070 0.002164 0.662306
v -0.482988 0.004082 0.662312
v -0.484824 0.005918 0.662317
v -0.486743 0.007836 0.662323
v -0.488908 0.010000 0.662329
v -0.488499 -0.010000 0.677385
v -0.486337 -0.007836 0.677266
v -0.484421 -0.005918 0.677160
v -0.482588 -0.004082 0.677058
v -0.480672 -0.002164 0.676952
v -0.478510 0.000000 0.676833
v -0.480672 0.002164 0.676952
v -0.482588 0.004082 0.677058
v -0.484421 0.005918 0.677160
v -0.486337 0.007836 0.677266
v -0.488499 0.010000 0.677385
v -0.487272 -0.010000 0.692051
v -0.485121 -0.007836 0.691807
v -0.483214 -0.005918 0.691591
v -0.481390 -0.004082 0.691384
v -0.479483 -0.002164 0.691168
v -0.477332 0.000000 0.690924
v -0.479483 0.002164 0.691168
v -0.481390 0.004082 0.691384
v -0.483214 0.005918 0.691591
v -0.485121 0.007836 0.691807
v -0.487272 0.010000 0.692051
v -0.485228 -0.010000 0.706325
v -0.483095 -0.007836 0.705952
v -0.481205 -0.005918 0.705623
v -0.479396 -0.004082 0.705307
v -0.477506 -0.002164 0.704977
v -0.475372 0.000000 0.704605
v -0.477506 0.002164 0.704977
v -0.479396 0.004082 0.705307
v -0.481205 0.005918 0.705623
v -0.483095 0.007836 0.705952
v -0.485228 0.010000 0.706325
v -0.482366 -0.010000 0.720208
v -0.480260 -0.007836 0.719704
v -0.478394 -0.005918 0.719257
v -0.476608 -0.004082 0.718830
v -0.474742 -0.002164 0.718384
v -0.472636 0.000000 0.717880
v -0.474742 0.002164 0.718384
v -0.476608 0.004082 0.718830
v -0.478394 0.005918 0.719257
v -0.480260 0.007836 0.719704
v -0.482366 0.010000 0.720208
v -0.478687 -0.010000 0.733699
v -0.476617 -0.007836 0.733063
v -0.474783 -0.005918 0.732498
v -0.473028 -0.004082 0.731958
v -0.471194 -0.002164 0.731394
v -0.469124 0.000000 0.730757
v -0.471194 0.002164 0.731394
v -0.473028 0.004082 0.731958
v -0.474783 0.005918 0.732498
v -0.476617 0.007836 0.733063
v -0.478687 0.010000 0.733699
v -0.474189 -0.010000 0.746800
v -0.472165 -0.007836 0.746031
v -0.470372 -0.005918 0.745349
v -0.468655 -0.004082 0.744696
v -0.466861 -0.002164 0.744014
v -0.464837 0.000000 0.743244
v -0.466861 0.002164 0.744014
v -0.468655 0.004082 0.744696
v -0.470372 0.005918 0.745349
v -0.472165 0.007836 0.746031
v -0.474189 0.010000 0.746800
v -0.468874 -0.010000 0.759510
v -0.466905 -0.007836 0.758609
v -0.465160 -0.005918 0.757811
v -0.463490 -0.004082 0.757047
v -0.461745 -0.002164 0.756249
v -0.459776 0.000000 0.755348
v -0.461745 0.002164 0.756249
v -0.463490 0.004082 0.757047
v -0.465160 0.005918 0.757811
v -0.466905 0.007836 0.758609
v -0.468874 0.010000 0.759510
v -0.462742 -0.010000 0.771829
v -0.460836 -0.007836 0.770800
v -0.459147 -0.005918 0.769889
v -0.457531 -0.004082 0.769017
v -0.455842 -0.002164 0.768106
v -0.453936 0.000000 0.767078
v -0.455842 0.002164 0.768106
v -0.457531 0.004082 0.769017
v -0.459147 0.005918 0.769889
v -0.460836 0.007836 0.770800
v -0.462742 0.010000 0.771829
v -0.455791 -0.010000 0.783756
v -0.453957 -0.007836 0.782606
v -0.452331 -0.005918 0.781586
v -0.450775 -0.004082 0.780611
v -0.449149 -0.002164 0.779591
v -0.447315 0.000000 0.778441
v -0.449149 0.002164 0.779591
v -0.450775 0.004082 0.780611
v -0.452331 0.005918 0.781586
v -0.453957 0.007836 0.782606
v -0.455791 0.010000 0.783756
v -0.448023 -0.010000 0.795293
v -0.446266 -0.007836 0.794027
v -0.444710 -0.005918 0.792905
v -0.443220 -0.004082 0.791831
v -0.441663 -0.002164 0.790709
v -0.439907 0.000000 0.789443
v -0.441663 0.002164 0.790709
v -0.443220 0.004082 0.791831
v -0.444710 0.005918 0.792905
v -0.446266 0.007836 0.794027
v -0.448023 0.010000 0.795293
v -0.439437 -0.010000 0.806438
v -0.437764 -0.007836 0.805064
v -0.436281 -0.005918 0.803847
v -0.434862 -0.004082 0.802681
v -0.433379 -0.002164 0.801464
v -0.431705 0.000000 0.800090
v -0.433379 0.002164 0.801464
v -0.434862 0.004082 0.802681
v -0.436281 0.005918 0.803847
v -0.437764 0.007836 0.805064
v -0.439437 0.010000 0.806438
v -0.430034 -0.010000 0.817193
v -0.428451 -0.007836 0.815715
v -0.427048 -0.005918 0.814406
v -0.425705 -0.004082 0.813153
v -0.424303 -0.002164 0.811844
v -0.422719 0.000000 0.810366
v -0.424303 0.002164 0.811844
v -0.425705 0.004082 0.813153
v -0.427048 0.005918 0.814406
v -0.428451 0.007836 0.815715
v -0.430034 0.010000 0.817193
v -0.421688 -0.010000 0.825574
v -0.420201 -0.007836 0.824000
v -0.418884 -0.005918 0.822605
v -0.417622 -0.004082 0.821270
v -0.416305 -0.002164 0.819876
v -0.414818 0.000000 0.818302
v -0.416305 0.002164 0.819876
v -0.417622 0.004082 0.821270
v -0.418884 0.005918 0.822605
v -0.420201 0.007836 0.824000
v -0.421688 0.010000 0.825574
v -0.413076 -0.010000 0.833227
v -0.411690 -0.007836 0.831562
v -0.410462 -0.005918 0.830088
v -0.409287 -0.004082 0.828677
v -0.408059 -0.002164 0.827202
v -0.406674 0.000000 0.825538
v -0.408059 0.002164 0.827202
v -0.409287 0.004082 0.828677
v -0.410462 0.005918 0.830088
v -0.411690 0.007836 0.831562
v -0.413076 0.010000 0.833227
v -0.404197 -0.010000 0.840150
v -0.402923 -0.007836 0.838399
v -0.401794 -0.005918 0.836847
v -0.400714 -0.004082 0.835362
v -0.399585 -0.002164 0.833810
v -0.398312 0.000000 0.832059
v -0.399585 0.002164 0.833810
v -0.400714 0.004082 0.835362
v -0.401794 0.005918 0.836847
v -0.402923 0.007836 0.838399
v -0.404197 0.010000 0.840150
v -0.395051 -0.010000 0.846345
v -0.393899 -0.007836 0.844511
v -0.392879 -0.005918 0.842886
v -0.391902 -0.004082 0.841331
v -0.390881 -0.002164 0.839706
v -0.389730 0.000000 0.837871
v -0.390881 0.002164 0.839706
v -0.391902 0.004082 0.841331
v -0.392879 0.005918 0.842886
v -0.393899 0.007836 0.844511
v -0.395051 0.010000 0.846345
v -0.385639 -0.010000 0.851811
v -0.384618 -0.007836 0.849901
v -0.383714 -0.005918 0.848208
v -0.382849 -0.004082 0.846588
v -0.381944 -0.002164 0.844896
v -0.380924 0.000000 0.842985
v -0.381944 0.002164 0.844896
v -0.382849 0.004082 0.846588
v -0.383714 0.005918 0.848208
v -0.384618 0.007836 0.849901
v -0.385639 0.010000 0.851811
v -0.375960 -0.010000 0.856548
v -0.375078 -0.007836 0.854570
v -0.374297 -0.005918 0.852817
v -0.373550 -0.004082 0.851139
v -0.372769 -0.002164 0.849387
v -0.371887 0.000000 0.847408
v -0.372769 0.002164 0.849387
v -0.373550 0.004082 0.851139
v -0.374297 0.005918 0.852817
v -0.375078 0.007836 0.854570
v -0.375960 0.010000 0.856548
v -0.366014 -0.010000 0.860557
v -0.365278 -0.007836 0.858520
v -0.364625 -0.005918 0.856715
v -0.364001 -0.004082 0.854988
v -0.363348 -0.002164 0.853183
v -0.362612 0.000000 0.851147
v -0.363348 0.002164 0.853183
v -0.364001 0.004082 0.854988
v -0.364625 0.005918 0.856715
v -0.365278 0.007836 0.858520
v -0.366014 0.010000 0.860557
v -0.355802 -0.010000 0.863837
v -0.355214 -0.007836 0.861752
v -0.354694 -0.005918 0.859905
v -0.354195 -0.004082 0.858137
v -0.353675 -0.002164 0.856290
v -0.353087 0.000000 0.854205
v -0.353675 0.002164 0.856290
v -0.354195 0.004082 0.858137
v -0.354694 0.005918 0.859905
v -0.355214 0.007836 0.861752
v -0.355802 0.010000 0.863837
v -0.345323 -0.010000 0.866387
v -0.344886 -0.007836 0.864266
v -0.344498 -0.005918 0.862387
v -0.344127 -0.004082 0.860588
v -0.343740 -0.002164 0.858709
v -0.343302 0.000000 0.856587
v -0.343740 0.002164 0.858709
v -0.344127 0.004082 0.860588
v -0.344498 0.005918 0.862387
v -0.344886 0.007836 0.864266
v -0.345323 0.010000 0.866387
v -0.334578 -0.010000 0.868209
v -0.334289 -0.007836 0.866063
v -0.334034 -0.005918 0.864161
v -0.333790 -0.004082 0.862341
v -0.333534 -0.002164 0.860439
v -0.333246 0.000000 0.858293
v -0.333534 0.002164 0.860439
v -0.333790 0.004082 0.862341
v -0.334034 0.005918 0.864161
v -0.334289 0.007836 0.866063
v -0.334578 0.010000 0.868209
v -0.323565 -0.010000 0.869303
v -0.323423 -0.007836 0.867142
v -0.323298 -0.005918 0.865227
v -0.323177 -0.004082 0.863394
v -0.323051 -0.002164 0.861480
v -0.322909 0.000000 0.859319
v -0.323051 0.002164 0.861480
v -0.323177 0.004082 0.863394
v -0.323298 0.005918 0.865227
v -0.323423 0.007836 0.867142
v -0.323565 0.010000 0.869303
v -0.312287 -0.010000 0.869667
v -0.312280 -0.007836 0.867502
v -0.312274 -0.005918 0.865583
v -0.312269 -0.004082 0.863747
v -0.312263 -0.002164 0.861828
v -0.312256 0.000000 0.859663
v -0.312263 0.002164 0.861828
v -0.312269 0.004082 0.863747
v -0.312274 0.005918 0.865583
v -0.312280 0.007836 0.867502
v -0.312287 0.010000 0.869667
v -0.302470 -0.010000 0.869409
v -0.302585 -0.007836 0.867247
v -0.302687 -0.005918 0.865331
v -0.302785 -0.004082 0.863498
v -0.302887 -0.002164 0.861582
v -0.303002 0.000000 0.859420
v -0.302887 0.002164 0.861582
v -0.302785 0.004082 0.863498
v -0.302687 0.005918 0.865331
v -0.302585 0.007836 0.867247
v -0.302470 0.010000 0.869409
v -0.292858 -0.010000 0.868636
v -0.293091 -0.007836 0.866484
v -0.293299 -0.005918 0.864576
v -0.293497 -0.004082 0.862751
v -0.293704 -0.002164 0.860843
v -0.293938 0.000000 0.858691
v -0.293704 0.002164 0.860843
v -0.293497 0.004082 0.862751
v -0.293299 0.005918 0.864576
v -0.293091 0.007836 0.866484
v -0.292858 0.010000 0.868636
v -0.283450 -0.010000 0.867347
v -0.283805 -0.007836 0.865211
v -0.284120 -0.005918 0.863319
v -0.284421 -0.004082 0.861507
v -0.284736 -0.002164 0.859615
v -0.285092 0.000000 0.857479
v -0.284736 0.002164 0.859615
v -0.284421 0.004082 0.861507
v -0.284120 0.005918 0.863319
v -0.283805 0.007836 0.865211
v -0.283450 0.010000 0.867347
v -0.274246 -0.010000 0.865543
v -0.274725 -0.007836 0.863431
v -0.275149 -0.005918 0.861560
v -0.275555 -0.004082 0.859769
v -0.275979 -0.002164 0.857898
v -0.276458 0.000000 0.855786
v -0.275979 0.002164 0.857898
v -0.275555 0.004082 0.859769
v -0.275149 0.005918 0.861560
v -0.274725 0.007836 0.863431
v -0.274246 0.010000 0.865543
v -0.265247 -0.010000 0.863223
v -0.265850 -0.007836 0.861144
v -0.266384 -0.005918 0.859301
v -0.266895 -0.004082 0.857537
v -0.267429 -0.002164 0.855694
v -0.268032 0.000000 0.853614
v -0.267429 0.002164 0.855694
v -0.266895 0.004082 0.857537
v -0.266384 0.005918 0.859301
v -0.265850 0.007836 0.861144
v -0.265247 0.010000 0.863223
v -0.256453 -0.010000 0.860388
v -0.257179 -0.007836 0.858348
v -0.257822 -0.005918 0.856540
v -0.258438 -0.004082 0.854810
v -0.259081 -0.002164 0.853003
v -0.259807 0.000000 0.850963
v -0.259081 0.002164 0.853003
v -0.258438 0.004082 0.854810
v -0.257822 0.005918 0.856540
v -0.257179 0.007836 0.858348
v -0.256453 0.010000 0.860388
v -0.247862 -0.010000 0.857037
v -0.248710 -0.007836 0.855045
v -0.249460 -0.005918 0.853279
v -0.250179 -0.004082 0.851589
v -0.250929 -0.002164 0.849823
v -0.251776 0.000000 0.847830
v -0.250929 0.002164 0.849823
v -0.250179 0.004082 0.851589
v -0.249460 0.005918 0.853279
v -0.248710 0.007836 0.855045
v -0.247862 0.010000 0.857037
v -0.239477 -0.010000 0.853171
v -0.240442 -0.007836 0.851233
v -0.241297 -0.005918 0.849515
v -0.242115 -0.004082 0.847871
v -0.242970 -0.002164 0.846153
v -0.243935 0.000000 0.844215
v -0.242970 0.002164 0.846153
v -0.242115 0.004082 0.847871
v -0.241297 0.005918 0.849515
v -0.240442 0.007836 0.851233
v -0.239477 0.010000 0.853171
v -0.231295 -0.010000 0.848789
v -0.232373 -0.007836 0.846911
v -0.233329 -0.005918 0.845248
v -0.234243 -0.004082 0.843655
v -0.235198 -0.002164 0.841991
v -0.236276 0.000000 0.840113
v -0.235198 0.002164 0.841991
v -0.234243 0.004082 0.843655
v -0.233329 0.005918 0.845248
v -0.232373 0.007836 0.846911
v -0.231295 0.010000 0.848789
v -0.223318 -0.010000 0.843892
v -0.224504 -0.007836 0.842080
v -0.225555 -0.005918 0.840475
v -0.226560 -0.004082 0.838938
v -0.227611 -0.002164 0.837333
v -0.228796 0.000000 0.835521
v -0.227611 0.002164 0.837333
v -0.226560 0.004082 0.838938
v -0.225555 0.005918 0.840475
v -0.224504 0.007836 0.842080
v -0.223318 0.010000 0.843892
v -0.215546 -0.010000 0.838479
v -0.216833 -0.007836 0.836738
v -0.217973 -0.005918 0.835195
v -0.219064 -0.004082 0.833718
v -0.220204 -0.002164 0.832175
v -0.221491 0.000000 0.830434
v -0.220204 0.002164 0.832175
v -0.219064 0.004082 0.833718
v -0.217973 0.005918 0.835195
v -0.216833 0.007836 0.836738
v -0.215546 0.010000 0.838479
v -0.207978 -0.010000 0.832551
v -0.209335 -0.007836 0.830865
v -0.210537 -0.005918 0.829370
v -0.211688 -0.004082 0.827940
v -0.212891 -0.002164 0.826446
v -0.214248 0.000000 0.824760
v -0.212891 0.002164 0.826446
v -0.211688 0.004082 0.827940
v -0.210537 0.005918 0.829370
v -0.209335 0.007836 0.830865
v -0.207978 0.010000 0.832551
v -0.202956 -0.010000 0.828400
v -0.204370 -0.007836 0.826761
v -0.205624 -0.005918 0.825309
v -0.206823 -0.004082 0.823919
v -0.208076 -0.002164 0.822467
v -0.209490 0.000000 0.820828
v -0.208076 0.002164 0.822467
v -0.206823 0.004082 0.823919
v -0.205624 0.005918 0.825309
v -0.204370 0.007836 0.826761
v -0.202956 0.010000 0.828400
v -0.198130 -0.010000 0.824054
v -0.199613 -0.007836 0.822477
v -0.200926 -0.005918 0.821079
v -0.202184 -0.004082 0.819741
v -0.203497 -0.002164 0.818343
v -0.204980 0.000000 0.816766
v -0.203497 0.002164 0.818343
v -0.202184 0.004082 0.819741
v -0.200926 0.005918 0.821079
v -0.199613 0.007836 0.822477
v -0.198130 0.010000 0.824054
v -0.193499 -0.010000 0.819512
v -0.195048 -0.007836 0.818000
v -0.196420 -0.005918 0.816659
v -0.197733 -0.004082 0.815376
v -0.199105 -0.002164 0.814035
v -0.200654 0.000000 0.812522
v -0.199105 0.002164 0.814035
v -0.197733 0.004082 0.815376
v -0.196420 0.005918 0.816659
v -0.195048 0.007836 0.818000
v -0.193499 0.010000 0.819512
v -0.189064 -0.010000 0.814775
v -0.190676 -0.007836 0.813330
v -0.192104 -0.005918 0.812049
v -0.193470 -0.004082 0.810823
v -0.194898 -0.002164 0.809542
v -0.196510 0.000000 0.808096
v -0.194898 0.002164 0.809542
v -0.193470 0.004082 0.810823
v -0.192104 0.005918 0.812049
v -0.190676 0.007836 0.813330
v -0.189064 0.010000 0.814775
v -0.184825 -0.010000 0.809842
v -0.186496 -0.007836 0.808466
v -0.187977 -0.005918 0.807247
v -0.189394 -0.004082 0.806080
v -0.190875 -0.002164 0.804861
v -0.192546 0.000000 0.803484
v -0.190875 0.002164 0.804861
v -0.189394 0.004082 0.806080
v -0.187977 0.005918 0.807247
v -0.186496 0.007836 0.808466
v -0.184825 0.010000 0.809842
v -0.180781 -0.010000 0.804714
v -0.182508 -0.007836 0.803409
v -0.184039 -0.005918 0.802253
v -0.185504 -0.004082 0.801147
v -0.187035 -0.002164 0.799991
v -0.188763 0.000000 0.798686
v -0.187035 0.002164 0.799991
v -0.185504 0.004082 0.801147
v -0.184039 0.005918 0.802253
v -0.182508 0.007836 0.803409
v -0.180781 0.010000 0.804714
v -0.176932 -0.010000 0.799390
v -0.178712 -0.007836 0.798158
v -0.180290 -0.005918 0.797067
v -0.181800 -0.004082 0.796022
v -0.183377 -0.002164 0.794931
v -0.185157 0.000000 0.793699
v -0.183377 0.002164 0.794931
v -0.181800 0.004082 0.796022
v -0.180290 0.005918 0.797067
v -0.178712 0.007836 0.798158
v -0.176932 0.010000 0.799390
v -0.173279 -0.010000 0.793871
v -0.175108 -0.007836 0.792713
v -0.176729 -0.005918 0.791687
v -0.178280 -0.004082 0.790705
v -0.179901 -0.002164 0.789679
v -0.181730 0.000000 0.788521
v -0.179901 0.002164 0.789679
v -0.178280 0.004082 0.790705
v -0.176729 0.005918 0.791687
v -0.175108 0.007836 0.792713
v -0.173279 0.010000 0.793871
v -0.169822 -0.010000 0.788156
v -0.171696 -0.007836 0.787072
v -0.173357 -0.005918 0.786112
v -0.174946 -0.004082 0.785193
v -0.176607 -0.002164 0.784233
v -0.178481 0.000000 0.783150
v -0.176607 0.002164 0.784233
v -0.174946 0.004082 0.785193
v -0.173357 0.005918 0.786112
v -0.171696 0.007836 0.787072
v -0.169822 0.010000 0.788156
v -0.166560 -0.010000 0.782245
v -0.168475 -0.007836 0.781236
v -0.170172 -0.005918 0.780342
v -0.171797 -0.004082 0.779487
v -0.173494 -0.002164 0.778593
v -0.175409 0.000000 0.777584
v -0.173494 0.002164 0.778593
v -0.171797 0.004082 0.779487
v -0.170172 0.005918 0.780342
v -0.168475 0.007836 0.781236
v -0.166560 0.010000 0.782245
v -0.163494 -0.010000 0.776139
v -0.165446 -0.007836 0.775205
v -0.167176 -0.005918 0.774377
v -0.168832 -0.004082 0.773584
v -0.170563 -0.002164 0.772756
v -0.172515 0.000000 0.771821
v -0.170563 0.002164 0.772756
v -0.168832 0.004082 0.773584
v -0.167176 0.005918 0.774377
v -0.165446 0.007836 0.775205
v -0.163494 0.010000 0.776139
v -0.160623 -0.010000 0.769838
v -0.162609 -0.007836 0.768977
v -0.164369 -0.005918 0.768213
v -0.166053 -0.004082 0.767483
v -0.167813 -0.002164 0.766720
v -0.169799 0.000000 0.765858
v -0.167813 0.002164 0.766720
v -0.166053 0.004082 0.767483
v -0.164369 0.005918 0.768213
v -0.162609 0.007836 0.768977
v -0.160623 0.010000 0.769838
v -0.157965 -0.010000 0.763390
v -0.159981 -0.007836 0.762601
v -0.161768 -0.005918 0.761902
v -0.163477 -0.004082 0.761233
v -0.165264 -0.002164 0.760534
v -0.167279 0.000000 0.759745
v -0.165264 0.002164 0.760534
v -0.163477 0.004082 0.761233
v -0.161768 0.005918 0.761902
v -0.159981 0.007836 0.762601
v -0.157965 0.010000 0.763390
v -0.155539 -0.010000 0.756844
v -0.157582 -0.007836 0.756128
v -0.159392 -0.005918 0.755493
v -0.161125 -0.004082 0.754886
v -0.162935 -0.002164 0.754252
v -0.164978 0.000000 0.753536
v -0.162935 0.002164 0.754252
v -0.161125 0.004082 0.754886
v -0.159392 0.005918 0.755493
v -0.157582 0.007836 0.756128
v -0.155539 0.010000 0.756844
v -0.153344 -0.010000 0.750200
v -0.155411 -0.007836 0.749557
v -0.157242 -0.005918 0.748988
v -0.158996 -0.004082 0.748443
v -0.160827 -0.002164 0.747874
v -0.162895 0.000000 0.747232
v -0.160827 0.002164 0.747874
v -0.158996 0.004082 0.748443
v -0.157242 0.005918 0.748988
v -0.155411 0.007836 0.749557
v -0.153344 0.010000 0.750200
v -0.151379 -0.010000 0.743458
v -0.153468 -0.007836 0.742890
v -0.155319 -0.005918 0.742386
v -0.157090 -0.004082 0.741903
v -0.158941 -0.002164 0.741399
v -0.161030 0.000000 0.740831
v -0.158941 0.002164 0.741399
v -0.157090 0.004082 0.741903
v -0.155319 0.005918 0.742386
v -0.153468 0.007836 0.742890
v -0.151379 0.010000 0.743458
v -0.149646 -0.010000 0.736619
v -0.151754 -0.007836 0.736124
v -0.153621 -0.005918 0.735685
v -0.155408 -0.004082 0.735266
v -0.157275 -0.002164 0.734827
v -0.159383 0.000000 0.734332
v -0.157275 0.002164 0.734827
v -0.155408 0.004082 0.735266
v -0.153621 0.005918 0.735685
v -0.151754 0.007836 0.736124
v -0.149646 0.010000 0.736619
v -0.148144 -0.010000 0.729682
v -0.150267 -0.007836 0.729261
v -0.152149 -0.005918 0.728887
v -0.153950 -0.004082 0.728530
v -0.155831 -0.002164 0.728156
v -0.157954 0.000000 0.727734
v -0.155831 0.002164 0.728156
v -0.153950 0.004082 0.728530
v -0.152149 0.005918 0.728887
v -0.150267 0.007836 0.729261
v -0.148144 0.010000 0.729682
v -0.146873 -0.010000 0.722647
v -0.149010 -0.007836 0.722299
v -0.150903 -0.005918 0.721990
v -0.152715 -0.004082 0.721694
v -0.154608 -0.002164 0.721385
v -0.156744 0.000000 0.721036
v -0.154608 0.002164 0.721385
v -0.152715 0.004082 0.721694
v -0.150903 0.005918 0.721990
v -0.149010 0.007836 0.722299
v -0.146873 0.010000 0.722647
v -0.145833 -0.010000 0.715515
v -0.147980 -0.007836 0.715238
v -0.149883 -0.005918 0.714993
v -0.151703 -0.004082 0.714759
v -0.153606 -0.002164 0.714514
v -0.155753 0.000000 0.714237
v -0.153606 0.002164 0.714514
v -0.151703 0.004082 0.714759
v -0.149883 0.005918 0.714993
v -0.147980 0.007836 0.715238
v -0.145833 0.010000 0.715515
v -0.145024 -0.010000 0.708284
v -0.147179 -0.007836 0.708079
v -0.149089 -0.005918 0.707897
v -0.150916 -0.004082 0.707723
v -0.152826 -0.002164 0.707541
v -0.154981 0.000000 0.707335
v -0.152826 0.002164 0.707541
v -0.150916 0.004082 0.707723
v -0.149089 0.005918 0.707897
v -0.147179 0.007836 0.708079
v -0.145024 0.010000 0.708284
v -0.144447 -0.010000 0.700956
v -0.146607 -0.007836 0.700821
v -0.148521 -0.005918 0.700701
v -0.150354 -0.004082 0.700586
v -0.152268 -0.002164 0.700466
v -0.154428 0.000000 0.700330
v -0.152268 0.002164 0.700466
v -0.150354 0.004082 0.700586
v -0.148521 0.005918 0.700701
v -0.146607 0.007836 0.700821
v -0.144447 0.010000 0.700956
v -0.144100 -0.010000 0.693530
v -0.146264 -0.007836 0.693463
v -0.148181 -0.005918 0.693404
v -0.150016 -0.004082 0.693347
v -0.151933 -0.002164 0.693287
v -0.154097 0.000000 0.693220
v -0.151933 0.002164 0.693287
v -0.150016 0.004082 0.693347
v -0.148181 0.005918 0.693404
v -0.146264 0.007836 0.693463
v -0.144100 0.010000 0.693530
v -0.143985 -0.010000 0.686007
v -0.146149 -0.007836 0.686021
v -0.148068 -0.005918 0.686033
v -0.149904 -0.004082 0.686045
v -0.151822 -0.002164 0.686058
v -0.153987 0.000000 0.686072
v -0.151822 0.002164 0.686058
v -0.149904 0.004082 0.686045
v -0.148068 0.005918 0.686033
v -0.146149 0.007836 0.686021
v -0.143985 0.010000 0.686007
v -0.144331 -0.010000 0.673813
v -0.146493 -0.007836 0.673938
v -0.148408 -0.005918 0.674049
v -0.150242 -0.004082 0.674156
v -0.152157 -0.002164 0.674267
v -0.154319 0.000000 0.674393
v -0.152157 0.002164 0.674267
v -0.150242 0.004082 0.674156
v -0.148408 0.005918 0.674049
v -0.146493 0.007836 0.673938
v -0.144331 0.010000 0.673813
v -0.145371 -0.010000 0.661974
v -0.147521 -0.007836 0.662230
v -0.149427 -0.005918 0.662457
v -0.151250 -0.004082 0.662675
v -0.153155 -0.002164 0.662902
v -0.155306 0.000000 0.663159
v -0.153155 0.002164 0.662902
v -0.151250 0.004082 0.662675
v -0.149427 0.005918 0.662457
v -0.147521 0.007836 0.662230
v -0.145371 0.010000 0.661974
v -0.147104 -0.010000 0.650491
v -0.149234 -0.007836 0.650883
v -0.151121 -0.005918 0.651231
v -0.152927 -0.004082 0.651564
v -0.154814 -0.002164 0.651911
v -0.156944 0.000000 0.652304
v -0.154814 0.002164 0.651911
v -0.152927 0.004082 0.651564
v -0.151121 0.005918 0.651231
v -0.149234 0.007836 0.650883
v -0.147104 0.010000 0.650491
v -0.149531 -0.010000 0.639363
v -0.151630 -0.007836 0.639895
v -0.153490 -0.005918 0.640367
v -0.155270 -0.004082 0.640818
v -0.157130 -0.002164 0.641290
v -0.159230 0.000000 0.641822
v -0.157130 0.002164 0.641290
v -0.155270 0.004082 0.640818
v -0.153490 0.005918 0.640367
v -0.151630 0.007836 0.639895
v -0.149531 0.010000 0.639363
v -0.152650 -0.010000 0.628591
v -0.154709 -0.007836 0.629265
v -0.156532 -0.005918 0.629862
v -0.158278 -0.004082 0.630433
v -0.160101 -0.002164 0.631030
v -0.162160 0.000000 0.631704
v -0.160101 0.002164 0.631030
v -0.158278 0.004082 0.630433
v -0.156532 0.005918 0.629862
v -0.154709 0.007836 0.629265
v -0.152650 0.010000 0.628591
v -0.156463 -0.010000 0.618174
v -0.158470 -0.007836 0.618989
v -0.160247 -0.005918 0.619712
v -0.161949 -0.004082 0.620403
v -0.163727 -0.002164 0.621126
v -0.165733 0.000000 0.621941
v -0.163727 0.002164 0.621126
v -0.161949 0.004082 0.620403
v -0.160247 0.005918 0.619712
v -0.158470 0.007836 0.618989
v -0.156463 0.010000 0.618174
v -0.160969 -0.010000 0.608113
v -0.162914 -0.007836 0.609067
v -0.164636 -0.005918 0.609913
v -0.166285 -0.004082 0.610723
v -0.168007 -0.002164 0.611569
v -0.169951 0.000000 0.612523
v -0.168007 0.002164 0.611569
v -0.166285 0.004082 0.610723
v -0.164636 0.005918 0.609913
v -0.162914 0.007836 0.609067
v -0.160969 0.010000 0.608113
v -0.166169 -0.010000 0.598407
v -0.168041 -0.007836 0.599497
v -0.169699 -0.005918 0.600462
v -0.171287 -0.004082 0.601386
v -0.172945 -0.002164 0.602351
v -0.174817 0.000000 0.603441
v -0.172945 0.002164 0.602351
v -0.171287 0.004082 0.601386
v -0.169699 0.005918 0.600462
v -0.168041 0.007836 0.599497
v -0.166169 0.010000 0.598407
v -0.172062 -0.010000 0.589057
v -0.173853 -0.007836 0.590275
v -0.175439 -0.005918 0.591354
v -0.176958 -0.004082 0.592387
v -0.178545 -0.002164 0.593466
v -0.180336 0.000000 0.594684
v -0.178545 0.002164 0.593466
v -0.176958 0.004082 0.592387
v -0.175439 0.005918 0.591354
v -0.173853 0.007836 0.590275
v -0.172062 0.010000 0.589057
v -0.178648 -0.010000 0.580063
v -0.180350 -0.007836 0.581401
v -0.181859 -0.005918 0.582587
v -0.183303 -0.004082 0.583721
v -0.184812 -0.002164 0.584907
v -0.186515 0.000000 0.586245
v -0.184812 0.002164 0.584907
v -0.183303 0.004082 0.583721
v -0.181859 0.005918 0.582587
v -0.180350 0.007836 0.581401
v -0.178648 0.010000 0.580063
v -0.185927 -0.010000 0.571423
v -0.187536 -0.007836 0.572873
v -0.188962 -0.005918 0.574157
v -0.190326 -0.004082 0.575386
v -0.191752 -0.002164 0.576670
v -0.193361 0.000000 0.578120
v -0.191752 0.002164 0.576670
v -0.190326 0.004082 0.575386
v -0.188962 0.005918 0.574157
v -0.187536 0.007836 0.572873
v -0.185927 0.010000 0.571423
v -0.193899 -0.010000 0.563140
v -0.195434 -0.007836 0.564667
v -0.196793 -0.005918 0.566020
v -0.198095 -0.004082 0.567315
v -0.199454 -0.002164 0.568667
v -0.200989 0.000000 0.570194
v -0.199454 0.002164 0.568667
v -0.198095 0.004082 0.567315
v -0.196793 0.005918 0.566020
v -0.195434 0.007836 0.564667
v -0.193899 0.010000 0.563140
v -0.197559 -0.010000 0.559582
v -0.199045 -0.007836 0.561156
v -0.200362 -0.005918 0.562550
v -0.201623 -0.004082 0.563885
v -0.202940 -0.002164 0.565279
v -0.204426 0.000000 0.566853
v -0.202940 0.002164 0.565279
v -0.201623 0.004082 0.563885
v -0.200362 0.005918 0.562550
v -0.199045 0.007836 0.561156
v -0.197559 0.010000 0.559582
v -0.201285 -0.010000 0.556163
v -0.202725 -0.007836 0.557779
v -0.204001 -0.005918 0.559211
v -0.205223 -0.004082 0.560581
v -0.206499 -0.002164 0.562013
v -0.207939 0.000000 0.563629
v -0.206499 0.002164 0.562013
v -0.205223 0.004082 0.560581
v -0.204001 0.005918 0.559211
v -0.202725 0.007836 0.557779
v -0.201285 0.010000 0.556163
v -0.205078 -0.010000 0.552881
v -0.206470 -0.007836 0.554539
v -0.207703 -0.005918 0.556008
v -0.208884 -0.004082 0.557414
v -0.210117 -0.002164 0.558882
v -0.211509 0.000000 0.560540
v -0.210117 0.002164 0.558882
v -0.208884 0.004082 0.557414
v -0.207703 0.005918 0.556008
v -0.206470 0.007836 0.554539
v -0.205078 0.010000 0.552881
v -0.208938 -0.010000 0.549737
v -0.210279 -0.007836 0.551436
v -0.211468 -0.005918 0.552941
v -0.212606 -0.004082 0.554381
v -0.213795 -0.002164 0.555886
v -0.215137 0.000000 0.557585
v -0.213795 0.002164 0.555886
v -0.212606 0.004082 0.554381
v -0.211468 0.005918 0.552941
v -0.210279 0.007836 0.551436
v -0.208938 0.010000 0.549737
v -0.212864 -0.010000 0.546731
v -0.214154 -0.007836 0.548469
v -0.215296 -0.005918 0.550010
v -0.216390 -0.004082 0.551484
v -0.217533 -0.002164 0.553024
v -0.218822 0.000000 0.554763
v -0.217533 0.002164 0.553024
v -0.216390 0.004082 0.551484
v -0.215296 0.005918 0.550010
v -0.214154 0.007836 0.548469
v -0.212864 0.010000 0.546731
v -0.216857 -0.010000 0.543862
v -0.218093 -0.007836 0.545639
v -0.219188 -0.005918 0.547214
v -0.220236 -0.004082 0.548721
v -0.221331 -0.002164 0.550296
v -0.222566 0.000000 0.552073
v -0.221331 0.002164 0.550296
v -0.220236 0.004082 0.548721
v -0.219188 0.005918 0.547214
v -0.218093 0.007836 0.545639
v -0.216857 0.010000 0.543862
v -0.220916 -0.010000 0.541131
v -0.222097 -0.007836 0.542946
v -0.223142 -0.005918 0.544554
v -0.224143 -0.004082 0.546093
v -0.225189 -0.002164 0.547701
v -0.226369 0.000000 0.549515
v -0.225189 0.002164 0.547701
v -0.224143 0.004082 0.546093
v -0.223142 0.005918 0.544554
v -0.222097 0.007836 0.542946
v -0.220916 0.010000 0.541131
v -0.225043 -0.010000 0.538538
v -0.226166 -0.007836 0.540389
v -0.227161 -0.005918 0.542028
v -0.228113 -0.004082 0.543598
v -0.229108 -0.002164 0.545238
v -0.230231 0.000000 0.547088
v -0.229108 0.002164 0.545238
v -0.228113 0.004082 0.543598
v -0.227161 0.005918 0.542028
v -0.226166 0.007836 0.540389
v -0.225043 0.010000 0.538538
v -0.229236 -0.010000 0.536083
v -0.230300 -0.007836 0.537968
v -0.231243 -0.005918 0.539638
v -0.232146 -0.004082 0.541237
v -0.233089 -0.002164 0.542907
v -0.234153 0.000000 0.544792
v -0.233089 0.002164 0.542907
v -0.232146 0.004082 0.541237
v -0.231243 0.005918 0.539638
v -0.230300 0.007836 0.537968
v -0.229236 0.010000 0.536083
v -0.233495 -0.010000 0.533765
v -0.234499 -0.007836 0.535683
v -0.235389 -0.005918 0.537382
v -0.236241 -0.004082 0.539008
v -0.237131 -0.002164 0.540707
v -0.238136 0.000000 0.542625
v -0.237131 0.002164 0.540707
v -0.236241 0.004082 0.539008
v -0.235389 0.005918 0.537382
v -0.234499 0.007836 0.535683
v -0.233495 0.010000 0.533765
v -0.237821 -0.010000 0.531586
v -0.238765 -0.007836 0.533534
v -0.239601 -0.005918 0.535260
v -0.240401 -0.004082 0.536912
v -0.241236 -0.002164 0.538639
v -0.242180 0.000000 0.540587
v -0.241236 0.002164 0.538639
v -0.240401 0.004082 0.536912
v -0.239601 0.005918 0.535260
v -0.238765 0.007836 0.533534
v -0.237821 0.010000 0.531586
v -0.242214 -0.010000 0.529543
v -0.243096 -0.007836 0.531520
v -0.243877 -0.005918 0.533272
v -0.244625 -0.004082 0.534949
v -0.245406 -0.002164 0.536700
v -0.246288 0.000000 0.538677
v -0.245406 0.002164 0.536700
v -0.244625 0.004082 0.534949
v -0.243877 0.005918 0.533272
v -0.243096 0.007836 0.531520
v -0.242214 0.010000 0.529543
v -0.246638 -0.010000 0.527653
v -0.247457 -0.007836 0.529656
v -0.248183 -0.005918 0.531431
v -0.248878 -0.004082 0.533131
v -0.249604 -0.002164 0.534906
v -0.250424 0.000000 0.536910
v -0.249604 0.002164 0.534906
v -0.248878 0.004082 0.533131
v -0.248183 0.005918 0.531431
v -0.247457 0.007836 0.529656
v -0.246638 0.010000 0.527653
v -0.251058 -0.010000 0.525926
v -0.251813 -0.007836 0.527955
v -0.252481 -0.005918 0.529752
v -0.253122 -0.004082 0.531473
v -0.253791 -0.002164 0.533271
v -0.254546 0.000000 0.535299
v -0.253791 0.002164 0.533271
v -0.253122 0.004082 0.531473
v -0.252481 0.005918 0.529752
v -0.251813 0.007836 0.527955
v -0.251058 0.010000 0.525926
v -0.255473 -0.010000 0.524364
v -0.256161 -0.007836 0.526416
v -0.256770 -0.005918 0.528235
v -0.257354 -0.004082 0.529976
v -0.257964 -0.002164 0.531794
v -0.258652 0.000000 0.533847
v -0.257964 0.002164 0.531794
v -0.257354 0.004082 0.529976
v -0.256770 0.005918 0.528235
v -0.256161 0.007836 0.526416
v -0.255473 0.010000 0.524364
v -0.259883 -0.010000 0.522966
v -0.260502 -0.007836 0.525041
v -0.261050 -0.005918 0.526879
v -0.261575 -0.004082 0.528638
v -0.262123 -0.002164 0.530476
v -0.262742 0.000000 0.532551
v -0.262123 0.002164 0.530476
v -0.261575 0.004082 0.528638
v -0.261050 0.005918 0.526879
v -0.260502 0.007836 0.525041
v -0.259883 0.010000 0.522966
v -0.264290 -0.010000 0.521733
v -0.264837 -0.007836 0.523828
v -0.265322 -0.005918 0.525683
v -0.265786 -0.004082 0.527460
v -0.266271 -0.002164 0.529315
v -0.266818 0.000000 0.531410
v -0.266271 0.002164 0.529315
v -0.265786 0.004082 0.527460
v -0.265322 0.005918 0.525683
v -0.264837 0.007836 0.523828
v -0.264290 0.010000 0.521733
v -0.268691 -0.010000 0.520664
v -0.269165 -0.007836 0.522777
v -0.269584 -0.005918 0.524648
v -0.269986 -0.004082 0.526440
v -0.270405 -0.002164 0.528311
v -0.270879 0.000000 0.530424
v -0.270405 0.002164 0.528311
v -0.269986 0.004082 0.526440
v -0.269584 0.005918 0.524648
v -0.269165 0.007836 0.522777
v -0.268691 0.010000 0.520664
v -0.273089 -0.010000 0.519760
v -0.273486 -0.007836 0.521888
v -0.273839 -0.005918 0.523773
v -0.274176 -0.004082 0.525578
v -0.274529 -0.002164 0.527463
v -0.274927 0.000000 0.529591
v -0.274529 0.002164 0.527463
v -0.274176 0.004082 0.525578
v -0.273839 0.005918 0.523773
v -0.273486 0.007836 0.521888
v -0.273089 0.010000 0.519760
v -0.277481 -0.010000 0.519020
v -0.277802 -0.007836 0.521161
v -0.278086 -0.005918 0.523058
v -0.278358 -0.004082 0.524874
v -0.278642 -0.002164 0.526771
v -0.278963 0.000000 0.528912
v -0.278642 0.002164 0.526771
v -0.278358 0.004082 0.524874
v -0.278086 0.005918 0.523058
v -0.277802 0.007836 0.521161
v -0.277481 0.010000 0.519020
v -0.281870 -0.010000 0.518445
v -0.282112 -0.007836 0.520596
v -0.282326 -0.005918 0.522502
v -0.282531 -0.004082 0.524326
v -0.282745 -0.002164 0.526233
v -0.282987 0.000000 0.528384
v -0.282745 0.002164 0.526233
v -0.282531 0.004082 0.524326
v -0.282326 0.005918 0.522502
v -0.282112 0.007836 0.520596
v -0.281870 0.010000 0.518445
v -0.286254 -0.010000 0.518034
v -0.286416 -0.007836 0.520192
v -0.286559 -0.005918 0.522105
v -0.286697 -0.004082 0.523936
v -0.286840 -0.002164 0.525849
v -0.287002 0.000000 0.528007
v -0.286840 0.002164 0.525849
v -0.286697 0.004082 0.523936
v -0.286559 0.005918 0.522105
v -0.286416 0.007836 0.520192
v -0.286254 0.010000 0.518034
v -0.290633 -0.010000 0.517787
v -0.290715 -0.007836 0.519950
v -0.290787 -0.005918 0.521867
v -0.290855 -0.004082 0.523702
v -0.290927 -0.002164 0.525618
v -0.291009 0.000000 0.527782
v -0.290927 0.002164 0.525618
v -0.290855 0.004082 0.523702
v -0.290787 0.005918 0.521867
v -0.290715 0.007836 0.519950
v -0.290633 0.010000 0.517787
v -0.295009 -0.010000 0.517705
v -0.295023 -0.007836 0.519869
v -0.295037 -0.005918 0.521787
v -0.295049 -0.004082 0.523623
v -0.295062 -0.002164 0.525541
v -0.295077 0.000000 0.527705
v -0.295062 0.002164 0.525541
v -0.295049 0.004082 0.523623
v -0.295037 0.005918 0.521787
v -0.295023 0.007836 0.519869
v -0.295009 0.010000 0.517705
v -0.295897 -0.010000 0.517709
v -0.295877 -0.007836 0.519873
v -0.295859 -0.005918 0.521791
v -0.295841 -0.004082 0.523627
v -0.295823 -0.002164 0.525545
v -0.295803 0.000000 0.527709
v -0.295823 0.002164 0.525545
v -0.295841 0.004082 0.523627
v -0.295859 0.005918 0.521791
v -0.295877 0.007836 0.519873
v -0.295897 0.010000 0.517709
v -0.296857 -0.010000 0.517723
v -0.296819 -0.007836 0.519887
v -0.296785 -0.005918 0.521804
v -0.296752 -0.004082 0.523639
v -0.296718 -0.002164 0.525557
v -0.296680 0.000000 0.527721
v -0.296718 0.002164 0.525557
v -0.296752 0.004082 0.523639
v -0.296785 0.005918 0.521804
v -0.296819 0.007836 0.519887
v -0.296857 0.010000 0.517723
v -0.297888 -0.010000 0.517745
v -0.297834 -0.007836 0.519908
v -0.297787 -0.005918 0.521826
v -0.297741 -0.004082 0.523661
v -0.297693 -0.002164 0.525578
v -0.297639 0.000000 0.527742
v -0.297693 0.002164 0.525578
v -0.297741 0.004082 0.523661
v -0.297787 0.005918 0.521826
v -0.297834 0.007836 0.519908
v -0.297888 0.010000 0.517745
v -0.298990 -0.010000 0.517776
v -0.298923 -0.007836 0.519939
v -0.298863 -0.005918 0.521856
v -0.298806 -0.004082 0.523691
v -0.298746 -0.002164 0.525608
v -0.298679 0.000000 0.527771
v -0.298746 0.002164 0.525608
v -0.298806 0.004082 0.523691
v -0.298863 0.005918 0.521856
v -0.298923 0.007836 0.519939
v -0.298990 0.010000 0.517776
v -0.300164 -0.010000 0.517816
v -0.300084 -0.007836 0.519979
v -0.300014 -0.005918 0.521895
v -0.299947 -0.004082 0.523730
v -0.299876 -0.002164 0.525646
v -0.299797 0.000000 0.527809
v -0.299876 0.002164 0.525646
v -0.299947 0.004082 0.523730
v -0.300014 0.005918 0.521895
v -0.300084 0.007836 0.519979
v -0.300164 0.010000 0.517816
v -0.301408 -0.010000 0.517865
v -0.301318 -0.007836 0.520027
v -0.301238 -0.005918 0.521943
v -0.301162 -0.004082 0.523777
v -0.301082 -0.002164 0.525694
v -0.300992 0.000000 0.527856
v -0.301082 0.002164 0.525694
v -0.301162 0.004082 0.523777
v -0.301238 0.005918 0.521943
v -0.301318 0.007836 0.520027
v -0.301408 0.010000 0.517865
v -0.302723 -0.010000 0.517923
v -0.302624 -0.007836 0.520085
v -0.302536 -0.005918 0.522000
v -0.302451 -0.004082 0.523834
v -0.302363 -0.002164 0.525750
v -0.302264 0.000000 0.527912
v -0.302363 0.002164 0.525750
v -0.302451 0.004082 0.523834
v -0.302536 0.005918 0.522000
v -0.302624 0.007836 0.520085
v -0.302723 0.010000 0.517923
v -0.304110 -0.010000 0.517989
v -0.304002 -0.007836 0.520151
v -0.303906 -0.005918 0.522066
v -0.303815 -0.004082 0.523900
v -0.303719 -0.002164 0.525815
v -0.303611 0.000000 0.527977
v -0.303719 0.002164 0.525815
v -0.303815 0.004082 0.523900
v -0.303906 0.005918 0.522066
v -0.304002 0.007836 0.520151
v -0.304110 0.010000 0.517989
v -0.305567 -0.010000 0.518065
v -0.305452 -0.007836 0.520226
v -0.305349 -0.005918 0.522141
v -0.305251 -0.004082 0.523974
v -0.305148 -0.002164 0.525889
v -0.305033 0.000000 0.528050
v -0.305148 0.002164 0.525889
v -0.305251 0.004082 0.523974
v -0.305349 0.005918 0.522141
v -0.305452 0.007836 0.520226
v -0.305567 0.010000 0.518065
v -0.307096 -0.010000 0.518149
v -0.306973 -0.007836 0.520310
v -0.306865 -0.005918 0.522225
v -0.306761 -0.004082 0.524058
v -0.306652 -0.002164 0.525972
v -0.306529 0.000000 0.528133
v -0.306652 0.002164 0.525972
v -0.306761 0.004082 0.524058
v -0.306865 0.005918 0.522225
v -0.306973 0.007836 0.520310
v -0.307096 0.010000 0.518149
v -0.308696 -0.010000 0.518243
v -0.308567 -0.007836 0.520403
v -0.308452 -0.005918 0.522317
v -0.308343 -0.004082 0.524150
v -0.308229 -0.002164 0.526064
v -0.308100 0.000000 0.528225
v -0.308229 0.002164 0.526064
v -0.308343 0.004082 0.524150
v -0.308452 0.005918 0.522317
v -0.308567 0.007836 0.520403
v -0.308696 0.010000 0.518243
v -0.310367 -0.010000 0.518345
v -0.311864 -0.007836 0.520605
v -0.313191 -0.005918 0.522607
v -0.314461 -0.004082 0.524524
v -0.315788 -0.002164 0.526526
v -0.317286 0.000000 0.528786
v -0.315788 0.002164 0.526526
v -0.314461 0.004082 0.524524
v -0.313191 0.005918 0.522607
v -0.311864 0.007836 0.520605
v -0.310367 0.010000 0.518345
v -0.314206 -0.010000 0.507466
v -0.316881 -0.007836 0.506391
v -0.319251 -0.005918 0.505438
v -0.321520 -0.004082 0.504526
v -0.323890 -0.002164 0.503574
v -0.326564 0.000000 0.502498
v -0.323890 0.002164 0.503574
v -0.321520 0.004082 0.504526
v -0.319251 0.005918 0.505438
v -0.316881 0.007836 0.506391
v -0.314206 0.010000 0.507466
v -0.306505 -0.010000 0.503582
v -0.307454 -0.007836 0.501636
v -0.308294 -0.005918 0.499912
v -0.309098 -0.004082 0.498262
v -0.309939 -0.002164 0.496538
v -0.310887 0.000000 0.494592
v -0.309939 0.002164 0.496538
v -0.309098 0.004082 0.498262
v -0.308294 0.005918 0.499912
v -0.307454 0.007836 0.501636
v -0.306505 0.010000 0.503582
v -0.298973 -0.010000 0.500036
v -0.299866 -0.007836 0.498064
v -0.300658 -0.005918 0.496317
v -0.301415 -0.004082 0.494645
v -0.302207 -0.002164 0.492898
v -0.303100 0.000000 0.490926
v -0.302207 0.002164 0.492898
v -0.301415 0.004082 0.494645
v -0.300658 0.005918 0.496317
v -0.299866 0.007836 0.498064
v -0.298973 0.010000 0.500036
v -0.291609 -0.010000 0.496827
v -0.292442 -0.007836 0.494829
v -0.293181 -0.005918 0.493059
v -0.293888 -0.004082 0.491365
v -0.294627 -0.002164 0.489595
v -0.295460 0.000000 0.487597
v -0.294627 0.002164 0.489595
v -0.293888 0.004082 0.491365
v -0.293181 0.005918 0.493059
v -0.292442 0.007836 0.494829
v -0.291609 0.010000 0.496827
v -0.284414 -0.010000 0.493956
v -0.285182 -0.007836 0.491932
v -0.285863 -0.005918 0.490139
v -0.286515 -0.004082 0.488423
v -0.287196 -0.002164 0.486630
v -0.287964 0.000000 0.484606
v -0.287196 0.002164 0.486630
v -0.286515 0.004082 0.488423
v -0.285863 0.005918 0.490139
v -0.285182 0.007836 0.491932
v -0.284414 0.010000 0.493956
v -0.277388 -0.010000 0.491423
v -0.278085 -0.007836 0.489374
v -0.278703 -0.005918 0.487558
v -0.279295 -0.004082 0.485820
v -0.279912 -0.002164 0.484004
v -0.280610 0.000000 0.481954
v -0.279912 0.002164 0.484004
v -0.279295 0.004082 0.485820
v -0.278703 0.005918 0.487558
v -0.278085 0.007836 0.489374
v -0.277388 0.010000 0.491423
v -0.270531 -0.010000 0.489228
v -0.271151 -0.007836 0.487154
v -0.271700 -0.005918 0.485316
v -0.272226 -0.004082 0.483557
v -0.272775 -0.002164 0.481719
v -0.273395 0.000000 0.479645
v -0.272775 0.002164 0.481719
v -0.272226 0.004082 0.483557
v -0.271700 0.005918 0.485316
v -0.271151 0.007836 0.487154
v -0.270531 0.010000 0.489228
v -0.263843 -0.010000 0.487370
v -0.264378 -0.007836 0.485273
v -0.264853 -0.005918 0.483414
v -0.265307 -0.004082 0.481635
v -0.265782 -0.002164 0.479776
v -0.266317 0.000000 0.477679
v -0.265782 0.002164 0.479776
v -0.265307 0.004082 0.481635
v -0.264853 0.005918 0.483414
v -0.264378 0.007836 0.485273
v -0.263843 0.010000 0.487370
v -0.257324 -0.010000 0.485850
v -0.257768 -0.007836 0.483731
v -0.258161 -0.005918 0.481854
v -0.258538 -0.004082 0.480057
v -0.258931 -0.002164 0.478179
v -0.259375 0.000000 0.476060
v -0.258931 0.002164 0.478179
v -0.258538 0.004082 0.480057
v -0.258161 0.005918 0.481854
v -0.257768 0.007836 0.483731
v -0.257324 0.010000 0.485850
v -0.250973 -0.010000 0.484668
v -0.251318 -0.007836 0.482531
v -0.251623 -0.005918 0.480637
v -0.251916 -0.004082 0.478824
v -0.252221 -0.002164 0.476930
v -0.252566 0.000000 0.474793
v -0.252221 0.002164 0.476930
v -0.251916 0.004082 0.478824
v -0.251623 0.005918 0.480637
v -0.251318 0.007836 0.482531
v -0.250973 0.010000 0.484668
v -0.244792 -0.010000 0.483824
v -0.245029 -0.007836 0.481672
v -0.245240 -0.005918 0.479765
v -0.245441 -0.004082 0.477940
v -0.245651 -0.002164 0.476033
v -0.245889 0.000000 0.473881
v -0.245651 0.002164 0.476033
v -0.245441 0.004082 0.477940
v -0.245240 0.005918 0.479765
v -0.245029 0.007836 0.481672
v -0.244792 0.010000 0.483824
v -0.238779 -0.010000 0.483317
v -0.238901 -0.007836 0.481156
v -0.239009 -0.005918 0.479240
v -0.239113 -0.004082 0.477407
v -0.239221 -0.002164 0.475491
v -0.239344 0.000000 0.473329
v -0.239221 0.002164 0.475491
v -0.239113 0.004082 0.477407
v -0.239009 0.005918 0.479240
v -0.238901 0.007836 0.481156
v -0.238779 0.010000 0.483317
v -0.232935 -0.010000 0.483148
v -0.232933 -0.007836 0.480983
v -0.232931 -0.005918 0.479064
v -0.232928 -0.004082 0.477228
v -0.232926 -0.002164 0.475309
v -0.232924 0.000000 0.473144
v -0.232926 0.002164 0.475309
v -0.232928 0.004082 0.477228
v -0.232931 0.005918 0.479064
v -0.232933 0.007836 0.480983
v -0.232935 0.010000 0.483148
v -0.223949 -0.010000 0.483428
v -0.223813 -0.007836 0.481267
v -0.223692 -0.005918 0.479352
v -0.223577 -0.004082 0.477519
v -0.223456 -0.002164 0.475604
v -0.223319 0.000000 0.473443
v -0.223456 0.002164 0.475604
v -0.223577 0.004082 0.477519
v -0.223692 0.005918 0.479352
v -0.223813 0.007836 0.481267
v -0.223949 0.010000 0.483428
v -0.215124 -0.010000 0.484268
v -0.214848 -0.007836 0.482120
v -0.214604 -0.005918 0.480217
v -0.214371 -0.004082 0.478395
v -0.214127 -0.002164 0.476492
v -0.213851 0.000000 0.474344
v -0.214127 0.002164 0.476492
v -0.214371 0.004082 0.478395
v -0.214604 0.005918 0.480217
v -0.214848 0.007836 0.482120
v -0.215124 0.010000 0.484268
v -0.206458 -0.010000 0.485668
v -0.206042 -0.007836 0.483543
v -0.205673 -0.005918 0.481660
v -0.205320 -0.004082 0.479857
v -0.204952 -0.002164 0.477974
v -0.204536 0.000000 0.475849
v -0.204952 0.002164 0.477974
v -0.205320 0.004082 0.479857
v -0.205673 0.005918 0.481660
v -0.206042 0.007836 0.483543
v -0.206458 0.010000 0.485668
v -0.197952 -0.010000 0.487628
v -0.197396 -0.007836 0.485535
v -0.196903 -0.005918 0.483681
v -0.196431 -0.004082 0.481906
v -0.195938 -0.002164 0.480051
v -0.195382 0.000000 0.477958
v -0.195938 0.002164 0.480051
v -0.196431 0.004082 0.481906
v -0.196903 0.005918 0.483681
v -0.197396 0.007836 0.485535
v -0.197952 0.010000 0.487628
v -0.189606 -0.010000 0.490148
v -0.188912 -0.007836 0.488097
v -0.188296 -0.005918 0.486279
v -0.187707 -0.004082 0.484539
v -0.187092 -0.002164 0.482722
v -0.186397 0.000000 0.480671
v -0.187092 0.002164 0.482722
v -0.187707 0.004082 0.484539
v -0.188296 0.005918 0.486279
v -0.188912 0.007836 0.488097
v -0.189606 0.010000 0.490148
v -0.181421 -0.010000 0.493227
v -0.180592 -0.007836 0.491227
v -0.179857 -0.005918 0.489454
v -0.179154 -0.004082 0.487757
v -0.178420 -0.002164 0.485985
v -0.177591 0.000000 0.483984
v -0.178420 0.002164 0.485985
v -0.179154 0.004082 0.487757
v -0.179857 0.005918 0.489454
v -0.180592 0.007836 0.491227
v -0.181421 0.010000 0.493227
v -0.173395 -0.010000 0.496867
v -0.172437 -0.007836 0.494925
v -0.171589 -0.005918 0.493204
v -0.170776 -0.004082 0.491556
v -0.169928 -0.002164 0.489836
v -0.168970 0.000000 0.487893
v -0.169928 0.002164 0.489836
v -0.170776 0.004082 0.491556
v -0.171589 0.005918 0.493204
v -0.172437 0.007836 0.494925
v -0.173395 0.010000 0.496867
v -0.165529 -0.010000 0.501067
v -0.164450 -0.007836 0.499189
v -0.163493 -0.005918 0.497526
v -0.162578 -0.004082 0.495934
v -0.161621 -0.002164 0.494270
v -0.160542 0.000000 0.492393
v -0.161621 0.002164 0.494270
v -0.162578 0.004082 0.495934
v -0.163493 0.005918 0.497526
v -0.164450 0.007836 0.499189
v -0.165529 0.010000 0.501067
v -0.157823 -0.010000 0.505826
v -0.156630 -0.007836 0.504019
v -0.155572 -0.005918 0.502418
v -0.154560 -0.004082 0.500886
v -0.153503 -0.002164 0.499285
v -0.152310 0.000000 0.497478
v -0.153503 0.002164 0.499285
v -0.154560 0.004082 0.500886
v -0.155572 0.005918 0.502418
v -0.156630 0.007836 0.504019
v -0.157823 0.010000 0.505826
v -0.150277 -0.010000 0.511145
v -0.148979 -0.007836 0.509413
v -0.147828 -0.005918 0.507877
v -0.146727 -0.004082 0.506408
v -0.145576 -0.002164 0.504873
v -0.144277 0.000000 0.503140
v -0.145576 0.002164 0.504873
v -0.146727 0.004082 0.506408
v -0.147828 0.005918 0.507877
v -0.148979 0.007836 0.509413
v -0.150277 0.010000 0.511145
v -0.142891 -0.010000 0.517025
v -0.141496 -0.007836 0.515369
v -0.140260 -0.005918 0.513902
v -0.139077 -0.004082 0.512497
v -0.137841 -0.002164 0.511030
v -0.136446 0.000000 0.509374
v -0.137841 0.002164 0.511030
v -0.139077 0.004082 0.512497
v -0.140260 0.005918 0.513902
v -0.141496 0.007836 0.515369
v -0.142891 0.010000 0.517025
v -0.135666 -0.010000 0.523464
v -0.134194 -0.007836 0.521876
v -0.132890 -0.005918 0.520469
v -0.131642 -0.004082 0.519123
v -0.130338 -0.002164 0.517716
v -0.128867 0.000000 0.516128
v -0.130338 0.002164 0.517716
v -0.131642 0.004082 0.519123
v -0.132890 0.005918 0.520469
v -0.134194 0.007836 0.521876
v -0.135666 0.010000 0.523464
v -0.131377 -0.010000 0.527597
v -0.129845 -0.007836 0.526068
v -0.128487 -0.005918 0.524713
v -0.127187 -0.004082 0.523416
v -0.125829 -0.002164 0.522061
v -0.124297 0.000000 0.520532
v -0.125829 0.002164 0.522061
v -0.127187 0.004082 0.523416
v -0.128487 0.005918 0.524713
v -0.129845 0.007836 0.526068
v -0.131377 0.010000 0.527597
v -0.127258 -0.010000 0.531890
v -0.125667 -0.007836 0.530422
v -0.124257 -0.005918 0.529121
v -0.122908 -0.004082 0.527876
v -0.121498 -0.002164 0.526575
v -0.119907 0.000000 0.525107
v -0.121498 0.002164 0.526575
v -0.122908 0.004082 0.527876
v -0.124257 0.005918 0.529121
v -0.125667 0.007836 0.530422
v -0.127258 0.010000 0.531890
v -0.123307 -0.010000 0.536343
v -0.121660 -0.007836 0.534938
v -0.120200 -0.005918 0.533693
v -0.118804 -0.004082 0.532502
v -0.117344 -0.002164 0.531257
v -0.115697 0.000000 0.529852
v -0.117344 0.002164 0.531257
v -0.118804 0.004082 0.532502
v -0.120200 0.005918 0.533693
v -0.121660 0.007836 0.534938
v -0.123307 0.010000 0.536343
v -0.119525 -0.010000 0.540956
v -0.117825 -0.007836 0.539616
v -0.116318 -0.005918 0.538429
v -0.114876 -0.004082 0.537293
v -0.113369 -0.002164 0.536105
v -0.111669 0.000000 0.534766
v -0.113369 0.002164 0.536105
v -0.114876 0.004082 0.537293
v -0.116318 0.005918 0.538429
v -0.117825 0.007836 0.539616
v -0.119525 0.010000 0.540956
v -0.115912 -0.010000 0.545729
v -0.114161 -0.007836 0.544455
v -0.112610 -0.005918 0.543327
v -0.111125 -0.004082 0.542248
v -0.109574 -0.002164 0.541119
v -0.107823 0.000000 0.539846
v -0.109574 0.002164 0.541119
v -0.111125 0.004082 0.542248
v -0.112610 0.005918 0.543327
v -0.114161 0.007836 0.544455
v -0.115912 0.010000 0.545729
v -0.112468 -0.010000 0.550661
v -0.110670 -0.007836 0.549456
v -0.109076 -0.005918 0.548388
v -0.107551 -0.004082 0.547366
v -0.105958 -0.002164 0.546298
v -0.104160 0.000000 0.545093
v -0.105958 0.002164 0.546298
v -0.107551 0.004082 0.547366
v -0.109076 0.005918 0.548388
v -0.110670 0.007836 0.549456
v -0.112468 0.010000 0.550661
v -0.109193 -0.010000 0.555754
v -0.107350 -0.007836 0.554618
v -0.105718 -0.005918 0.553610
v -0.104155 -0.004082 0.552646
v -0.102523 -0.002164 0.551639
v -0.100681 0.000000 0.550503
v -0.102523 0.002164 0.551639
v -0.104155 0.004082 0.552646
v -0.105718 0.005918 0.553610
v -0.107350 0.007836 0.554618
v -0.109193 0.010000 0.555754
v -0.106086 -0.010000 0.561007
v -0.104203 -0.007836 0.559940
v -0.102534 -0.005918 0.558994
v -0.100937 -0.004082 0.558088
v -0.099268 -0.002164 0.557143
v -0.097385 0.000000 0.556075
v -0.099268 0.002164 0.557143
v -0.100937 0.004082 0.558088
v -0.102534 0.005918 0.558994
v -0.104203 0.007836 0.559940
v -0.106086 0.010000 0.561007
v -0.103149 -0.010000 0.566420
v -0.101228 -0.007836 0.565422
v -0.099526 -0.005918 0.564537
v -0.097897 -0.004082 0.563691
v -0.096195 -0.002164 0.562807
v -0.094274 0.000000 0.561809
v -0.096195 0.002164 0.562807
v -0.097897 0.004082 0.563691
v -0.099526 0.005918 0.564537
v -0.101228 0.007836 0.565422
v -0.103149 0.010000 0.566420
v -0.100380 -0.010000 0.571992
v -0.098425 -0.007836 0.571064
v -0.096692 -0.005918 0.570241
v -0.095034 -0.004082 0.569453
v -0.093301 -0.002164 0.568630
v -0.091346 0.000000 0.567701
v -0.093301 0.002164 0.568630
v -0.095034 0.004082 0.569453
v -0.096692 0.005918 0.570241
v -0.098425 0.007836 0.571064
v -0.100380 0.010000 0.571992
v -0.097781 -0.010000 0.577725
v -0.095794 -0.007836 0.576865
v -0.094034 -0.005918 0.576103
v -0.092349 -0.004082 0.575374
v -0.090589 -0.002164 0.574612
v -0.088602 0.000000 0.573752
v -0.090589 0.002164 0.574612
v -0.092349 0.004082 0.575374
v -0.094034 0.005918 0.576103
v -0.095794 0.007836 0.576865
v -0.097781 0.010000 0.577725
v -0.095350 -0.010000 0.583618
v -0.093335 -0.007836 0.582825
v -0.091550 -0.005918 0.582123
v -0.089842 -0.004082 0.581452
v -0.088057 -0.002164 0.580750
v -0.086042 0.000000 0.579957
v -0.088057 0.002164 0.580750
v -0.089842 0.004082 0.581452
v -0.091550 0.005918 0.582123
v -0.093335 0.007836 0.582825
v -0.095350 0.010000 0.583618
v -0.093101 -0.010000 0.589626
v -0.091062 -0.007836 0.588900
v -0.089255 -0.005918 0.588257
v -0.087525 -0.004082 0.587642
v -0.085718 -0.002164 0.586998
v -0.083679 0.000000 0.586273
v -0.085718 0.002164 0.586998
v -0.087525 0.004082 0.587642
v -0.089255 0.005918 0.588257
v -0.091062 0.007836 0.588900
v -0.093101 0.010000 0.589626
v -0.091048 -0.010000 0.595705
v -0.088986 -0.007836 0.595046
v -0.087159 -0.005918 0.594462
v -0.085411 -0.004082 0.593903
v -0.083584 -0.002164 0.593318
v -0.081522 0.000000 0.592659
v -0.083584 0.002164 0.593318
v -0.085411 0.004082 0.593903
v -0.087159 0.005918 0.594462
v -0.088986 0.007836 0.595046
v -0.091048 0.010000 0.595705
v -0.089190 -0.010000 0.601856
v -0.087108 -0.007836 0.601263
v -0.085264 -0.005918 0.600739
v -0.083498 -0.004082 0.600236
v -0.081653 -0.002164 0.599711
v -0.079571 0.000000 0.599119
v -0.081653 0.002164 0.599711
v -0.083498 0.004082 0.600236
v -0.085264 0.005918 0.600739
v -0.087108 0.007836 0.601263
v -0.089190 0.010000 0.601856
v -0.087528 -0.010000 0.608077
v -0.085428 -0.007836 0.607552
v -0.083568 -0.005918 0.607087
v -0.081787 -0.004082 0.606642
v -0.079926 -0.002164 0.606176
v -0.077826 0.000000 0.605651
v -0.079926 0.002164 0.606176
v -0.081787 0.004082 0.606642
v -0.083568 0.005918 0.607087
v -0.085428 0.007836 0.607552
v -0.087528 0.010000 0.608077
v -0.086062 -0.010000 0.614370
v -0.083946 -0.007836 0.613912
v -0.082072 -0.005918 0.613507
v -0.080277 -0.004082 0.613119
v -0.078402 -0.002164 0.612713
v -0.076287 0.000000 0.612255
v -0.078402 0.002164 0.612713
v -0.080277 0.004082 0.613119
v -0.082072 0.005918 0.613507
v -0.083946 0.007836 0.613912
v -0.086062 0.010000 0.614370
v -0.084791 -0.010000 0.620734
v -0.082662 -0.007836 0.620343
v -0.080775 -0.005918 0.619997
v -0.078969 -0.004082 0.619666
v -0.077083 -0.002164 0.619320
v -0.074954 0.000000 0.618930
v -0.077083 0.002164 0.619320
v -0.078969 0.004082 0.619666
v -0.080775 0.005918 0.619997
v -0.082662 0.007836 0.620343
v -0.084791 0.010000 0.620734
v -0.083716 -0.010000 0.627169
v -0.081575 -0.007836 0.626845
v -0.079679 -0.005918 0.626558
v -0.077863 -0.004082 0.626284
v -0.075967 -0.002164 0.625997
v -0.073827 0.000000 0.625674
v -0.075967 0.002164 0.625997
v -0.077863 0.004082 0.626284
v -0.079679 0.005918 0.626558
v -0.081575 0.007836 0.626845
v -0.083716 0.010000 0.627169
v -0.082836 -0.010000 0.633675
v -0.080686 -0.007836 0.633417
v -0.078782 -0.005918 0.633190
v -0.076959 -0.004082 0.632972
v -0.075055 -0.002164 0.632744
v -0.072905 0.000000 0.632487
v -0.075055 0.002164 0.632744
v -0.076959 0.004082 0.632972
v -0.078782 0.005918 0.633190
v -0.080686 0.007836 0.633417
v -0.082836 0.010000 0.633675
v -0.082151 -0.010000 0.640252
v -0.079995 -0.007836 0.640060
v -0.078085 -0.005918 0.639891
v -0.076256 -0.004082 0.639728
v -0.074345 -0.002164 0.639559
v -0.072189 0.000000 0.639367
v -0.074345 0.002164 0.639559
v -0.076256 0.004082 0.639728
v -0.078085 0.005918 0.639891
v -0.079995 0.007836 0.640060
v -0.082151 0.010000 0.640252
v -0.081662 -0.010000 0.646900
v -0.079501 -0.007836 0.646773
v -0.077587 -0.005918 0.646661
v -0.075754 -0.004082 0.646554
v -0.073839 -0.002164 0.646442
v -0.071678 0.000000 0.646315
v -0.073839 0.002164 0.646442
v -0.075754 0.004082 0.646554
v -0.077587 0.005918 0.646661
v -0.079501 0.007836 0.646773
v -0.081662 0.010000 0.646900
v -0.081369 -0.010000 0.653619
v -0.079205 -0.007836 0.653556
v -0.077288 -0.005918 0.653501
v -0.075453 -0.004082 0.653447
v -0.073536 -0.002164 0.653392
v -0.071372 0.000000 0.653329
v -0.073536 0.002164 0.653392
v -0.075453 0.004082 0.653447
v -0.077288 0.005918 0.653501
v -0.079205 0.007836 0.653556
v -0.081369 0.010000 0.653619
v -0.081271 -0.010000 0.660409
v -0.079106 -0.007836 0.660427
v -0.077188 -0.005918 0.660442
v -0.075352 -0.004082 0.660457
v -0.073434 -0.002164 0.660472
v -0.071269 0.000000 0.660489
v -0.073434 0.002164 0.660472
v -0.075352 0.004082 0.660457
v -0.077188 0.005918 0.660442
v -0.079106 0.007836 0.660427
v -0.081271 0.010000 0.660409
v -0.081760 -0.010000 0.676483
v -0.079599 -0.007836 0.676618
v -0.077684 -0.005918 0.676737
v -0.075851 -0.004082 0.676851
v -0.073936 -0.002164 0.676970
v -0.071774 0.000000 0.677104
v -0.073936 0.002164 0.676970
v -0.075851 0.004082 0.676851
v -0.077684 0.005918 0.676737
v -0.079599 0.007836 0.676618
v -0.081760 0.010000 0.676483
v -0.083227 -0.010000 0.692068
v -0.081079 -0.007836 0.692343
v -0.079175 -0.005918 0.692586
v -0.077353 -0.004082 0.692819
v -0.075450 -0.002164 0.693063
v -0.073302 0.000000 0.693337
v -0.075450 0.002164 0.693063
v -0.077353 0.004082 0.692819
v -0.079175 0.005918 0.692586
v -0.081079 0.007836 0.692343
v -0.083227 0.010000 0.692068
v -0.085671 -0.010000 0.707164
v -0.083546 -0.007836 0.707585
v -0.081664 -0.005918 0.707957
v -0.079862 -0.004082 0.708314
v -0.077980 -0.002164 0.708686
v -0.075855 0.000000 0.709106
v -0.077980 0.002164 0.708686
v -0.079862 0.004082 0.708314
v -0.081664 0.005918 0.707957
v -0.083546 0.007836 0.707585
v -0.085671 0.010000 0.707164
v -0.089093 -0.010000 0.721772
v -0.087003 -0.007836 0.722341
v -0.085152 -0.005918 0.722846
v -0.083379 -0.004082 0.723329
v -0.081528 -0.002164 0.723834
v -0.079438 0.000000 0.724403
v -0.081528 0.002164 0.723834
v -0.083379 0.004082 0.723329
v -0.085152 0.005918 0.722846
v -0.087003 0.007836 0.722341
v -0.089093 0.010000 0.721772
v -0.093492 -0.010000 0.735890
v -0.091450 -0.007836 0.736610
v -0.089640 -0.005918 0.737248
v -0.087907 -0.004082 0.737859
v -0.086097 -0.002164 0.738497
v -0.084055 0.000000 0.739217
v -0.086097 0.002164 0.738497
v -0.087907 0.004082 0.737859
v -0.089640 0.005918 0.737248
v -0.091450 0.007836 0.736610
v -0.093492 0.010000 0.735890
v -0.098869 -0.010000 0.749520
v -0.096886 -0.007836 0.750389
v -0.095128 -0.005918 0.751160
v -0.093446 -0.004082 0.751897
v -0.091688 -0.002164 0.752668
v -0.089704 0.000000 0.753537
v -0.091688 0.002164 0.752668
v -0.093446 0.004082 0.751897
v -0.095128 0.005918 0.751160
v -0.096886 0.007836 0.750389
v -0.098869 0.010000 0.749520
v -0.105224 -0.010000 0.762661
v -0.103311 -0.007836 0.763676
v -0.101616 -0.005918 0.764575
v -0.099993 -0.004082 0.765437
v -0.098298 -0.002164 0.766336
v -0.096385 0.000000 0.767351
v -0.098298 0.002164 0.766336
v -0.099993 0.004082 0.765437
v -0.101616 0.005918 0.764575
v -0.103311 0.007836 0.763676
v -0.105224 0.010000 0.762661
v -0.112557 -0.010000 0.775313
v -0.110725 -0.007836 0.776467
v -0.109101 -0.005918 0.777491
v -0.107547 -0.004082 0.778470
v -0.105923 -0.002164 0.779493
v -0.104091 0.000000 0.780648
v -0.105923 0.002164 0.779493
v -0.107547 0.004082 0.778470
v -0.109101 0.005918 0.777491
v -0.110725 0.007836 0.776467
v -0.112557 0.010000 0.775313
v -0.120867 -0.010000 0.787476
v -0.119124 -0.007836 0.788762
v -0.117580 -0.005918 0.789901
v -0.116102 -0.004082 0.790992
v -0.114558 -0.002164 0.792131
v -0.112815 0.000000 0.793417
v -0.114558 0.002164 0.792131
v -0.116102 0.004082 0.790992
v -0.117580 0.005918 0.789901
v -0.119124 0.007836 0.788762
v -0.120867 0.010000 0.787476
v -0.130155 -0.010000 0.799150
v -0.128509 -0.007836 0.800557
v -0.127050 -0.005918 0.801804
v -0.125654 -0.004082 0.802998
v -0.124195 -0.002164 0.804245
v -0.122549 0.000000 0.805652
v -0.124195 0.002164 0.804245
v -0.125654 0.004082 0.802998
v -0.127050 0.005918 0.801804
v -0.128509 0.007836 0.800557
v -0.130155 0.010000 0.799150
v -0.140421 -0.010000 0.810336
v -0.138876 -0.007836 0.811853
v -0.137507 -0.005918 0.813198
v -0.136196 -0.004082 0.814485
v -0.134827 -0.002164 0.815830
v -0.133282 0.000000 0.817347
v -0.134827 0.002164 0.815830
v -0.136196 0.004082 0.814485
v -0.137507 0.005918 0.813198
v -0.138876 0.007836 0.811853
v -0.140421 0.010000 0.810336
v -0.151664 -0.010000 0.821032
v -0.150228 -0.007836 0.822654
v -0.148956 -0.005918 0.824091
v -0.147739 -0.004082 0.825467
v -0.146467 -0.002164 0.826904
v -0.145032 0.000000 0.828525
v -0.146467 0.002164 0.826904
v -0.147739 0.004082 0.825467
v -0.148956 0.005918 0.824091
v -0.150228 0.007836 0.822654
v -0.151664 0.010000 0.821032
v -0.164085 -0.010000 0.831253
v -0.162763 -0.007836 0.832969
v -0.161592 -0.005918 0.834489
v -0.160471 -0.004082 0.835943
v -0.159299 -0.002164 0.837463
v -0.157977 0.000000 0.839178
v -0.159299 0.002164 0.837463
v -0.160471 0.004082 0.835943
v -0.161592 0.005918 0.834489
v -0.162763 0.007836 0.832969
v -0.164085 0.010000 0.831253
v -0.177030 -0.010000 0.840586
v -0.175821 -0.007836 0.842382
v -0.174750 -0.005918 0.843974
v -0.173725 -0.004082 0.845498
v -0.172653 -0.002164 0.847090
v -0.171445 0.000000 0.848887
v -0.172653 0.002164 0.847090
v -0.173725 0.004082 0.845498
v -0.174750 0.005918 0.843974
v -0.175821 0.007836 0.842382
v -0.177030 0.010000 0.840586
v -0.190500 -0.010000 0.849029
v -0.189410 -0.007836 0.850900
v -0.188444 -0.005918 0.852558
v -0.187519 -0.004082 0.854145
v -0.186553 -0.002164 0.855803
v -0.185463 0.000000 0.857675
v -0.186553 0.002164 0.855803
v -0.187519 0.004082 0.854145
v -0.188444 0.005918 0.852558
v -0.189410 0.007836 0.850900
v -0.190500 0.010000 0.849029
v -0.204494 -0.010000 0.856584
v -0.203527 -0.007836 0.858522
v -0.202671 -0.005918 0.860239
v -0.201851 -0.004082 0.861882
v -0.200994 -0.002164 0.863599
v -0.200028 0.000000 0.865537
v -0.200994 0.002164 0.863599
v -0.201851 0.004082 0.861882
v -0.202671 0.005918 0.860239
v -0.203527 0.007836 0.858522
v -0.204494 0.010000 0.856584
v -0.219012 -0.010000 0.863250
v -0.218172 -0.007836 0.865246
v -0.217427 -0.005918 0.867014
v -0.216714 -0.004082 0.868707
v -0.215970 -0.002164 0.870475
v -0.215129 0.000000 0.872471
v -0.215970 0.002164 0.870475
v -0.216714 0.004082 0.868707
v -0.217427 0.005918 0.867014
v -0.218172 0.007836 0.865246
v -0.219012 0.010000 0.863250
v -0.234055 -0.010000 0.869027
v -0.233342 -0.007836 0.871072
v -0.232710 -0.005918 0.872884
v -0.232106 -0.004082 0.874618
v -0.231474 -0.002164 0.876430
v -0.230761 0.000000 0.878474
v -0.231474 0.002164 0.876430
v -0.232106 0.004082 0.874618
v -0.232710 0.005918 0.872884
v -0.233342 0.007836 0.871072
v -0.234055 0.010000 0.869027
v -0.249622 -0.010000 0.873916
v -0.249036 -0.007836 0.876000
v -0.248517 -0.005918 0.877847
v -0.248021 -0.004082 0.879615
v -0.247502 -0.002164 0.881462
v -0.246916 0.000000 0.883547
v -0.247502 0.002164 0.881462
v -0.248021 0.004082 0.879615
v -0.248517 0.005918 0.877847
v -0.249036 0.007836 0.876000
v -0.249622 0.010000 0.873916
v -0.265714 -0.010000 0.877915
v -0.265253 -0.007836 0.880031
v -0.264845 -0.005918 0.881906
v -0.264455 -0.004082 0.883700
v -0.264046 -0.002164 0.885575
v -0.263586 0.000000 0.887690
v -0.264046 0.002164 0.885575
v -0.264455 0.004082 0.883700
v -0.264845 0.005918 0.881906
v -0.265253 0.007836 0.880031
v -0.265714 0.010000 0.877915
v -0.282330 -0.010000 0.881026
v -0.281991 -0.007836 0.883165
v -0.281691 -0.005918 0.885059
v -0.281404 -0.004082 0.886873
v -0.281104 -0.002164 0.888768
v -0.280766 0.000000 0.890907
v -0.281104 0.002164 0.888768
v -0.281404 0.004082 0.886873
v -0.281691 0.005918 0.885059
v -0.281991 0.007836 0.883165
v -0.282330 0.010000 0.881026
v -0.299470 -0.010000 0.883248
v -0.299250 -0.007836 0.885402
v -0.299054 -0.005918 0.887310
v -0.298867 -0.004082 0.889137
v -0.298671 -0.002164 0.891046
v -0.298450 0.000000 0.893199
v -0.298671 0.002164 0.891046
v -0.298867 0.004082 0.889137
v -0.299054 0.005918 0.887310
v -0.299250 0.007836 0.885402
v -0.299470 0.010000 0.883248
v -0.317135 -0.010000 0.884581
v -0.317027 -0.007836 0.886743
v -0.316931 -0.005918 0.888660
v -0.316840 -0.004082 0.890493
v -0.316744 -0.002164 0.892410
v -0.316636 0.000000 0.894572
v -0.316744 0.002164 0.892410
v -0.316840 0.004082 0.890493
v -0.316931 0.005918 0.888660
v -0.317027 0.007836 0.886743
v -0.317135 0.010000 0.884581
v -0.335324 -0.010000 0.885025
v -0.335313 -0.007836 0.887190
v -0.335303 -0.005918 0.889108
v -0.335294 -0.004082 0.890944
v -0.335284 -0.002164 0.892862
v -0.335272 0.000000 0.895027
v -0.335284 0.002164 0.892862
v -0.335294 0.004082 0.890944
v -0.335303 0.005918 0.889108
v -0.335313 0.007836 0.887190
v -0.335324 0.010000 0.885025
v -0.345290 -0.010000 0.884885
v -0.345351 -0.007836 0.887049
v -0.345405 -0.005918 0.888966
v -0.345457 -0.004082 0.890801
v -0.345512 -0.002164 0.892719
v -0.345573 0.000000 0.894882
v -0.345512 0.002164 0.892719
v -0.345457 0.004082 0.890801
v -0.345405 0.005918 0.888966
v -0.345351 0.007836 0.887049
v -0.345290 0.010000 0.884885
v -0.355135 -0.010000 0.884465
v -0.355259 -0.007836 0.886627
v -0.355369 -0.005918 0.888541
v -0.355474 -0.004082 0.890374
v -0.355584 -0.002164 0.892289
v -0.355708 0.000000 0.894450
v -0.355584 0.002164 0.892289
v -0.355474 0.004082 0.890374
v -0.355369 0.005918 0.888541
v -0.355259 0.007836 0.886627
v -0.355135 0.010000 0.884465
v -0.364861 -0.010000 0.883766
v -0.365049 -0.007836 0.885922
v -0.365215 -0.005918 0.887833
v -0.365374 -0.004082 0.889662
v -0.365540 -0.002164 0.891573
v -0.365728 0.000000 0.893729
v -0.365540 0.002164 0.891573
v -0.365374 0.004082 0.889662
v -0.365215 0.005918 0.887833
v -0.365049 0.007836 0.885922
v -0.364861 0.010000 0.883766
v -0.374467 -0.010000 0.882786
v -0.374719 -0.007836 0.884935
v -0.374943 -0.005918 0.886840
v -0.375157 -0.004082 0.888664
v -0.375380 -0.002164 0.890569
v -0.375633 0.000000 0.892719
v -0.375380 0.002164 0.890569
v -0.375157 0.004082 0.888664
v -0.374943 0.005918 0.886840
v -0.374719 0.007836 0.884935
v -0.374467 0.010000 0.882786
v -0.383952 -0.010000 0.881526
v -0.384270 -0.007836 0.883667
v -0.384552 -0.005918 0.885564
v -0.384822 -0.004082 0.887380
v -0.385104 -0.002164 0.889277
v -0.385422 0.000000 0.891418
v -0.385104 0.002164 0.889277
v -0.384822 0.004082 0.887380
v -0.384552 0.005918 0.885564
v -0.384270 0.007836 0.883667
v -0.383952 0.010000 0.881526
v -0.393318 -0.010000 0.879986
v -0.393703 -0.007836 0.882116
v -0.394044 -0.005918 0.884004
v -0.394370 -0.004082 0.885810
v -0.394711 -0.002164 0.887698
v -0.395095 0.000000 0.889828
v -0.394711 0.002164 0.887698
v -0.394370 0.004082 0.885810
v -0.394044 0.005918 0.884004
v -0.393703 0.007836 0.882116
v -0.393318 0.010000 0.879986
v -0.402564 -0.010000 0.878166
v -0.403015 -0.007836 0.880283
v -0.403416 -0.005918 0.882159
v -0.403799 -0.004082 0.883954
v -0.404199 -0.002164 0.885830
v -0.404651 0.000000 0.887947
v -0.404199 0.002164 0.885830
v -0.403799 0.004082 0.883954
v -0.403416 0.005918 0.882159
v -0.403015 0.007836 0.880283
v -0.402564 0.010000 0.878166
v -0.411689 -0.010000 0.876066
v -0.412209 -0.007836 0.878168
v -0.412669 -0.005918 0.880030
v -0.413109 -0.004082 0.881812
v -0.413569 -0.002164 0.883674
v -0.414089 0.000000 0.885776
v -0.413569 0.002164 0.883674
v -0.413109 0.004082 0.881812
v -0.412669 0.005918 0.880030
v -0.412209 0.007836 0.878168
v -0.411689 0.010000 0.876066
v -0.420695 -0.010000 0.873687
v -0.421282 -0.007836 0.875770
v -0.421802 -0.005918 0.877616
v -0.422300 -0.004082 0.879384
v -0.422820 -0.002164 0.881230
v -0.423407 0.000000 0.883313
v -0.422820 0.002164 0.881230
v -0.422300 0.004082 0.879384
v -0.421802 0.005918 0.877616
v -0.421282 0.007836 0.875770
v -0.420695 0.010000 0.873687
v -0.429581 -0.010000 0.871027
v -0.430235 -0.007836 0.873090
v -0.430815 -0.005918 0.874919
v -0.431371 -0.004082 0.876669
v -0.431951 -0.002164 0.878497
v -0.432605 0.000000 0.880560
v -0.431951 0.002164 0.878497
v -0.431371 0.004082 0.876669
v -0.430815 0.005918 0.874919
v -0.430235 0.007836 0.873090
v -0.429581 0.010000 0.871027
v -0.438347 -0.010000 0.868087
v -0.439068 -0.007836 0.870128
v -0.439708 -0.005918 0.871936
v -0.440320 -0.004082 0.873667
v -0.440960 -0.002164 0.875475
v -0.441682 0.000000 0.877516
v -0.440960 0.002164 0.875475
v -0.440320 0.004082 0.873667
v -0.439708 0.005918 0.871936
v -0.439068 0.007836 0.870128
v -0.438347 0.010000 0.868087
v -0.446992 -0.010000 0.864868
v -0.447782 -0.007836 0.866883
v -0.448481 -0.005918 0.868669
v -0.449151 -0.004082 0.870379
v -0.449850 -0.002164 0.872165
v -0.450640 0.000000 0.874180
v -0.449850 0.002164 0.872165
v -0.449151 0.004082 0.870379
v -0.448481 0.005918 0.868669
v -0.447782 0.007836 0.866883
v -0.446992 0.010000 0.864868
v -0.455460 -0.010000 0.861386
v -0.456318 -0.007836 0.863373
v -0.457079 -0.005918 0.865134
v -0.457806 -0.004082 0.866820
v -0.458567 -0.002164 0.868581
v -0.459425 0.000000 0.870568
v -0.458567 0.002164 0.868581
v -0.457806 0.004082 0.866820
v -0.457079 0.005918 0.865134
v -0.456318 0.007836 0.863373
v -0.455460 0.010000 0.861386
v -0.463693 -0.010000 0.857660
v -0.464621 -0.007836 0.859615
v -0.465443 -0.005918 0.861348
v -0.466230 -0.004082 0.863007
v -0.467052 -0.002164 0.864740
v -0.467979 0.000000 0.866696
v -0.467052 0.002164 0.864740
v -0.466230 0.004082 0.863007
v -0.465443 0.005918 0.861348
v -0.464621 0.007836 0.859615
v -0.463693 0.010000 0.857660
v -0.471690 -0.010000 0.853689
v -0.472688 -0.007836 0.855610
v -0.473572 -0.005918 0.857312
v -0.474419 -0.004082 0.858941
v -0.475303 -0.002164 0.860643
v -0.476301 0.000000 0.862564
v -0.475303 0.002164 0.860643
v -0.474419 0.004082 0.858941
v -0.473572 0.005918 0.857312
v -0.472688 0.007836 0.855610
v -0.471690 0.010000 0.853689
v -0.479451 -0.010000 0.849474
v -0.480520 -0.007836 0.851356
v -0.481466 -0.005918 0.853025
v -0.482373 -0.004082 0.854621
v -0.483319 -0.002164 0.856289
v -0.484388 0.000000 0.858172
v -0.483319 0.002164 0.856289
v -0.482373 0.004082 0.854621
v -0.481466 0.005918 0.853025
v -0.480520 0.007836 0.851356
v -0.479451 0.010000 0.849474
v -0.486977 -0.010000 0.845014
v -0.488116 -0.007836 0.846855
v -0.489125 -0.005918 0.848486
v -0.490091 -0.004082 0.850048
v -0.491100 -0.002164 0.851679
v -0.492239 0.000000 0.853520
v -0.491100 0.002164 0.851679
v -0.490091 0.004082 0.850048
v -0.489125 0.005918 0.848486
v -0.488116 0.007836 0.846855
v -0.486977 0.010000 0.845014
v -0.494267 -0.010000 0.840310
v -0.495476 -0.007836 0.842106
v -0.496547 -0.005918 0.843698
v -0.497572 -0.004082 0.845221
v -0.498643 -0.002164 0.846812
v -0.499851 0.000000 0.848608
v -0.498643 0.002164 0.846812
v -0.497572 0.004082 0.845221
v -0.496547 0.005918 0.843698
v -0.495476 0.007836 0.842106
v -0.494267 0.010000 0.840310
v -0.501322 -0.010000 0.835362
v -0.502600 -0.007836 0.837109
v -0.503732 -0.005918 0.838658
v -0.504815 -0.004082 0.840140
v -0.505947 -0.002164 0.841689
v -0.507225 0.000000 0.843436
v -0.505947 0.002164 0.841689
v -0.504815 0.004082 0.840140
v -0.503732 0.005918 0.838658
v -0.502600 0.007836 0.837109
v -0.501322 0.010000 0.835362
v -0.508141 -0.010000 0.830169
v -0.509486 -0.007836 0.831865
v -0.510678 -0.005918 0.833368
v -0.511819 -0.004082 0.834806
v -0.513011 -0.002164 0.836309
v -0.514357 0.000000 0.838005
v -0.513011 0.002164 0.836309
v -0.511819 0.004082 0.834806
v -0.510678 0.005918 0.833368
v -0.509486 0.007836 0.831865
v -0.508141 0.010000 0.830169
v -0.514725 -0.010000 0.824732
v -0.516136 -0.007836 0.826373
v -0.517387 -0.005918 0.827828
v -0.518584 -0.004082 0.829220
v -0.519835 -0.002164 0.830674
v -0.521246 0.000000 0.832316
v -0.519835 0.002164 0.830674
v -0.518584 0.004082 0.829220
v -0.517387 0.005918 0.827828
v -0.516136 0.007836 0.826373
v -0.514725 0.010000 0.824732
v -0.521073 -0.010000 0.819050
v -0.522549 -0.007836 0.820634
v -0.523856 -0.005918 0.822038
v -0.525108 -0.004082 0.823381
v -0.526415 -0.002164 0.824785
v -0.527891 0.000000 0.826369
v -0.526415 0.002164 0.824785
v -0.525108 0.004082 0.823381
v -0.523856 0.005918 0.822038
v -0.522549 0.007836 0.820634
v -0.521073 0.010000 0.819050
v -0.527186 -0.010000 0.813124
v -0.528723 -0.007836 0.814648
v -0.530086 -0.005918 0.815999
v -0.531390 -0.004082 0.817291
v -0.532752 -0.002164 0.818641
v -0.534289 0.000000 0.820165
v -0.532752 0.002164 0.818641
v -0.531390 0.004082 0.817291
v -0.530086 0.005918 0.815999
v -0.528723 0.007836 0.814648
v -0.527186 0.010000 0.813124
v -0.533063 -0.010000 0.806954
v -0.534647 -0.007836 0.808429
v -0.536050 -0.005918 0.809736
v -0.537394 -0.004082 0.810987
v -0.538797 -0.002164 0.812295
v -0.540381 0.000000 0.813770
v -0.538797 0.002164 0.812295
v -0.537394 0.004082 0.810987
v -0.536050 0.005918 0.809736
v -0.534647 0.007836 0.808429
v -0.533063 0.010000 0.806954
v -0.538187 -0.010000 0.801328
v -0.539812 -0.007836 0.802758
v -0.541252 -0.005918 0.804025
v -0.542630 -0.004082 0.805238
v -0.544070 -0.002164 0.806505
v -0.545695 0.000000 0.807935
v -0.544070 0.002164 0.806505
v -0.542630 0.004082 0.805238
v -0.541252 0.005918 0.804025
v -0.539812 0.007836 0.802758
v -0.538187 0.010000 0.801328
v -0.543106 -0.010000 0.795542
v -0.544779 -0.007836 0.796915
v -0.546262 -0.005918 0.798133
v -0.547680 -0.004082 0.799298
v -0.549163 -0.002164 0.800515
v -0.550836 0.000000 0.801889
v -0.549163 0.002164 0.800515
v -0.547680 0.004082 0.799298
v -0.546262 0.005918 0.798133
v -0.544779 0.007836 0.796915
v -0.543106 0.010000 0.795542
v -0.547821 -0.010000 0.789596
v -0.549540 -0.007836 0.790911
v -0.551063 -0.005918 0.792077
v -0.552521 -0.004082 0.793193
v -0.554044 -0.002164 0.794359
v -0.555763 0.000000 0.795675
v -0.554044 0.002164 0.794359
v -0.552521 0.004082 0.793193
v -0.551063 0.005918 0.792077
v -0.549540 0.007836 0.790911
v -0.547821 0.010000 0.789596
v -0.552332 -0.010000 0.783490
v -0.554095 -0.007836 0.784746
v -0.555657 -0.005918 0.785859
v -0.557152 -0.004082 0.786925
v -0.558714 -0.002164 0.788038
v -0.560477 0.000000 0.789294
v -0.558714 0.002164 0.788038
v -0.557152 0.004082 0.786925
v -0.555657 0.005918 0.785859
v -0.554095 0.007836 0.784746
v -0.552332 0.010000 0.783490
v -0.556638 -0.010000 0.777224
v -0.558443 -0.007836 0.778419
v -0.560042 -0.005918 0.779479
v -0.561572 -0.004082 0.780492
v -0.563171 -0.002164 0.781552
v -0.564976 0.000000 0.782747
v -0.563171 0.002164 0.781552
v -0.561572 0.004082 0.780492
v -0.560042 0.005918 0.779479
v -0.558443 0.007836 0.778419
v -0.556638 0.010000 0.777224
v -0.560740 -0.010000 0.770798
v -0.562584 -0.007836 0.771931
v -0.564218 -0.005918 0.772936
v -0.565782 -0.004082 0.773897
v -0.567416 -0.002164 0.774902
v -0.569260 0.000000 0.776036
v -0.567416 0.002164 0.774902
v -0.565782 0.004082 0.773897
v -0.564218 0.005918 0.772936
v -0.562584 0.007836 0.771931
v -0.560740 0.010000 0.770798
v -0.564637 -0.010000 0.764212
v -0.566519 -0.007836 0.765283
v -0.568185 -0.005918 0.766232
v -0.569781 -0.004082 0.767140
v -0.571448 -0.002164 0.768089
v -0.573329 0.000000 0.769160
v -0.571448 0.002164 0.768089
v -0.569781 0.004082 0.767140
v -0.568185 0.005918 0.766232
v -0.566519 0.007836 0.765283
v -0.564637 0.010000 0.764212
v -0.568330 -0.010000 0.757466
v -0.570246 -0.007836 0.758474
v -0.571944 -0.005918 0.759367
v -0.573568 -0.004082 0.760221
v -0.575266 -0.002164 0.761115
v -0.577182 0.000000 0.762122
v -0.575266 0.002164 0.761115
v -0.573568 0.004082 0.760221
v -0.571944 0.005918 0.759367
v -0.570246 0.007836 0.758474
v -0.568330 0.010000 0.757466
v -0.571819 -0.010000 0.750560
v -0.573767 -0.007836 0.751504
v -0.575493 -0.005918 0.752341
v -0.577145 -0.004082 0.753142
v -0.578871 -0.002164 0.753979
v -0.580818 0.000000 0.754923
v -0.578871 0.002164 0.753979
v -0.577145 0.004082 0.753142
v -0.575493 0.005918 0.752341
v -0.573767 0.007836 0.751504
v -0.571819 0.010000 0.750560
v -0.575103 -0.010000 0.743494
v -0.577080 -0.007836 0.744375
v -0.578833 -0.005918 0.745155
v -0.580510 -0.004082 0.745902
v -0.582262 -0.002164 0.746682
v -0.584239 0.000000 0.747563
v -0.582262 0.002164 0.746682
v -0.580510 0.004082 0.745902
v -0.578833 0.005918 0.745155
v -0.577080 0.007836 0.744375
v -0.575103 0.010000 0.743494
v -0.578183 -0.010000 0.736268
v -0.580187 -0.007836 0.737085
v -0.581963 -0.005918 0.737809
v -0.583663 -0.004082 0.738502
v -0.585440 -0.002164 0.739226
v -0.587444 0.000000 0.740043
v -0.585440 0.002164 0.739226
v -0.583663 0.004082 0.738502
v -0.581963 0.005918 0.737809
v -0.580187 0.007836 0.737085
v -0.578183 0.010000 0.736268
v -0.581058 -0.010000 0.728882
v -0.583087 -0.007836 0.729637
v -0.584885 -0.005918 0.730305
v -0.586605 -0.004082 0.730945
v -0.588403 -0.002164 0.731614
v -0.590432 0.000000 0.732368
v -0.588403 0.002164 0.731614
v -0.586605 0.004082 0.730945
v -0.584885 0.005918 0.730305
v -0.583087 0.007836 0.729637
v -0.581058 0.010000 0.728882
v -0.583715 -0.010000 0.721390
v -0.585766 -0.007836 0.722083
v -0.587583 -0.005918 0.722697
v -0.589322 -0.004082 0.723285
v -0.591139 -0.002164 0.723899
v -0.593190 0.000000 0.724592
v -0.591139 0.002164 0.723899
v -0.589322 0.004082 0.723285
v -0.587583 0.005918 0.722697
v -0.585766 0.007836 0.722083
v -0.583715 0.010000 0.721390
v -0.586142 -0.010000 0.713844
v -0.588212 -0.007836 0.714475
v -0.590047 -0.005918 0.715035
v -0.591803 -0.004082 0.715571
v -0.593637 -0.002164 0.716131
v -0.595707 0.000000 0.716763
v -0.593637 0.002164 0.716131
v -0.591803 0.004082 0.715571
v -0.590047 0.005918 0.715035
v -0.588212 0.007836 0.714475
v -0.586142 0.010000 0.713844
v -0.588337 -0.010000 0.706245
v -0.590426 -0.007836 0.706814
v -0.592276 -0.005918 0.707319
v -0.594047 -0.004082 0.707802
v -0.595898 -0.002164 0.708306
v -0.597986 0.000000 0.708876
v -0.595898 0.002164 0.708306
v -0.594047 0.004082 0.707802
v -0.592276 0.005918 0.707319
v -0.590426 0.007836 0.706814
v -0.588337 0.010000 0.706245
v -0.590301 -0.010000 0.698592
v -0.592406 -0.007836 0.699099
v -0.594271 -0.005918 0.699548
v -0.596055 -0.004082 0.699977
v -0.597920 -0.002164 0.700426
v -0.600025 0.000000 0.700933
v -0.597920 0.002164 0.700426
v -0.596055 0.004082 0.699977
v -0.594271 0.005918 0.699548
v -0.592406 0.007836 0.699099
v -0.590301 0.010000 0.698592
v -0.592035 -0.010000 0.690886
v -0.594153 -0.007836 0.691329
v -0.596031 -0.005918 0.691722
v -0.597828 -0.004082 0.692098
v -0.599705 -0.002164 0.692491
v -0.601824 0.000000 0.692934
v -0.599705 0.002164 0.692491
v -0.597828 0.004082 0.692098
v -0.596031 0.005918 0.691722
v -0.594153 0.007836 0.691329
v -0.592035 0.010000 0.690886
v -0.593537 -0.010000 0.683127
v -0.595668 -0.007836 0.683507
v -0.597556 -0.005918 0.683843
v -0.599363 -0.004082 0.684165
v -0.601252 -0.002164 0.684501
v -0.603383 0.000000 0.684881
v -0.601252 0.002164 0.684501
v -0.599363 0.004082 0.684165
v -0.597556 0.005918 0.683843
v -0.595668 0.007836 0.683507
v -0.593537 0.010000 0.683127
v -0.594808 -0.010000 0.675314
v -0.596949 -0.007836 0.675630
v -0.598847 -0.005918 0.675910
v -0.600663 -0.004082 0.676178
v -0.602560 -0.002164 0.676457
v -0.604702 0.000000 0.676773
v -0.602560 0.002164 0.676457
v -0.600663 0.004082 0.676178
v -0.598847 0.005918 0.675910
v -0.596949 0.007836 0.675630
v -0.594808 0.010000 0.675314
v -0.595847 -0.010000 0.667449
v -0.597997 -0.007836 0.667700
v -0.599902 -0.005918 0.667924
v -0.601726 -0.004082 0.668137
v -0.603631 -0.002164 0.668360
v -0.605781 0.000000 0.668612
v -0.603631 0.002164 0.668360
v -0.601726 0.004082 0.668137
v -0.599902 0.005918 0.667924
v -0.597997 0.007836 0.667700
v -0.595847 0.010000 0.667449
v -0.596656 -0.010000 0.659530
v -0.598813 -0.007836 0.659718
v -0.600724 -0.005918 0.659885
v -0.602552 -0.004082 0.660044
v -0.604463 -0.002164 0.660211
v -0.606620 0.000000 0.660399
v -0.604463 0.002164 0.660211
v -0.602552 0.004082 0.660044
v -0.600724 0.005918 0.659885
v -0.598813 0.007836 0.659718
v -0.596656 0.010000 0.659530
v -0.597234 -0.010000 0.651557
v -0.599395 -0.007836 0.651682
v -0.601310 -0.005918 0.651793
v -0.603143 -0.004082 0.651899
v -0.605057 -0.002164 0.652009
v -0.607218 0.000000 0.652134
v -0.605057 0.002164 0.652009
v -0.603143 0.004082 0.651899
v -0.601310 0.005918 0.651793
v -0.599395 0.007836 0.651682
v -0.597234 0.010000 0.651557
v -0.597581 -0.010000 0.643531
v -0.599744 -0.007836 0.643593
v -0.601662 -0.005918 0.643649
v -0.603497 -0.004082 0.643701
v -0.605414 -0.002164 0.643756
v -0.607578 0.000000 0.643818
v -0.605414 0.002164 0.643756
v -0.603497 0.004082 0.643701
v -0.601662 0.005918 0.643649
v -0.599744 0.007836 0.643593
v -0.597581 0.010000 0.643531
v -0.597696 -0.010000 0.635452
v -0.599861 -0.007836 0.635436
v -0.601779 -0.005918 0.635422
v -0.603615 -0.004082 0.635408
v -0.605533 -0.002164 0.635394
v -0.607698 0.000000 0.635378
v -0.605533 0.002164 0.635394
v -0.603615 0.004082 0.635408
v -0.601779 0.005918 0.635422
v -0.599861 0.007836 0.635436
v -0.597696 0.010000 0.635452
v -0.597230 -0.010000 0.619423
v -0.599391 -0.007836 0.619297
v -0.601307 -0.005918 0.619186
v -0.603140 -0.004082 0.619080
v -0.605055 -0.002164 0.618969
v -0.607217 0.000000 0.618843
v -0.605055 0.002164 0.618969
v -0.603140 0.004082 0.619080
v -0.601307 0.005918 0.619186
v -0.599391 0.007836 0.619297
v -0.597230 0.010000 0.619423
v -0.595830 -0.010000 0.603331
v -0.597981 -0.007836 0.603082
v -0.599886 -0.005918 0.602862
v -0.601711 -0.004082 0.602651
v -0.603617 -0.002164 0.602431
v -0.605767 0.000000 0.602182
v -0.603617 0.002164 0.602431
v -0.601711 0.004082 0.602651
v -0.599886 0.005918 0.602862
v -0.597981 0.007836 0.603082
v -0.595830 0.010000 0.603331
v -0.593497 -0.010000 0.587177
v -0.595630 -0.007836 0.586809
v -0.597521 -0.005918 0.586482
v -0.599330 -0.004082 0.586169
v -0.601221 -0.002164 0.585843
v -0.603354 0.000000 0.585474
v -0.601221 0.002164 0.585843
v -0.599330 0.004082 0.586169
v -0.597521 0.005918 0.586482
v -0.595630 0.007836 0.586809
v -0.593497 0.010000 0.587177
v -0.590230 -0.010000 0.570961
v -0.592341 -0.007836 0.570477
v -0.594210 -0.005918 0.570048
v -0.596000 -0.004082 0.569637
v -0.597870 -0.002164 0.569208
v -0.599980 0.000000 0.568723
v -0.597870 0.002164 0.569208
v -0.596000 0.004082 0.569637
v -0.594210 0.005918 0.570048
v -0.592341 0.007836 0.570477
v -0.590230 0.010000 0.570961
v -0.586031 -0.010000 0.554683
v -0.588112 -0.007836 0.554088
v -0.589957 -0.005918 0.553561
v -0.591722 -0.004082 0.553056
v -0.593567 -0.002164 0.552529
v -0.595649 0.000000 0.551934
v -0.593567 0.002164 0.552529
v -0.591722 0.004082 0.553056
v -0.589957 0.005918 0.553561
v -0.588112 0.007836 0.554088
v -0.586031 0.010000 0.554683
v -0.580898 -0.010000 0.538342
v -0.582947 -0.007836 0.537642
v -0.584762 -0.005918 0.537022
v -0.586499 -0.004082 0.536428
v -0.588315 -0.002164 0.535808
v -0.590364 0.000000 0.535108
v -0.588315 0.002164 0.535808
v -0.586499 0.004082 0.536428
v -0.584762 0.005918 0.537022
v -0.582947 0.007836 0.537642
v -0.580898 0.010000 0.538342
v -0.574832 -0.010000 0.521940
v -0.576844 -0.007836 0.521141
v -0.578627 -0.005918 0.520432
v -0.580333 -0.004082 0.519755
v -0.582116 -0.002164 0.519046
v -0.584128 0.000000 0.518247
v -0.582116 0.002164 0.519046
v -0.580333 0.004082 0.519755
v -0.578627 0.005918 0.520432
v -0.576844 0.007836 0.521141
v -0.574832 0.010000 0.521940
v -0.567833 -0.010000 0.505475
v -0.569805 -0.007836 0.504583
v -0.571553 -0.005918 0.503792
v -0.573226 -0.004082 0.503036
v -0.574974 -0.002164 0.502245
v -0.576946 0.000000 0.501353
v -0.574974 0.002164 0.502245
v -0.573226 0.004082 0.503036
v -0.571553 0.005918 0.503792
v -0.569805 0.007836 0.504583
v -0.567833 0.010000 0.505475
v -0.559900 -0.010000 0.488948
v -0.561831 -0.007836 0.487969
v -0.563542 -0.005918 0.487102
v -0.565180 -0.004082 0.486272
v -0.566891 -0.002164 0.485404
v -0.568822 0.000000 0.484425
v -0.566891 0.002164 0.485404
v -0.565180 0.004082 0.486272
v -0.563542 0.005918 0.487102
v -0.561831 0.007836 0.487969
v -0.559900 0.010000 0.488948
v -0.551034 -0.010000 0.472358
v -0.552922 -0.007836 0.471299
v -0.554595 -0.005918 0.470360
v -0.556196 -0.004082 0.469462
v -0.557869 -0.002164 0.468523
v -0.559757 0.000000 0.467464
v -0.557869 0.002164 0.468523
v -0.556196 0.004082 0.469462
v -0.554595 0.005918 0.470360
v -0.552922 0.007836 0.471299
v -0.551034 0.010000 0.472358
v -0.541235 -0.010000 0.455707
v -0.543079 -0.007836 0.454573
v -0.544713 -0.005918 0.453568
v -0.546277 -0.004082 0.452606
v -0.547911 -0.002164 0.451601
v -0.549755 0.000000 0.450467
v -0.547911 0.002164 0.451601
v -0.546277 0.004082 0.452606
v -0.544713 0.005918 0.453568
v -0.543079 0.007836 0.454573
v -0.541235 0.010000 0.455707
v -0.530503 -0.010000 0.438993
v -0.532304 -0.007836 0.437792
v -0.533900 -0.005918 0.436728
v -0.535428 -0.004082 0.435709
v -0.537023 -0.002164 0.434645
v -0.538824 0.000000 0.433444
v -0.537023 0.002164 0.434645
v -0.535428 0.004082 0.435709
v -0.533900 0.005918 0.436728
v -0.532304 0.007836 0.437792
v -0.530503 0.010000 0.438993
v -0.524971 -0.010000 0.431001
v -0.526740 -0.007836 0.429754
v -0.528308 -0.005918 0.428650
v -0.529809 -0.004082 0.427592
v -0.531377 -0.002164 0.426488
v -0.533146 0.000000 0.425241
v -0.531377 0.002164 0.426488
v -0.529809 0.004082 0.427592
v -0.528308 0.005918 0.428650
v -0.526740 0.007836 0.429754
v -0.524971 0.010000 0.431001
v -0.519251 -0.010000 0.423021
v -0.521000 -0.007836 0.421746
v -0.522550 -0.005918 0.420617
v -0.524033 -0.004082 0.419535
v -0.525583 -0.002164 0.418405
v -0.527332 0.000000 0.417130
v -0.525583 0.002164 0.418405
v -0.524033 0.004082 0.419535
v -0.522550 0.005918 0.420617
v -0.521000 0.007836 0.421746
v -0.519251 0.010000 0.423021
v -0.513345 -0.010000 0.415056
v -0.515074 -0.007836 0.413753
v -0.516605 -0.005918 0.412599
v -0.518071 -0.004082 0.411494
v -0.519603 -0.002164 0.410339
v -0.521331 0.000000 0.409037
v -0.519603 0.002164 0.410339
v -0.518071 0.004082 0.411494
v -0.516605 0.005918 0.412599
v -0.515074 0.007836 0.413753
v -0.513345 0.010000 0.415056
v -0.507253 -0.010000 0.407103
v -0.508960 -0.007836 0.405774
v -0.510474 -0.005918 0.404596
v -0.511922 -0.004082 0.403468
v -0.513436 -0.002164 0.402290
v -0.515144 0.000000 0.400960
v -0.513436 0.002164 0.402290
v -0.511922 0.004082 0.403468
v -0.510474 0.005918 0.404596
v -0.508960 0.007836 0.405774
v -0.507253 0.010000 0.407103
v -0.500973 -0.010000 0.399164
v -0.502661 -0.007836 0.397809
v -0.504156 -0.005918 0.396607
v -0.505587 -0.004082 0.395458
v -0.507082 -0.002164 0.394257
v -0.508770 0.000000 0.392901
v -0.507082 0.002164 0.394257
v -0.505587 0.004082 0.395458
v -0.504156 0.005918 0.396607
v -0.502661 0.007836 0.397809
v -0.500973 0.010000 0.399164
v -0.494507 -0.010000 0.391238
v -0.496174 -0.007836 0.389858
v -0.497651 -0.005918 0.388634
v -0.499065 -0.004082 0.387463
v -0.500542 -0.002164 0.386240
v -0.502209 0.000000 0.384859
v -0.500542 0.002164 0.386240
v -0.499065 0.004082 0.387463
v -0.497651 0.005918 0.388634
v -0.496174 0.007836 0.389858
v -0.494507 0.010000 0.391238
v -0.487855 -0.010000 0.383326
v -0.489501 -0.007836 0.381921
v -0.490960 -0.005918 0.380676
v -0.492357 -0.004082 0.379485
v -0.493816 -0.002164 0.378240
v -0.495462 0.000000 0.376835
v -0.493816 0.002164 0.378240
v -0.492357 0.004082 0.379485
v -0.490960 0.005918 0.380676
v -0.489501 0.007836 0.381921
v -0.487855 0.010000 0.383326
v -0.481015 -0.010000 0.375427
v -0.482642 -0.007836 0.373998
v -0.484082 -0.005918 0.372733
v -0.485462 -0.004082 0.371521
v -0.486903 -0.002164 0.370256
v -0.488529 0.000000 0.368827
v -0.486903 0.002164 0.370256
v -0.485462 0.004082 0.371521
v -0.484082 0.005918 0.372733
v -0.482642 0.007836 0.373998
v -0.481015 0.010000 0.375427
v -0.473989 -0.010000 0.367541
v -0.475595 -0.007836 0.366090
v -0.477018 -0.005918 0.364804
v -0.478381 -0.004082 0.363573
v -0.479804 -0.002164 0.362288
v -0.481410 0.000000 0.360837
v -0.479804 0.002164 0.362288
v -0.478381 0.004082 0.363573
v -0.477018 0.005918 0.364804
v -0.475595 0.007836 0.366090
v -0.473989 0.010000 0.367541
v -0.466777 -0.010000 0.359668
v -0.468363 -0.007836 0.358195
v -0.469768 -0.005918 0.356890
v -0.471113 -0.004082 0.355641
v -0.472518 -0.002164 0.354336
v -0.474104 0.000000 0.352863
v -0.472518 0.002164 0.354336
v -0.471113 0.004082 0.355641
v -0.469768 0.005918 0.356890
v -0.468363 0.007836 0.358195
v -0.466777 0.010000 0.359668
v -0.459378 -0.010000 0.351809
v -0.460944 -0.007836 0.350315
v -0.462331 -0.005918 0.348991
v -0.463659 -0.004082 0.347724
v -0.465047 -0.002164 0.346400
v -0.466613 0.000000 0.344906
v -0.465047 0.002164 0.346400
v -0.463659 0.004082 0.347724
v -0.462331 0.005918 0.348991
v -0.460944 0.007836 0.350315
v -0.459378 0.010000 0.351809
v -0.451792 -0.010000 0.343963
v -0.453338 -0.007836 0.342449
v -0.454708 -0.005918 0.341107
v -0.456019 -0.004082 0.339822
v -0.457389 -0.002164 0.338480
v -0.458935 0.000000 0.336965
v -0.457389 0.002164 0.338480
v -0.456019 0.004082 0.339822
v -0.454708 0.005918 0.341107
v -0.453338 0.007836 0.342449
v -0.451792 0.010000 0.343963
v -0.443864 -0.010000 0.335975
v -0.445391 -0.007836 0.334441
v -0.446744 -0.005918 0.333082
v -0.448039 -0.004082 0.331781
v -0.449392 -0.002164 0.330422
v -0.450919 0.000000 0.328888
v -0.449392 0.002164 0.330422
v -0.448039 0.004082 0.331781
v -0.446744 0.005918 0.333082
v -0.445391 0.007836 0.334441
v -0.443864 0.010000 0.335975
v -0.435438 -0.010000 0.327689
v -0.436947 -0.007836 0.326138
v -0.438284 -0.005918 0.324763
v -0.439564 -0.004082 0.323447
v -0.440901 -0.002164 0.322072
v -0.442410 0.000000 0.320521
v -0.440901 0.002164 0.322072
v -0.439564 0.004082 0.323447
v -0.438284 0.005918 0.324763
v -0.436947 0.007836 0.326138
v -0.435438 0.010000 0.327689
v -0.426514 -0.010000 0.319106
v -0.428007 -0.007836 0.317538
v -0.429330 -0.005918 0.316150
v -0.430595 -0.004082 0.314820
v -0.431918 -0.002164 0.313431
v -0.433411 0.000000 0.311864
v -0.431918 0.002164 0.313431
v -0.430595 0.004082 0.314820
v -0.429330 0.005918 0.316150
v -0.428007 0.007836 0.317538
v -0.426514 0.010000 0.319106
v -0.417093 -0.010000 0.310225
v -0.418571 -0.007836 0.308643
v -0.419880 -0.005918 0.307241
v -0.421133 -0.004082 0.305900
v -0.422442 -0.002164 0.304498
v -0.423919 0.000000 0.302916
v -0.422442 0.002164 0.304498
v -0.421133 0.004082 0.305900
v -0.419880 0.005918 0.307241
v -0.418571 0.007836 0.308643
v -0.417093 0.010000 0.310225
v -0.407174 -0.010000 0.301046
v -0.408638 -0.007836 0.299451
v -0.409934 -0.005918 0.298038
v -0.411175 -0.004082 0.296685
v -0.412472 -0.002164 0.295272
v -0.413935 0.000000 0.293677
v -0.412472 0.002164 0.295272
v -0.411175 0.004082 0.296685
v -0.409934 0.005918 0.298038
v -0.408638 0.007836 0.299451
v -0.407174 0.010000 0.301046
v -0.396758 -0.010000 0.291569
v -0.398208 -0.007836 0.289962
v -0.399493 -0.005918 0.288539
v -0.400723 -0.004082 0.287176
v -0.402008 -0.002164 0.285752
v -0.403458 0.000000 0.284146
v -0.402008 0.002164 0.285752
v -0.400723 0.004082 0.287176
v -0.399493 0.005918 0.288539
v -0.398208 0.007836 0.289962
v -0.396758 0.010000 0.291569
v -0.385843 -0.010000 0.281794
v -0.387281 -0.007836 0.280177
v -0.388556 -0.005918 0.278744
v -0.389775 -0.004082 0.277372
v -0.391050 -0.002164 0.275938
v -0.392488 0.000000 0.274321
v -0.391050 0.002164 0.275938
v -0.389775 0.004082 0.277372
v -0.388556 0.005918 0.278744
v -0.387281 0.007836 0.280177
v -0.385843 0.010000 0.281794
v -0.374431 -0.010000 0.271722
v -0.375858 -0.007836 0.270095
v -0.377122 -0.005918 0.268652
v -0.378332 -0.004082 0.267272
v -0.379596 -0.002164 0.265830
v -0.381023 0.000000 0.264202
v -0.379596 0.002164 0.265830
v -0.378332 0.004082 0.267272
v -0.377122 0.005918 0.268652
v -0.375858 0.007836 0.270095
v -0.374431 0.010000 0.271722
v -0.362521 -0.010000 0.261352
v -0.363937 -0.007836 0.259715
v -0.365192 -0.005918 0.258265
v -0.366393 -0.004082 0.256877
v -0.367648 -0.002164 0.255427
v -0.369064 0.000000 0.253790
v -0.367648 0.002164 0.255427
v -0.366393 0.004082 0.256877
v -0.365192 0.005918 0.258265
v -0.363937 0.007836 0.259715
v -0.362521 0.010000 0.261352
v -0.350114 -0.010000 0.250684
v -0.351520 -0.007836 0.249039
v -0.352766 -0.005918 0.247581
v -0.353959 -0.004082 0.246186
v -0.355205 -0.002164 0.244728
v -0.356611 0.000000 0.243083
v -0.355205 0.002164 0.244728
v -0.353959 0.004082 0.246186
v -0.352766 0.005918 0.247581
v -0.351520 0.007836 0.249039
v -0.350114 0.010000 0.250684
v -0.337208 -0.010000 0.239719
v -0.338605 -0.007836 0.238066
v -0.339843 -0.005918 0.236601
v -0.341028 -0.004082 0.235199
v -0.342266 -0.002164 0.233734
v -0.343663 0.000000 0.232081
v -0.342266 0.002164 0.233734
v -0.341028 0.004082 0.235199
v -0.339843 0.005918 0.236601
v -0.338605 0.007836 0.238066
v -0.337208 0.010000 0.239719
v -0.323805 -0.010000 0.228456
v -0.325190 -0.007836 0.226792
v -0.326417 -0.005918 0.225318
v -0.327592 -0.004082 0.223908
v -0.328819 -0.002164 0.222434
v -0.330204 0.000000 0.220771
v -0.328819 0.002164 0.222434
v -0.327592 0.004082 0.223908
v -0.326417 0.005918 0.225318
v -0.325190 0.007836 0.226792
v -0.323805 0.010000 0.228456
v -0.306727 -0.010000 0.214368
v -0.308106 -0.007836 0.212700
v -0.309328 -0.005918 0.211222
v -0.310498 -0.004082 0.209807
v -0.311720 -0.002164 0.208329
v -0.313099 0.000000 0.206661
v -0.311720 0.002164 0.208329
v -0.310498 0.004082 0.209807
v -0.309328 0.005918 0.211222
v -0.308106 0.007836 0.212700
v -0.306727 0.010000 0.214368
v -0.290476 -0.010000 0.200903
v -0.291859 -0.007836 0.199238
v -0.293084 -0.005918 0.197763
v -0.294257 -0.004082 0.196351
v -0.295482 -0.002164 0.194875
v -0.296865 0.000000 0.193210
v -0.295482 0.002164 0.194875
v -0.294257 0.004082 0.196351
v -0.293084 0.005918 0.197763
v -0.291859 0.007836 0.199238
v -0.290476 0.010000 0.200903
v -0.275051 -0.010000 0.188060
v -0.276438 -0.007836 0.186398
v -0.277667 -0.005918 0.184926
v -0.278843 -0.004082 0.183517
v -0.280072 -0.002164 0.182045
v -0.281459 0.000000 0.180384
v -0.280072 0.002164 0.182045
v -0.278843 0.004082 0.183517
v -0.277667 0.005918 0.184926
v -0.276438 0.007836 0.186398
v -0.275051 0.010000 0.188060
v -0.260452 -0.010000 0.175839
v -0.261844 -0.007836 0.174181
v -0.263077 -0.005918 0.172713
v -0.264258 -0.004082 0.171307
v -0.265491 -0.002164 0.169838
v -0.266883 0.000000 0.168181
v -0.265491 0.002164 0.169838
v -0.264258 0.004082 0.171307
v -0.263077 0.005918 0.172713
v -0.261844 0.007836 0.174181
v -0.260452 0.010000 0.175839
v -0.246680 -0.010000 0.164240
v -0.248077 -0.007836 0.162587
v -0.249315 -0.005918 0.161122
v -0.250500 -0.004082 0.159720
v -0.251738 -0.002164 0.158255
v -0.253135 0.000000 0.156602
v -0.251738 0.002164 0.158255
v -0.250500 0.004082 0.159720
v -0.249315 0.005918 0.161122
v -0.248077 0.007836 0.162587
v -0.246680 0.010000 0.164240
v -0.233735 -0.010000 0.153264
v -0.235138 -0.007836 0.151615
v -0.236381 -0.005918 0.150155
v -0.237571 -0.004082 0.148757
v -0.238814 -0.002164 0.147297
v -0.240217 0.000000 0.145649
v -0.238814 0.002164 0.147297
v -0.237571 0.004082 0.148757
v -0.236381 0.005918 0.150155
v -0.235138 0.007836 0.151615
v -0.233735 0.010000 0.153264
v -0.221616 -0.010000 0.142909
v -0.223026 -0.007836 0.141267
v -0.224275 -0.005918 0.139811
v -0.225470 -0.004082 0.138418
v -0.226719 -0.002164 0.136963
v -0.228129 0.000000 0.135320
v -0.226719 0.002164 0.136963
v -0.225470 0.004082 0.138418
v -0.224275 0.005918 0.139811
v -0.223026 0.007836 0.141267
v -0.221616 0.010000 0.142909
v -0.210324 -0.010000 0.133177
v -0.211741 -0.007836 0.131541
v -0.212997 -0.005918 0.130091
v -0.214199 -0.004082 0.128704
v -0.215454 -0.002164 0.127254
v -0.216871 0.000000 0.125618
v -0.215454 0.002164 0.127254
v -0.214199 0.004082 0.128704
v -0.212997 0.005918 0.130091
v -0.211741 0.007836 0.131541
v -0.210324 0.010000 0.133177
v -0.199859 -0.010000 0.124067
v -0.201284 -0.007836 0.122438
v -0.202548 -0.005918 0.120995
v -0.203757 -0.004082 0.119614
v -0.205020 -0.002164 0.118171
v -0.206446 0.000000 0.116543
v -0.205020 0.002164 0.118171
v -0.203757 0.004082 0.119614
v -0.202548 0.005918 0.120995
v -0.201284 0.007836 0.122438
v -0.199859 0.010000 0.124067
v -0.190220 -0.010000 0.115579
v -0.191656 -0.007836 0.113959
v -0.192928 -0.005918 0.112524
v -0.194146 -0.004082 0.111151
v -0.195418 -0.002164 0.109716
v -0.196854 0.000000 0.108096
v -0.195418 0.002164 0.109716
v -0.194146 0.004082 0.111151
v -0.192928 0.005918 0.112524
v -0.191656 0.007836 0.113959
v -0.190220 0.010000 0.115579
v -0.181407 -0.010000 0.107713
v -0.182855 -0.007836 0.106104
v -0.184138 -0.005918 0.104678
v -0.185366 -0.004082 0.103314
v -0.186648 -0.002164 0.101888
v -0.188096 0.000000 0.100279
v -0.186648 0.002164 0.101888
v -0.185366 0.004082 0.103314
v -0.184138 0.005918 0.104678
v -0.182855 0.007836 0.106104
v -0.181407 0.010000 0.107713
v -0.173421 -0.010000 0.100469
v -0.179029 -0.007836 0.102634
v -0.183998 -0.005918 0.104551
v -0.188754 -0.004082 0.106387
v -0.193723 -0.002164 0.108305
v -0.199330 0.000000 0.110469
v -0.193723 0.002164 0.108305
v -0.188754 0.004082 0.106387
v -0.183998 0.005918 0.104551
v -0.179029 0.007836 0.102634
v -0.173421 0.010000 0.100469
v -0.404437 -0.010000 0.100469
v -0.404431 -0.007836 0.102634
v -0.404426 -0.005918 0.104551
v -0.404422 -0.004082 0.106387
v -0.404417 -0.002164 0.108305
v -0.404411 0.000000 0.110469
v -0.404417 0.002164 0.108305
v -0.404422 0.004082 0.106387
v -0.404426 0.005918 0.104551
v -0.404431 0.007836 0.102634
v -0.404437 0.010000 0.100469
v -0.413907 -0.010000 0.100518
v -0.413884 -0.007836 0.102682
v -0.413863 -0.005918 0.104600
v -0.413843 -0.004082 0.106436
v -0.413823 -0.002164 0.108353
v -0.413800 0.000000 0.110518
v -0.413823 0.002164 0.108353
v -0.413843 0.004082 0.106436
v -0.413863 0.005918 0.104600
v -0.413884 0.007836 0.102682
v -0.413907 0.010000 0.100518
v -0.422906 -0.010000 0.100665
v -0.422857 -0.007836 0.102829
v -0.422814 -0.005918 0.104746
v -0.422773 -0.004082 0.106581
v -0.422730 -0.002164 0.108499
v -0.422681 0.000000 0.110662
v -0.422730 0.002164 0.108499
v -0.422773 0.004082 0.106581
v -0.422814 0.005918 0.104746
v -0.422857 0.007836 0.102829
v -0.422906 0.010000 0.100665
v -0.431434 -0.010000 0.100909
v -0.431357 -0.007836 0.103072
v -0.431289 -0.005918 0.104989
v -0.431224 -0.004082 0.106823
v -0.431155 -0.002164 0.108740
v -0.431079 0.000000 0.110903
v -0.431155 0.002164 0.108740
v -0.431224 0.004082 0.106823
v -0.431289 0.005918 0.104989
v -0.431357 0.007836 0.103072
v -0.431434 0.010000 0.100909
v -0.439491 -0.010000 0.101251
v -0.439382 -0.007836 0.103413
v -0.439286 -0.005918 0.105329
v -0.439194 -0.004082 0.107162
v -0.439098 -0.002164 0.109077
v -0.438989 0.000000 0.111239
v -0.439098 0.002164 0.109077
v -0.439194 0.004082 0.107162
v -0.439286 0.005918 0.105329
v -0.439382 0.007836 0.103413
v -0.439491 0.010000 0.101251
v -0.447077 -0.010000 0.101691
v -0.446932 -0.007836 0.103851
v -0.446805 -0.005918 0.105765
v -0.446682 -0.004082 0.107596
v -0.446555 -0.002164 0.109510
v -0.446410 0.000000 0.111670
v -0.446555 0.002164 0.109510
v -0.446682 0.004082 0.107596
v -0.446805 0.005918 0.105765
v -0.446932 0.007836 0.103851
v -0.447077 0.010000 0.101691
v -0.454192 -0.010000 0.102229
v -0.454007 -0.007836 0.104386
v -0.453843 -0.005918 0.106297
v -0.453687 -0.004082 0.108126
v -0.453523 -0.002164 0.110037
v -0.453339 0.000000 0.112193
v -0.453523 0.002164 0.110037
v -0.453687 0.004082 0.108126
v -0.453843 0.005918 0.106297
v -0.454007 0.007836 0.104386
v -0.454192 0.010000 0.102229
v -0.460835 -0.010000 0.102865
v -0.460605 -0.007836 0.105017
v -0.460400 -0.005918 0.106924
v -0.460204 -0.004082 0.108749
v -0.460000 -0.002164 0.110656
v -0.459769 0.000000 0.112808
v -0.460000 0.002164 0.110656
v -0.460204 0.004082 0.108749
v -0.460400 0.005918 0.106924
v -0.460605 0.007836 0.105017
v -0.460835 0.010000 0.102865
v -0.467008 -0.010000 0.103598
v -0.466724 -0.007836 0.105744
v -0.466473 -0.005918 0.107645
v -0.466232 -0.004082 0.109465
v -0.465981 -0.002164 0.111366
v -0.465697 0.000000 0.113512
v -0.465981 0.002164 0.111366
v -0.466232 0.004082 0.109465
v -0.466473 0.005918 0.107645
v -0.466724 0.007836 0.105744
v -0.467008 0.010000 0.103598
v -0.472710 -0.010000 0.104429
v -0.472364 -0.007836 0.106566
v -0.472058 -0.005918 0.108459
v -0.471765 -0.004082 0.110272
v -0.471459 -0.002164 0.112165
v -0.471114 0.000000 0.114302
v -0.471459 0.002164 0.112165
v -0.471765 0.004082 0.110272
v -0.472058 0.005918 0.108459
v -0.472364 0.007836 0.106566
v -0.472710 0.010000 0.104429
v -0.477940 -0.010000 0.105358
v -0.477523 -0.007836 0.107482
v -0.477153 -0.005918 0.109364
v -0.476799 -0.004082 0.111165
v -0.476429 -0.002164 0.113047
v -0.476011 0.000000 0.115172
v -0.476429 0.002164 0.113047
v -0.476799 0.004082 0.111165
v -0.477153 0.005918 0.109364
v -0.477523 0.007836 0.107482
v -0.477940 0.010000 0.105358
v -0.482700 -0.010000 0.106384
v -0.482197 -0.007836 0.108490
v -0.481751 -0.005918 0.110356
v -0.481325 -0.004082 0.112142
v -0.480879 -0.002164 0.114007
v -0.480376 0.000000 0.116113
v -0.480879 0.002164 0.114007
v -0.481325 0.004082 0.112142
v -0.481751 0.005918 0.110356
v -0.482197 0.007836 0.108490
v -0.482700 0.010000 0.106384
v -0.486988 -0.010000 0.107509
v -0.486405 -0.007836 0.109593
v -0.485888 -0.005918 0.111440
v -0.485394 -0.004082 0.113208
v -0.484877 -0.002164 0.115055
v -0.484294 0.000000 0.117140
v -0.484877 0.002164 0.115055
v -0.485394 0.004082 0.113208
v -0.485888 0.005918 0.111440
v -0.486405 0.007836 0.109593
v -0.486988 0.010000 0.107509
v -0.492352 -0.010000 0.109104
v -0.491690 -0.007836 0.111165
v -0.491103 -0.005918 0.112991
v -0.490542 -0.004082 0.114740
v -0.489955 -0.002164 0.116566
v -0.489293 0.000000 0.118627
v -0.489955 0.002164 0.116566
v -0.490542 0.004082 0.114740
v -0.491103 0.005918 0.112991
v -0.491690 0.007836 0.111165
v -0.492352 0.010000 0.109104
v -0.497565 -0.010000 0.110904
v -0.496813 -0.007836 0.112934
v -0.496146 -0.005918 0.114733
v -0.495509 -0.004082 0.116454
v -0.494842 -0.002164 0.118253
v -0.494090 0.000000 0.120283
v -0.494842 0.002164 0.118253
v -0.495509 0.004082 0.116454
v -0.496146 0.005918 0.114733
v -0.496813 0.007836 0.112934
v -0.497565 0.010000 0.110904
v -0.502626 -0.010000 0.112908
v -0.501784 -0.007836 0.114902
v -0.501037 -0.005918 0.116669
v -0.500322 -0.004082 0.118360
v -0.499575 -0.002164 0.120127
v -0.498733 0.000000 0.122122
v -0.499575 0.002164 0.120127
v -0.500322 0.004082 0.118360
v -0.501037 0.005918 0.116669
v -0.501784 0.007836 0.114902
v -0.502626 0.010000 0.112908
v -0.507537 -0.010000 0.115117
v -0.506603 -0.007836 0.117070
v -0.505776 -0.005918 0.118801
v -0.504984 -0.004082 0.120457
v -0.504156 -0.002164 0.122188
v -0.503223 0.000000 0.124141
v -0.504156 0.002164 0.122188
v -0.504984 0.004082 0.120457
v -0.505776 0.005918 0.118801
v -0.506603 0.007836 0.117070
v -0.507537 0.010000 0.115117
v -0.512296 -0.010000 0.117530
v -0.511272 -0.007836 0.119437
v -0.510364 -0.005918 0.121127
v -0.509495 -0.004082 0.122745
v -0.508588 -0.002164 0.124435
v -0.507563 0.000000 0.126342
v -0.508588 0.002164 0.124435
v -0.509495 0.004082 0.122745
v -0.510364 0.005918 0.121127
v -0.511272 0.007836 0.119437
v -0.512296 0.010000 0.117530
v -0.516905 -0.010000 0.120147
v -0.515791 -0.007836 0.122004
v -0.514804 -0.005918 0.123649
v -0.513859 -0.004082 0.125223
v -0.512872 -0.002164 0.126868
v -0.511758 0.000000 0.128724
v -0.512872 0.002164 0.126868
v -0.513859 0.004082 0.125223
v -0.514804 0.005918 0.123649
v -0.515791 0.007836 0.122004
v -0.516905 0.010000 0.120147
v -0.521362 -0.010000 0.122969
v -0.520160 -0.007836 0.124770
v -0.519095 -0.005918 0.126366
v -0.518076 -0.004082 0.127893
v -0.517011 -0.002164 0.129488
v -0.515809 0.000000 0.131289
v -0.517011 0.002164 0.129488
v -0.518076 0.004082 0.127893
v -0.519095 0.005918 0.126366
v -0.520160 0.007836 0.124770
v -0.521362 0.010000 0.122969
v -0.525668 -0.010000 0.125995
v -0.524381 -0.007836 0.127736
v -0.523240 -0.005918 0.129279
v -0.522149 -0.004082 0.130755
v -0.521008 -0.002164 0.132297
v -0.519721 0.000000 0.134038
v -0.521008 0.002164 0.132297
v -0.522149 0.004082 0.130755
v -0.523240 0.005918 0.129279
v -0.524381 0.007836 0.127736
v -0.525668 0.010000 0.125995
v -0.529823 -0.010000 0.129226
v -0.528454 -0.007836 0.130903
v -0.527240 -0.005918 0.132388
v -0.526078 -0.004082 0.133810
v -0.524865 -0.002164 0.135296
v -0.523495 0.000000 0.136973
v -0.524865 0.002164 0.135296
v -0.526078 0.004082 0.133810
v -0.527240 0.005918 0.132388
v -0.528454 0.007836 0.130903
v -0.529823 0.010000 0.129226
v -0.533827 -0.010000 0.132661
v -0.532379 -0.007836 0.134270
v -0.531095 -0.005918 0.135696
v -0.529867 -0.004082 0.137061
v -0.528583 -0.002164 0.138486
v -0.527134 0.000000 0.140095
v -0.528583 0.002164 0.138486
v -0.529867 0.004082 0.137061
v -0.531095 0.005918 0.135696
v -0.532379 0.007836 0.134270
v -0.533827 0.010000 0.132661
v -0.537680 -0.010000 0.136301
v -0.536157 -0.007836 0.137839
v -0.534807 -0.005918 0.139202
v -0.533515 -0.004082 0.140507
v -0.532165 -0.002164 0.141870
v -0.530641 0.000000 0.143408
v -0.532165 0.002164 0.141870
v -0.533515 0.004082 0.140507
v -0.534807 0.005918 0.139202
v -0.536157 0.007836 0.137839
v -0.537680 0.010000 0.136301
v -0.541382 -0.010000 0.140145
v -0.539790 -0.007836 0.141612
v -0.538378 -0.005918 0.142911
v -0.537028 -0.004082 0.144155
v -0.535617 -0.002164 0.145454
v -0.534024 0.000000 0.146920
v -0.535617 0.002164 0.145454
v -0.537028 0.004082 0.144155
v -0.538378 0.005918 0.142911
v -0.539790 0.007836 0.141612
v -0.541382 0.010000 0.140145
v -0.545368 -0.010000 0.144673
v -0.543708 -0.007836 0.146063
v -0.542238 -0.005918 0.147295
v -0.540830 -0.004082 0.148474
v -0.539359 -0.002164 0.149705
v -0.537699 0.000000 0.151095
v -0.539359 0.002164 0.149705
v -0.540830 0.004082 0.148474
v -0.542238 0.005918 0.147295
v -0.543708 0.007836 0.146063
v -0.545368 0.010000 0.144673
v -0.549221 -0.010000 0.149513
v -0.547496 -0.007836 0.150821
v -0.545968 -0.005918 0.151981
v -0.544505 -0.004082 0.153090
v -0.542977 -0.002164 0.154250
v -0.541252 0.000000 0.155558
v -0.542977 0.002164 0.154250
v -0.544505 0.004082 0.153090
v -0.545968 0.005918 0.151981
v -0.547496 0.007836 0.150821
v -0.549221 0.010000 0.149513
v -0.552941 -0.010000 0.154663
v -0.551158 -0.007836 0.155892
v -0.549578 -0.005918 0.156980
v -0.548066 -0.004082 0.158022
v -0.546487 -0.002164 0.159110
v -0.544704 0.000000 0.160338
v -0.546487 0.002164 0.159110
v -0.548066 0.004082 0.158022
v -0.549578 0.005918 0.156980
v -0.551158 0.007836 0.155892
v -0.552941 0.010000 0.154663
v -0.556527 -0.010000 0.160125
v -0.554693 -0.007836 0.161275
v -0.553068 -0.005918 0.162294
v -0.551512 -0.004082 0.163269
v -0.549887 -0.002164 0.164288
v -0.548053 0.000000 0.165439
v -0.549887 0.002164 0.164288
v -0.551512 0.004082 0.163269
v -0.553068 0.005918 0.162294
v -0.554693 0.007836 0.161275
v -0.556527 0.010000 0.160125
v -0.559980 -0.010000 0.165898
v -0.558101 -0.007836 0.166972
v -0.556435 -0.005918 0.167924
v -0.554842 -0.004082 0.168835
v -0.553176 -0.002164 0.169787
v -0.551297 0.000000 0.170861
v -0.553176 0.002164 0.169787
v -0.554842 0.004082 0.168835
v -0.556435 0.005918 0.167924
v -0.558101 0.007836 0.166972
v -0.559980 0.010000 0.165898
v -0.563300 -0.010000 0.171982
v -0.561381 -0.007836 0.172983
v -0.559680 -0.005918 0.173870
v -0.558052 -0.004082 0.174719
v -0.556352 -0.002164 0.175607
v -0.554432 0.000000 0.176608
v -0.556352 0.002164 0.175607
v -0.558052 0.004082 0.174719
v -0.559680 0.005918 0.173870
v -0.561381 0.007836 0.172983
v -0.563300 0.010000 0.171982
v -0.566486 -0.010000 0.178377
v -0.564532 -0.007836 0.179308
v -0.562801 -0.005918 0.180133
v -0.561143 -0.004082 0.180923
v -0.559412 -0.002164 0.181748
v -0.557458 0.000000 0.182679
v -0.559412 0.002164 0.181748
v -0.561143 0.004082 0.180923
v -0.562801 0.005918 0.180133
v -0.564532 0.007836 0.179308
v -0.566486 0.010000 0.178377
v -0.569539 -0.010000 0.185082
v -0.567555 -0.007836 0.185947
v -0.565796 -0.005918 0.186713
v -0.564113 -0.004082 0.187446
v -0.562354 -0.002164 0.188212
v -0.560370 0.000000 0.189076
v -0.562354 0.002164 0.188212
v -0.564113 0.004082 0.187446
v -0.565796 0.005918 0.186713
v -0.567555 0.007836 0.185947
v -0.569539 0.010000 0.185082
v -0.572459 -0.010000 0.192099
v -0.570448 -0.007836 0.192900
v -0.568666 -0.005918 0.193609
v -0.566960 -0.004082 0.194288
v -0.565178 -0.002164 0.194998
v -0.563167 0.000000 0.195798
v -0.565178 0.002164 0.194998
v -0.566960 0.004082 0.194288
v -0.568666 0.005918 0.193609
v -0.570448 0.007836 0.192900
v -0.572459 0.010000 0.192099
v -0.575245 -0.010000 0.199428
v -0.573211 -0.007836 0.200167
v -0.571408 -0.005918 0.200823
v -0.569683 -0.004082 0.201450
v -0.567881 -0.002164 0.202106
v -0.565846 0.000000 0.202846
v -0.567881 0.002164 0.202106
v -0.569683 0.004082 0.201450
v -0.571408 0.005918 0.200823
v -0.573211 0.007836 0.200167
v -0.575245 0.010000 0.199428
v -0.577898 -0.010000 0.207067
v -0.575844 -0.007836 0.207749
v -0.574024 -0.005918 0.208353
v -0.572281 -0.004082 0.208932
v -0.570461 -0.002164 0.209536
v -0.568407 0.000000 0.210218
v -0.570461 0.002164 0.209536
v -0.572281 0.004082 0.208932
v -0.574024 0.005918 0.208353
v -0.575844 0.007836 0.207749
v -0.577898 0.010000 0.207067
v -0.580418 -0.010000 0.215017
v -0.578930 -0.007836 0.217487
v -0.577612 -0.005918 0.219676
v -0.576351 -0.004082 0.221771
v -0.575033 -0.002164 0.223960
v -0.573545 0.000000 0.226431
v -0.575033 0.002164 0.223960
v -0.576351 0.004082 0.221771
v -0.577612 0.005918 0.219676
v -0.578930 0.007836 0.217487
v -0.580418 0.010000 0.215017
vn -0.0000 1.0000 -0.0000
vn -0.0000 -1.0000 -0.0000
vn -0.3827 -0.7867 -0.4844
vn -0.4745 -0.8239 0.3099
vn -0.6199 -0.0000 -0.7847
vn -0.8372 -0.0000 0.5469
vn -0.4745 0.8239 0.3099
vn -0.3827 0.7867 -0.4844
vn 0.4082 -0.8165 -0.4082
vn 0.4082 0.8165 -0.4082
vn 0.6155 -0.7385 0.2752
vn 0.9129 -0.0000 0.4082
vn 0.7071 -0.0000 -0.7071
vn 0.6155 0.7385 0.2752
vn 0.4738 -0.7071 0.5249
vn 0.6701 -0.0000 0.7423
vn 0.4738 0.7071 0.5249
vn 0.4786 -0.7071 0.5205
vn 0.4786 0.7071 0.5205
vn 0.4832 -0.7071 0.5162
vn 0.6768 -0.0000 0.7362
vn 0.4832 0.7071 0.5162
vn 0.4877 -0.7071 0.5120
vn 0.6834 -0.0000 0.7301
vn 0.4877 0.7071 0.5120
vn 0.4921 -0.7071 0.5078
vn 0.6897 -0.0000 0.7241
vn 0.4921 0.7071 0.5078
vn 0.4964 -0.7071 0.5036
vn 0.6960 -0.0000 0.7181
vn 0.4964 0.7071 0.5036
vn 0.5006 -0.7071 0.4994
vn 0.7020 -0.0000 0.7122
vn 0.5006 0.7071 0.4994
vn 0.5047 -0.7071 0.4953
vn 0.7079 -0.0000 0.7063
vn 0.5047 0.7071 0.4953
vn 0.5086 -0.7071 0.4912
vn 0.7137 -0.0000 0.7005
vn 0.5086 0.7071 0.4912
vn 0.5125 -0.7071 0.4872
vn 0.7193 -0.0000 0.6947
vn 0.5125 0.7071 0.4872
vn 0.5163 -0.7071 0.4832
vn 0.7248 -0.0000 0.6890
vn 0.5163 0.7071 0.4832
vn 0.5200 -0.7071 0.4792
vn 0.7301 -0.0000 0.6833
vn 0.5200 0.7071 0.4792
vn 0.5237 -0.7071 0.4752
vn 0.7406 -0.0000 0.6720
vn 0.7353 -0.0000 0.6777
vn 0.5237 0.7071 0.4752
vn 0.5274 -0.7071 0.4710
vn 0.7459 -0.0000 0.6661
vn 0.5274 0.7071 0.4710
vn 0.5313 -0.7071 0.4666
vn 0.7513 -0.0000 0.6599
vn 0.5313 0.7071 0.4666
vn 0.5352 -0.7071 0.4621
vn 0.7569 -0.0000 0.6535
vn 0.5352 0.7071 0.4621
vn 0.5393 -0.7071 0.4574
vn 0.7626 -0.0000 0.6468
vn 0.5393 0.7071 0.4574
vn 0.5434 -0.7071 0.4524
vn 0.7685 -0.0000 0.6399
vn 0.5434 0.7071 0.4524
vn 0.5476 -0.7071 0.4473
vn 0.7745 -0.0000 0.6326
vn 0.5476 0.7071 0.4473
vn 0.5520 -0.7071 0.4420
vn 0.7806 -0.0000 0.6250
vn 0.5520 0.7071 0.4420
vn 0.5564 -0.7071 0.4364
vn 0.7868 -0.0000 0.6172
vn 0.5564 0.7071 0.4364
vn 0.5609 -0.7071 0.4306
vn 0.7932 -0.0000 0.6089
vn 0.5609 0.7071 0.4306
vn 0.5655 -0.7071 0.4245
vn 0.7998 -0.0000 0.6003
vn 0.5655 0.7071 0.4245
vn 0.5696 -0.7071 0.4190
vn 0.5696 0.7071 0.4190
vn 0.5739 -0.7071 0.4131
vn 0.8116 -0.0000 0.5843
vn 0.8055 -0.0000 0.5925
vn 0.5739 0.7071 0.4131
vn 0.5790 -0.7071 0.4059
vn 0.8189 -0.0000 0.5740
vn 0.5790 0.7071 0.4059
vn 0.5844 -0.7071 0.3981
vn 0.8265 -0.0000 0.5630
vn 0.5844 0.7071 0.3981
vn 0.5901 -0.7071 0.3896
vn 0.8345 -0.0000 0.5510
vn 0.5901 0.7071 0.3896
vn 0.5960 -0.7071 0.3805
vn 0.8429 -0.0000 0.5381
vn 0.5960 0.7071 0.3805
vn 0.6022 -0.7071 0.3705
vn 0.8517 -0.0000 0.5240
vn 0.6022 0.7071 0.3705
vn 0.6087 -0.7071 0.3597
vn 0.8609 -0.0000 0.5088
vn 0.6087 0.7071 0.3597
vn 0.6155 -0.7071 0.3480
vn 0.6156 -0.7071 0.3480
vn 0.8705 -0.0000 0.4921
vn 0.6155 0.7071 0.3480
vn 0.6227 -0.7071 0.3351
vn 0.8806 -0.0000 0.4739
vn 0.6227 0.7071 0.3351
vn 0.6156 0.7071 0.3480
vn 0.6301 -0.7071 0.3209
vn 0.8911 -0.0000 0.4539
vn 0.6301 0.7071 0.3209
vn 0.6377 -0.7071 0.3054
vn 0.9019 -0.0000 0.4319
vn 0.6377 0.7071 0.3054
vn 0.6456 -0.7071 0.2884
vn 0.9130 -0.0000 0.4079
vn 0.6456 0.7071 0.2884
vn 0.6533 -0.7071 0.2704
vn 0.9240 -0.0000 0.3824
vn 0.6533 0.7071 0.2704
vn 0.6609 -0.7071 0.2514
vn 0.9347 -0.0000 0.3555
vn 0.6609 0.7071 0.2514
vn 0.6682 -0.7071 0.2313
vn 0.9450 -0.0000 0.3272
vn 0.6682 0.7071 0.2313
vn 0.6751 -0.7071 0.2101
vn 0.6682 -0.7072 0.2313
vn 0.6751 -0.7072 0.2101
vn 0.9548 -0.0000 0.2972
vn 0.6751 0.7072 0.2101
vn 0.6751 0.7071 0.2101
vn 0.6817 -0.7072 0.1878
vn 0.9641 -0.0000 0.2656
vn 0.6817 0.7072 0.1878
vn 0.6877 -0.7072 0.1643
vn 0.9726 -0.0000 0.2323
vn 0.6877 0.7072 0.1643
vn 0.6931 -0.7072 0.1396
vn 0.9803 -0.0000 0.1974
vn 0.6931 0.7072 0.1396
vn 0.6978 -0.7072 0.1137
vn 0.9870 -0.0000 0.1609
vn 0.6978 0.7072 0.1137
vn 0.7017 -0.7072 0.0868
vn 0.9924 -0.0000 0.1228
vn 0.7017 0.7072 0.0868
vn 0.7046 -0.7072 0.0588
vn 0.9965 -0.0000 0.0831
vn 0.7046 0.7072 0.0588
vn 0.7064 -0.7072 0.0298
vn 0.9991 -0.0000 0.0421
vn 0.7064 0.7072 0.0298
vn 0.7070 -0.7072 -0.0021
vn 1.0000 -0.0000 -0.0029
vn 0.7070 0.7072 -0.0021
vn 0.7059 -0.7072 -0.0391
vn 0.9985 -0.0000 -0.0553
vn 0.7059 0.7072 -0.0391
vn 0.7025 -0.7073 -0.0796
vn 0.9936 -0.0000 -0.1126
vn 0.7025 0.7073 -0.0796
vn 0.6964 -0.7073 -0.1215
vn 0.9851 -0.0000 -0.1719
vn 0.6964 0.7073 -0.1215
vn 0.6875 -0.7073 -0.1644
vn 0.9726 -0.0000 -0.2326
vn 0.6875 0.7073 -0.1644
vn 0.6757 -0.7073 -0.2079
vn 0.6875 -0.7073 -0.1645
vn 0.9558 -0.0000 -0.2941
vn 0.6757 0.7073 -0.2079
vn 0.6875 0.7073 -0.1645
vn 0.6608 -0.7073 -0.2513
vn 0.9347 -0.0000 -0.3554
vn 0.6608 0.7073 -0.2513
vn 0.6429 -0.7073 -0.2940
vn 0.9094 -0.0000 -0.4160
vn 0.6429 0.7073 -0.2940
vn 0.6607 0.7073 -0.2513
vn 0.6221 -0.7073 -0.3357
vn 0.6429 -0.7073 -0.2941
vn 0.6221 0.7073 -0.3357
vn 0.5989 -0.7073 -0.3756
vn 0.8801 -0.0000 -0.4748
vn 0.5989 0.7073 -0.3756
vn 0.5735 -0.7073 -0.4133
vn 0.8472 -0.0000 -0.5313
vn 0.5735 0.7073 -0.4133
vn 0.5464 -0.7073 -0.4486
vn 0.8113 -0.0000 -0.5847
vn 0.5464 0.7073 -0.4486
vn 0.5168 -0.7073 -0.4823
vn 0.7311 -0.0000 -0.6823
vn 0.7729 -0.0000 -0.6346
vn 0.5168 0.7073 -0.4823
vn 0.4855 -0.7073 -0.5139
vn 0.4855 0.7073 -0.5139
vn 0.4524 -0.7073 -0.5432
vn 0.4524 -0.7073 -0.5433
vn 0.6399 -0.0000 -0.7685
vn 0.6867 -0.0000 -0.7269
vn 0.4524 0.7073 -0.5432
vn 0.4524 0.7073 -0.5433
vn 0.4158 -0.7073 -0.5717
vn 0.5882 -0.0000 -0.8087
vn 0.4158 0.7073 -0.5717
vn 0.3759 -0.7073 -0.5986
vn 0.5318 -0.0000 -0.8469
vn 0.3759 0.7073 -0.5986
vn 0.3331 -0.7073 -0.6235
vn 0.4712 -0.0000 -0.8820
vn 0.3331 0.7073 -0.6235
vn 0.2877 -0.7073 -0.6457
vn 0.4070 -0.0000 -0.9134
vn 0.2877 0.7073 -0.6457
vn 0.2403 -0.7073 -0.6648
vn 0.2404 -0.7073 -0.6648
vn 0.3400 -0.0000 -0.9404
vn 0.2403 0.7073 -0.6648
vn 0.2404 0.7073 -0.6648
vn 0.1918 -0.7073 -0.6804
vn 0.1918 0.7073 -0.6804
vn 0.1428 -0.7073 -0.6923
vn 0.2713 -0.0000 -0.9625
vn 0.1428 0.7073 -0.6923
vn 0.0941 -0.7073 -0.7006
vn 0.2020 -0.0000 -0.9794
vn 0.0941 0.7073 -0.7006
vn 0.0464 -0.7073 -0.7054
vn 0.1331 -0.0000 -0.9911
vn 0.0464 0.7073 -0.7054
vn 0.0021 -0.7073 -0.7070
vn 0.0021 -0.7072 -0.7070
vn 0.0656 -0.0000 -0.9978
vn 0.0021 0.7073 -0.7069
vn 0.0021 0.7072 -0.7070
vn 0.0021 0.7073 -0.7070
vn -0.0376 -0.7073 -0.7060
vn -0.0376 -0.7072 -0.7060
vn 0.0030 -0.0000 -1.0000
vn -0.0376 0.7072 -0.7060
vn -0.0376 0.7073 -0.7060
vn -0.0763 -0.7073 -0.7028
vn -0.0763 -0.7072 -0.7028
vn -0.0764 -0.7072 -0.7029
vn -0.0764 -0.7072 -0.7028
vn -0.1080 -0.0000 -0.9942
vn -0.0532 -0.0000 -0.9986
vn -0.0763 0.7072 -0.7028
vn -0.0763 0.7073 -0.7028
vn -0.1160 -0.7073 -0.6974
vn -0.1641 -0.0000 -0.9864
vn -0.1160 0.7073 -0.6974
vn -0.1563 -0.7073 -0.6895
vn -0.2211 -0.0000 -0.9753
vn -0.1563 0.7073 -0.6895
vn -0.1563 0.7073 -0.6894
vn -0.1160 0.7072 -0.6974
vn -0.1968 -0.7073 -0.6790
vn -0.1563 -0.7073 -0.6894
vn -0.2784 -0.0000 -0.9605
vn -0.1968 0.7073 -0.6790
vn -0.1968 0.7072 -0.6790
vn -0.2370 -0.7073 -0.6660
vn -0.3353 -0.0000 -0.9421
vn -0.2370 0.7073 -0.6660
vn -0.2766 -0.7073 -0.6506
vn -0.2766 0.7073 -0.6506
vn -0.3150 -0.7073 -0.6329
vn -0.3912 -0.0000 -0.9203
vn -0.3150 0.7073 -0.6329
vn -0.3520 -0.7073 -0.6131
vn -0.4456 -0.0000 -0.8952
vn -0.3520 0.7073 -0.6131
vn -0.3871 -0.7072 -0.5916
vn -0.3871 -0.7073 -0.5916
vn -0.4979 -0.0000 -0.8672
vn -0.3871 0.7073 -0.5916
vn -0.3871 0.7072 -0.5916
vn -0.4202 -0.7072 -0.5686
vn -0.5476 -0.0000 -0.8368
vn -0.4202 0.7072 -0.5686
vn -0.4433 -0.7071 -0.5509
vn -0.5943 -0.0000 -0.8042
vn -0.4433 0.7071 -0.5509
vn -0.4619 -0.7072 -0.5353
vn -0.6533 -0.0000 -0.7571
vn -0.6269 -0.0000 -0.7791
vn -0.4619 0.7072 -0.5353
vn -0.4842 -0.7072 -0.5152
vn -0.6849 -0.0000 -0.7287
vn -0.4842 0.7072 -0.5152
vn -0.5057 -0.7072 -0.4941
vn -0.7153 -0.0000 -0.6988
vn -0.5057 0.7072 -0.4941
vn -0.5263 -0.7072 -0.4721
vn -0.5263 0.7072 -0.4721
vn -0.5458 -0.7072 -0.4494
vn -0.7444 -0.0000 -0.6678
vn -0.5458 0.7072 -0.4494
vn -0.5642 -0.7072 -0.4261
vn -0.7720 -0.0000 -0.6356
vn -0.5642 0.7072 -0.4261
vn -0.5814 -0.7072 -0.4023
vn -0.7980 -0.0000 -0.6027
vn -0.5814 0.7072 -0.4023
vn -0.5974 -0.7072 -0.3782
vn -0.8223 -0.0000 -0.5690
vn -0.5974 0.7072 -0.3782
vn -0.6121 -0.7072 -0.3539
vn -0.8449 -0.0000 -0.5349
vn -0.6121 0.7072 -0.3539
vn -0.6256 -0.7072 -0.3295
vn -0.8657 -0.0000 -0.5005
vn -0.6256 0.7072 -0.3295
vn -0.6378 -0.7072 -0.3053
vn -0.6377 -0.7072 -0.3053
vn -0.8847 -0.0000 -0.4661
vn -0.6377 0.7072 -0.3053
vn -0.6378 0.7072 -0.3053
vn -0.6487 -0.7072 -0.2813
vn -0.9020 -0.0000 -0.4318
vn -0.6487 0.7072 -0.2813
vn -0.6585 -0.7072 -0.2576
vn -0.6584 -0.7072 -0.2576
vn -0.9174 -0.0000 -0.3979
vn -0.6584 0.7072 -0.2576
vn -0.6585 0.7072 -0.2576
vn -0.6673 -0.7072 -0.2338
vn -0.9313 -0.0000 -0.3644
vn -0.6673 0.7072 -0.2338
vn -0.6752 -0.7072 -0.2098
vn -0.9437 -0.0000 -0.3307
vn -0.6752 0.7072 -0.2098
vn -0.6822 -0.7072 -0.1858
vn -0.9549 -0.0000 -0.2968
vn -0.6822 0.7072 -0.1858
vn -0.6883 -0.7072 -0.1617
vn -0.9649 -0.0000 -0.2627
vn -0.6883 0.7072 -0.1617
vn -0.6935 -0.7072 -0.1377
vn -0.9735 -0.0000 -0.2287
vn -0.6935 0.7072 -0.1377
vn -0.6978 -0.7072 -0.1139
vn -0.9809 -0.0000 -0.1947
vn -0.6978 0.7072 -0.1139
vn -0.7013 -0.7072 -0.0903
vn -0.9869 -0.0000 -0.1611
vn -0.7013 0.7072 -0.0903
vn -0.7039 -0.7071 -0.0671
vn -0.7039 -0.7072 -0.0671
vn -0.9918 -0.0000 -0.1277
vn -0.7039 0.7072 -0.0671
vn -0.7039 0.7071 -0.0671
vn -0.7057 -0.7072 -0.0443
vn -0.9955 -0.0000 -0.0949
vn -0.7057 0.7072 -0.0443
vn -0.7067 -0.7071 -0.0219
vn -0.7067 -0.7072 -0.0219
vn -0.9980 -0.0000 -0.0626
vn -0.7067 0.7072 -0.0219
vn -0.7067 0.7071 -0.0219
vn -0.7070 -0.7072 0.0046
vn -1.0000 -0.0000 0.0065
vn -0.9995 -0.0000 -0.0310
vn -0.7070 0.7072 0.0046
vn -0.7058 -0.7073 0.0410
vn -0.9983 -0.0000 0.0580
vn -0.7058 0.7073 0.0410
vn -0.7020 -0.7073 0.0837
vn -0.9930 -0.0000 0.1184
vn -0.7020 0.7073 0.0837
vn -0.6952 -0.7073 0.1281
vn -0.9834 -0.0000 0.1812
vn -0.6952 0.7073 0.1281
vn -0.6852 -0.7073 0.1737
vn -0.9693 -0.0000 0.2457
vn -0.6852 0.7073 0.1737
vn -0.6718 -0.7073 0.2199
vn -0.9504 -0.0000 0.3111
vn -0.6718 0.7073 0.2199
vn -0.6549 -0.7073 0.2661
vn -0.9264 -0.0000 0.3765
vn -0.6549 0.7073 0.2661
vn -0.6345 -0.7073 0.3116
vn -0.8976 -0.0000 0.4408
vn -0.6345 0.7073 0.3116
vn -0.6110 -0.7073 0.3556
vn -0.6109 -0.7073 0.3556
vn -0.6109 0.7073 0.3556
vn -0.6110 0.7073 0.3556
vn -0.5845 -0.7073 0.3975
vn -0.8643 -0.0000 0.5030
vn -0.5845 0.7073 0.3975
vn -0.5558 -0.7073 0.4368
vn -0.8269 -0.0000 0.5623
vn -0.5558 0.7073 0.4368
vn -0.5253 -0.7073 0.4731
vn -0.7862 -0.0000 0.6179
vn -0.5253 0.7073 0.4731
vn -0.5012 -0.7072 0.4987
vn -0.7430 -0.0000 0.6693
vn -0.5012 0.7072 0.4987
vn -0.4855 -0.7071 0.5140
vn -0.7089 -0.0000 0.7053
vn -0.4855 0.7071 0.5140
vn -0.4704 -0.7071 0.5279
vn -0.6653 -0.0000 0.7466
vn -0.6867 -0.0000 0.7270
vn -0.4704 0.7071 0.5279
vn -0.4547 -0.7071 0.5415
vn -0.4547 -0.7072 0.5415
vn -0.6430 -0.0000 0.7658
vn -0.4547 0.7071 0.5415
vn -0.4383 -0.7071 0.5549
vn -0.6198 -0.0000 0.7847
vn -0.4383 0.7071 0.5549
vn -0.4213 -0.7071 0.5679
vn -0.4383 -0.7072 0.5549
vn -0.5958 -0.0000 0.8032
vn -0.4213 0.7071 0.5679
vn -0.4213 0.7072 0.5679
vn -0.4036 -0.7072 0.5805
vn -0.4036 -0.7071 0.5805
vn -0.5709 -0.0000 0.8210
vn -0.4036 0.7072 0.5805
vn -0.4036 0.7071 0.5805
vn -0.3855 -0.7071 0.5927
vn -0.3855 -0.7071 0.5928
vn -0.5452 -0.0000 0.8383
vn -0.3855 0.7071 0.5927
vn -0.3855 0.7072 0.5927
vn -0.3668 -0.7072 0.6045
vn -0.3668 -0.7071 0.6045
vn -0.5188 -0.0000 0.8549
vn -0.3668 0.7072 0.6045
vn -0.3477 -0.7071 0.6157
vn -0.3477 -0.7072 0.6157
vn -0.4917 -0.0000 0.8708
vn -0.3477 0.7072 0.6157
vn -0.3476 0.7072 0.6157
vn -0.3477 0.7071 0.6157
vn -0.3281 -0.7072 0.6263
vn -0.3476 -0.7072 0.6157
vn -0.3281 -0.7071 0.6263
vn -0.4640 -0.0000 0.8858
vn -0.3281 0.7071 0.6263
vn -0.3281 0.7072 0.6263
vn -0.3081 -0.7072 0.6364
vn -0.3081 -0.7071 0.6364
vn -0.4358 -0.0000 0.9000
vn -0.3081 0.7072 0.6364
vn -0.3081 0.7071 0.6364
vn -0.2880 -0.7072 0.6457
vn -0.2880 -0.7071 0.6457
vn -0.2880 0.7072 0.6457
vn -0.2880 0.7071 0.6457
vn -0.2676 -0.7072 0.6545
vn -0.2676 -0.7071 0.6545
vn -0.3785 -0.0000 0.9256
vn -0.4073 -0.0000 0.9133
vn -0.2676 0.7071 0.6545
vn -0.2676 0.7072 0.6545
vn -0.2466 -0.7072 0.6627
vn -0.3488 -0.0000 0.9372
vn -0.2466 0.7072 0.6627
vn -0.2466 0.7071 0.6627
vn -0.2247 -0.7071 0.6704
vn -0.2466 -0.7071 0.6627
vn -0.2247 -0.7072 0.6704
vn -0.3178 -0.0000 0.9481
vn -0.2247 0.7072 0.6704
vn -0.2021 -0.7072 0.6776
vn -0.2858 -0.0000 0.9583
vn -0.2021 0.7072 0.6776
vn -0.2247 0.7071 0.6704
vn -0.1787 -0.7072 0.6841
vn -0.2021 -0.7072 0.6775
vn -0.2528 -0.0000 0.9675
vn -0.1787 0.7072 0.6841
vn -0.1787 0.7071 0.6841
vn -0.1546 -0.7072 0.6899
vn -0.1547 -0.7072 0.6899
vn -0.2187 -0.0000 0.9758
vn -0.1547 0.7072 0.6899
vn -0.1546 0.7072 0.6899
vn -0.1300 -0.7072 0.6950
vn -0.1838 -0.0000 0.9830
vn -0.1300 0.7072 0.6950
vn -0.1047 -0.7072 0.6993
vn -0.1047 -0.7072 0.6992
vn -0.1481 -0.0000 0.9890
vn -0.1047 0.7072 0.6993
vn -0.1047 0.7072 0.6992
vn -0.0790 -0.7072 0.7026
vn -0.1117 -0.0000 0.9937
vn -0.0790 0.7072 0.7026
vn -0.0529 -0.7072 0.7051
vn -0.0748 -0.0000 0.9972
vn -0.0529 0.7072 0.7051
vn -0.0265 -0.7072 0.7066
vn -0.0265 -0.7072 0.7065
vn -0.0375 -0.0000 0.9993
vn -0.0265 0.7072 0.7066
vn -0.0265 0.7072 0.7065
vn -0.0049 -0.7071 0.7071
vn -0.0049 0.7071 0.7071
vn 0.0067 -0.7071 0.7071
vn -0.0069 -0.0000 1.0000
vn 0.0067 0.7071 0.7071
vn 0.0125 -0.7071 0.7070
vn 0.0095 -0.0000 1.0000
vn 0.0125 0.7071 0.7070
vn 0.0176 -0.7071 0.7069
vn 0.0177 -0.0000 0.9998
vn 0.0176 0.7071 0.7069
vn 0.0220 -0.7071 0.7068
vn 0.0249 -0.0000 0.9997
vn 0.0220 0.7071 0.7068
vn 0.0259 -0.7071 0.7066
vn 0.0311 -0.0000 0.9995
vn 0.0259 0.7071 0.7066
vn 0.0294 -0.7071 0.7065
vn 0.0367 -0.0000 0.9993
vn 0.0294 0.7071 0.7065
vn 0.0325 -0.7071 0.7064
vn 0.0415 -0.0000 0.9991
vn 0.0325 0.7071 0.7064
vn 0.0353 -0.7071 0.7062
vn 0.0459 -0.0000 0.9989
vn 0.0353 0.7071 0.7062
vn 0.0378 -0.7071 0.7061
vn 0.0499 -0.0000 0.9988
vn 0.0378 0.7071 0.7061
vn 0.0401 -0.7071 0.7060
vn 0.0535 -0.0000 0.9986
vn 0.0401 0.7071 0.7060
vn 0.0422 -0.7071 0.7058
vn 0.0422 -0.7071 0.7059
vn 0.0567 -0.0000 0.9984
vn 0.0422 0.7071 0.7058
vn 0.0422 0.7071 0.7059
vn -0.3446 -0.7815 0.5201
vn 0.0597 -0.0000 0.9982
vn -0.3446 0.7815 0.5201
vn -0.5571 -0.7997 -0.2239
vn -0.5524 -0.0000 0.8336
vn -0.5571 0.7997 -0.2239
vn -0.3098 -0.7071 -0.6356
vn -0.4382 -0.0000 -0.8989
vn -0.9278 -0.0000 -0.3730
vn -0.3098 0.7071 -0.6356
vn -0.2918 -0.7071 -0.6440
vn -0.2918 0.7071 -0.6440
vn -0.2723 -0.7072 -0.6525
vn -0.2723 -0.7071 -0.6525
vn -0.4127 -0.0000 -0.9108
vn -0.2723 0.7071 -0.6525
vn -0.2723 0.7072 -0.6525
vn -0.2510 -0.7072 -0.6610
vn -0.3851 -0.0000 -0.9229
vn -0.2510 0.7072 -0.6610
vn -0.2277 -0.7072 -0.6694
vn -0.3549 -0.0000 -0.9349
vn -0.2277 0.7072 -0.6694
vn -0.2024 -0.7072 -0.6774
vn -0.3221 -0.0000 -0.9467
vn -0.2024 0.7072 -0.6774
vn -0.1749 -0.7072 -0.6851
vn -0.2863 -0.0000 -0.9581
vn -0.1749 0.7072 -0.6851
vn -0.1450 -0.7072 -0.6920
vn -0.2474 -0.0000 -0.9689
vn -0.1450 0.7072 -0.6920
vn -0.1126 -0.7072 -0.6980
vn -0.2051 -0.0000 -0.9787
vn -0.1126 0.7072 -0.6980
vn -0.0775 -0.7072 -0.7027
vn -0.1592 -0.0000 -0.9872
vn -0.0775 0.7072 -0.7027
vn -0.0399 -0.7072 -0.7058
vn -0.1097 -0.0000 -0.9940
vn -0.0399 0.7072 -0.7058
vn 0.0008 -0.7073 -0.7069
vn 0.0008 -0.7073 -0.7070
vn -0.0564 -0.0000 -0.9984
vn 0.0008 0.7073 -0.7070
vn 0.0008 0.7073 -0.7069
vn 0.0445 -0.7073 -0.7055
vn 0.0011 -0.0000 -1.0000
vn 0.0445 0.7073 -0.7055
vn 0.0899 -0.7073 -0.7012
vn 0.0630 -0.0000 -0.9980
vn 0.0899 0.7073 -0.7012
vn 0.1358 -0.7073 -0.6937
vn 0.1272 -0.0000 -0.9919
vn 0.1358 0.7073 -0.6937
vn 0.1816 -0.7073 -0.6832
vn 0.1921 -0.0000 -0.9814
vn 0.1816 0.7073 -0.6832
vn 0.2267 -0.7073 -0.6696
vn 0.3208 -0.0000 -0.9472
vn 0.2569 -0.0000 -0.9664
vn 0.2267 0.7073 -0.6696
vn 0.2706 -0.7073 -0.6531
vn 0.3828 -0.0000 -0.9238
vn 0.2706 0.7073 -0.6531
vn 0.3126 -0.7073 -0.6340
vn 0.4422 -0.0000 -0.8969
vn 0.3126 0.7073 -0.6340
vn 0.3524 -0.7073 -0.6128
vn 0.4985 -0.0000 -0.8669
vn 0.3524 0.7073 -0.6128
vn 0.3896 -0.7073 -0.5899
vn 0.5511 -0.0000 -0.8344
vn 0.3896 0.7073 -0.5899
vn 0.4240 -0.7073 -0.5657
vn 0.5997 -0.0000 -0.8002
vn 0.4240 0.7073 -0.5657
vn 0.4555 -0.7072 -0.5407
vn 0.4240 -0.7072 -0.5657
vn 0.6443 -0.0000 -0.7648
vn 0.4555 0.7072 -0.5407
vn 0.4240 0.7072 -0.5657
vn 0.4806 -0.7072 -0.5186
vn 0.6797 -0.0000 -0.7334
vn 0.4806 0.7072 -0.5186
vn 0.5005 -0.7072 -0.4994
vn 0.5005 0.7072 -0.4994
vn 0.5196 -0.7072 -0.4795
vn 0.7349 -0.0000 -0.6782
vn 0.7079 -0.0000 -0.7064
vn 0.5196 0.7072 -0.4795
vn 0.5379 -0.7072 -0.4588
vn 0.7608 -0.0000 -0.6490
vn 0.5379 0.7072 -0.4588
vn 0.5554 -0.7072 -0.4376
vn 0.7855 -0.0000 -0.6189
vn 0.5554 0.7072 -0.4376
vn 0.5718 -0.7072 -0.4158
vn 0.8088 -0.0000 -0.5881
vn 0.5718 0.7072 -0.4158
vn 0.5873 -0.7072 -0.3937
vn 0.8307 -0.0000 -0.5568
vn 0.5873 0.7072 -0.3937
vn 0.6017 -0.7072 -0.3712
vn 0.8511 -0.0000 -0.5251
vn 0.6017 0.7072 -0.3712
vn 0.6151 -0.7072 -0.3486
vn 0.8700 -0.0000 -0.4931
vn 0.6151 0.7072 -0.3486
vn 0.6274 -0.7072 -0.3260
vn 0.8874 -0.0000 -0.4610
vn 0.6274 0.7072 -0.3260
vn 0.6387 -0.7072 -0.3034
vn 0.6387 -0.7072 -0.3033
vn 0.9033 -0.0000 -0.4290
vn 0.6387 0.7072 -0.3034
vn 0.6387 0.7072 -0.3033
vn 0.6489 -0.7072 -0.2809
vn 0.9177 -0.0000 -0.3972
vn 0.6489 0.7072 -0.2809
vn 0.6580 -0.7072 -0.2588
vn 0.9306 -0.0000 -0.3660
vn 0.6580 0.7072 -0.2588
vn 0.6661 -0.7072 -0.2371
vn 0.9421 -0.0000 -0.3353
vn 0.6661 0.7072 -0.2371
vn 0.6735 -0.7072 -0.2154
vn 0.9525 -0.0000 -0.3046
vn 0.6735 0.7072 -0.2154
vn 0.6801 -0.7072 -0.1935
vn 0.6801 -0.7071 -0.1935
vn 0.9618 -0.0000 -0.2736
vn 0.6801 0.7071 -0.1935
vn 0.6801 0.7072 -0.1935
vn 0.6859 -0.7071 -0.1715
vn 0.6859 -0.7072 -0.1715
vn 0.9701 -0.0000 -0.2426
vn 0.6859 0.7072 -0.1715
vn 0.6859 0.7071 -0.1715
vn 0.6911 -0.7071 -0.1495
vn 0.6911 -0.7072 -0.1495
vn 0.9774 -0.0000 -0.2114
vn 0.6911 0.7072 -0.1495
vn 0.6911 0.7071 -0.1495
vn 0.6955 -0.7071 -0.1275
vn 0.9836 -0.0000 -0.1804
vn 0.6955 0.7072 -0.1275
vn 0.6955 0.7071 -0.1275
vn 0.6991 -0.7072 -0.1057
vn 0.6991 -0.7071 -0.1057
vn 0.9888 -0.0000 -0.1495
vn 0.6991 0.7072 -0.1057
vn 0.6991 0.7071 -0.1057
vn 0.7021 -0.7071 -0.0840
vn 0.7021 -0.7072 -0.0840
vn 0.9929 -0.0000 -0.1188
vn 0.7021 0.7071 -0.0840
vn 0.7021 0.7072 -0.0840
vn 0.7043 -0.7071 -0.0625
vn 0.9961 -0.0000 -0.0884
vn 0.7043 0.7071 -0.0625
vn 0.7059 -0.7071 -0.0413
vn 0.9983 -0.0000 -0.0585
vn 0.7059 0.7071 -0.0413
vn 0.7068 -0.7071 -0.0205
vn 0.9996 -0.0000 -0.0290
vn 0.7068 0.7071 -0.0205
vn 0.7070 -0.7072 0.0057
vn 0.7070 0.7072 0.0057
vn 0.7056 -0.7073 0.0439
vn 1.0000 -0.0000 0.0080
vn 0.7056 0.7073 0.0439
vn 0.7012 -0.7073 0.0897
vn 0.9981 -0.0000 0.0621
vn 0.7012 0.7073 0.0897
vn 0.6935 -0.7073 0.1372
vn 0.9919 -0.0000 0.1268
vn 0.6935 0.7073 0.1372
vn 0.6820 -0.7073 0.1859
vn 0.9810 -0.0000 0.1941
vn 0.6820 0.7073 0.1859
vn 0.6667 -0.7073 0.2350
vn 0.6667 -0.7074 0.2350
vn 0.9648 -0.0000 0.2630
vn 0.6667 0.7073 0.2350
vn 0.6474 -0.7074 0.2838
vn 0.9431 -0.0000 0.3325
vn 0.6474 -0.7073 0.2838
vn 0.6474 0.7074 0.2838
vn 0.6244 -0.7074 0.3313
vn 0.9159 -0.0000 0.4015
vn 0.6244 0.7074 0.3313
vn 0.6244 0.7073 0.3313
vn 0.5980 -0.7074 0.3769
vn 0.8460 -0.0000 0.5331
vn 0.8833 -0.0000 0.4687
vn 0.5980 0.7074 0.3769
vn 0.5688 -0.7073 0.4197
vn 0.8046 -0.0000 0.5938
vn 0.5688 0.7073 0.4197
vn 0.5373 -0.7073 0.4593
vn 0.7601 -0.0000 0.6498
vn 0.5373 0.7073 0.4593
vn 0.5043 -0.7073 0.4954
vn 0.5043 -0.7073 0.4953
vn 0.7134 -0.0000 0.7007
vn 0.5043 0.7073 0.4954
vn 0.5043 0.7073 0.4953
vn 0.4685 -0.7073 0.5293
vn 0.4685 0.7073 0.5293
vn 0.4315 -0.7073 0.5599
vn 0.6104 -0.0000 0.7921
vn 0.6628 -0.0000 0.7488
vn 0.4315 0.7073 0.5599
vn 0.3946 -0.7073 0.5865
vn 0.3946 0.7073 0.5865
vn 0.3558 -0.7073 0.6108
vn 0.5583 -0.0000 0.8297
vn 0.3558 0.7073 0.6108
vn 0.3156 -0.7073 0.6326
vn 0.4464 -0.0000 0.8948
vn 0.5034 -0.0000 0.8641
vn 0.3156 0.7073 0.6326
vn 0.2743 -0.7073 0.6515
vn 0.3881 -0.0000 0.9216
vn 0.2743 0.7073 0.6515
vn 0.2327 -0.7073 0.6675
vn 0.3292 -0.0000 0.9443
vn 0.2327 0.7073 0.6675
vn 0.2744 0.7073 0.6515
vn 0.1912 -0.7073 0.6806
vn 0.2705 -0.0000 0.9627
vn 0.1912 0.7073 0.6806
vn 0.1504 -0.7073 0.6908
vn 0.1913 -0.7072 0.6806
vn 0.2127 -0.0000 0.9771
vn 0.1504 0.7073 0.6908
vn 0.1913 0.7072 0.6806
vn 0.1105 -0.7072 0.6983
vn 0.1563 -0.0000 0.9877
vn 0.1105 0.7072 0.6983
vn 0.0721 -0.7072 0.7033
vn 0.1019 -0.0000 0.9948
vn 0.0721 0.7072 0.7033
vn 0.0352 -0.7072 0.7061
vn 0.0352 0.7072 0.7061
vn 0.0037 -0.7072 0.7070
vn 0.0052 -0.0000 1.0000
vn 0.0037 0.7072 0.7070
vn -0.0200 -0.7071 0.7068
vn -0.0200 -0.7072 0.7068
vn -0.0283 -0.0000 0.9996
vn -0.0200 0.7071 0.7068
vn -0.0404 -0.7072 0.7059
vn -0.0404 -0.7071 0.7059
vn -0.0404 0.7071 0.7059
vn -0.0404 0.7072 0.7059
vn -0.0613 -0.7071 0.7044
vn -0.0572 -0.0000 0.9984
vn -0.0613 0.7071 0.7044
vn -0.0613 0.7072 0.7044
vn -0.0824 -0.7072 0.7022
vn -0.0866 -0.0000 0.9962
vn -0.0824 -0.7071 0.7022
vn -0.0824 0.7071 0.7023
vn -0.0824 0.7071 0.7022
vn -0.0824 0.7072 0.7022
vn -0.1039 -0.7072 0.6994
vn -0.1039 -0.7071 0.6994
vn -0.1166 -0.0000 0.9932
vn -0.1039 0.7072 0.6994
vn -0.1039 0.7071 0.6994
vn -0.1256 -0.7071 0.6958
vn -0.1256 -0.7072 0.6958
vn -0.1470 -0.0000 0.9891
vn -0.1256 0.7072 0.6958
vn -0.1256 0.7071 0.6958
vn -0.1476 -0.7072 0.6915
vn -0.1777 -0.0000 0.9841
vn -0.1476 -0.7071 0.6915
vn -0.1476 0.7071 0.6915
vn -0.1476 0.7072 0.6915
vn -0.1696 -0.7072 0.6864
vn -0.1696 -0.7071 0.6864
vn -0.2087 -0.0000 0.9780
vn -0.1696 0.7071 0.6864
vn -0.1696 0.7072 0.6864
vn -0.1917 -0.7072 0.6806
vn -0.1917 -0.7071 0.6806
vn -0.2399 -0.0000 0.9708
vn -0.1917 0.7072 0.6806
vn -0.1917 0.7071 0.6806
vn -0.2138 -0.7072 0.6740
vn -0.2138 -0.7072 0.6739
vn -0.2711 -0.0000 0.9625
vn -0.2138 0.7072 0.6740
vn -0.2358 -0.7072 0.6666
vn -0.3024 -0.0000 0.9532
vn -0.2358 0.7072 0.6666
vn -0.2579 -0.7072 0.6584
vn -0.3335 -0.0000 0.9427
vn -0.2579 0.7072 0.6584
vn -0.2579 0.7071 0.6584
vn -0.2803 -0.7072 0.6491
vn -0.3647 -0.0000 0.9311
vn -0.2803 0.7072 0.6491
vn -0.3030 -0.7072 0.6388
vn -0.3964 -0.0000 0.9181
vn -0.3030 0.7072 0.6388
vn -0.3260 -0.7072 0.6274
vn -0.4286 -0.0000 0.9035
vn -0.3260 0.7072 0.6274
vn -0.3490 -0.7072 0.6149
vn -0.4611 -0.0000 0.8874
vn -0.3490 0.7072 0.6149
vn -0.3720 -0.7072 0.6013
vn -0.4936 -0.0000 0.8697
vn -0.3720 0.7072 0.6013
vn -0.3947 -0.7072 0.5866
vn -0.3948 -0.7072 0.5866
vn -0.5261 -0.0000 0.8504
vn -0.3947 0.7072 0.5866
vn -0.3948 0.7072 0.5866
vn -0.4173 -0.7072 0.5708
vn -0.5583 -0.0000 0.8296
vn -0.4173 0.7072 0.5708
vn -0.4394 -0.7072 0.5539
vn -0.5901 -0.0000 0.8073
vn -0.4394 0.7072 0.5539
vn -0.4610 -0.7072 0.5361
vn -0.6214 -0.0000 0.7835
vn -0.4610 0.7072 0.5361
vn -0.4819 -0.7072 0.5173
vn -0.6520 -0.0000 0.7582
vn -0.4819 0.7072 0.5173
vn -0.5022 -0.7072 0.4977
vn -0.7102 -0.0000 0.7040
vn -0.6816 -0.0000 0.7317
vn -0.5022 0.7072 0.4977
vn -0.5021 0.7072 0.4977
vn -0.5174 -0.7071 0.4819
vn -0.5021 -0.7072 0.4977
vn -0.7318 -0.0000 0.6816
vn -0.5174 0.7071 0.4819
vn -0.5308 -0.7072 0.4671
vn -0.5308 0.7072 0.4671
vn -0.5464 -0.7072 0.4487
vn -0.7507 -0.0000 0.6606
vn -0.5464 0.7072 0.4487
vn -0.5614 -0.7072 0.4298
vn -0.7728 -0.0000 0.6346
vn -0.5614 0.7072 0.4298
vn -0.5758 -0.7072 0.4103
vn -0.5758 -0.7072 0.4104
vn -0.8144 -0.0000 0.5804
vn -0.7941 -0.0000 0.6078
vn -0.5758 0.7072 0.4104
vn -0.5758 0.7072 0.4103
vn -0.5894 -0.7072 0.3905
vn -0.8337 -0.0000 0.5523
vn -0.5894 0.7072 0.3905
vn -0.6023 -0.7072 0.3703
vn -0.8519 -0.0000 0.5237
vn -0.6023 0.7072 0.3703
vn -0.6023 0.7071 0.3703
vn -0.6144 -0.7072 0.3499
vn -0.8690 -0.0000 0.4948
vn -0.6144 0.7072 0.3499
vn -0.6257 -0.7072 0.3292
vn -0.6144 -0.7072 0.3498
vn -0.8850 -0.0000 0.4656
vn -0.6257 0.7072 0.3292
vn -0.6144 0.7072 0.3498
vn -0.6362 -0.7071 0.3085
vn -0.6362 -0.7072 0.3084
vn -0.6362 -0.7072 0.3085
vn -0.8998 -0.0000 0.4362
vn -0.6362 0.7072 0.3085
vn -0.6362 0.7071 0.3085
vn -0.6362 0.7072 0.3084
vn -0.6459 -0.7072 0.2877
vn -0.9135 -0.0000 0.4068
vn -0.6459 0.7072 0.2877
vn -0.6459 0.7072 0.2876
vn -0.6548 -0.7072 0.2669
vn -0.6459 -0.7072 0.2876
vn -0.6548 -0.7071 0.2669
vn -0.9260 -0.0000 0.3775
vn -0.6548 0.7071 0.2669
vn -0.6548 0.7072 0.2669
vn -0.6627 -0.7071 0.2465
vn -0.9373 -0.0000 0.3486
vn -0.6627 0.7071 0.2465
vn -0.6698 -0.7071 0.2264
vn -0.6698 -0.7072 0.2264
vn -0.9473 -0.0000 0.3202
vn -0.6698 0.7071 0.2264
vn -0.6698 0.7072 0.2264
vn -0.6627 0.7072 0.2465
vn -0.6763 -0.7071 0.2064
vn -0.6763 0.7071 0.2064
vn -0.6822 -0.7071 0.1860
vn -0.9565 -0.0000 0.2919
vn -0.6822 0.7071 0.1860
vn -0.6874 -0.7071 0.1655
vn -0.6822 -0.7072 0.1860
vn -0.9722 -0.0000 0.2341
vn -0.9648 -0.0000 0.2631
vn -0.6874 0.7071 0.1655
vn -0.6921 -0.7071 0.1448
vn -0.6921 -0.7072 0.1448
vn -0.9788 -0.0000 0.2048
vn -0.6921 0.7071 0.1448
vn -0.6961 -0.7071 0.1240
vn -0.9845 -0.0000 0.1753
vn -0.6961 0.7072 0.1240
vn -0.6961 0.7071 0.1240
vn -0.6995 -0.7071 0.1031
vn -0.9893 -0.0000 0.1458
vn -0.6995 0.7071 0.1031
vn -0.7023 -0.7071 0.0823
vn -0.9932 -0.0000 0.1163
vn -0.7023 0.7071 0.0823
vn -0.7044 -0.7071 0.0615
vn -0.7023 -0.7072 0.0823
vn -0.9962 -0.0000 0.0869
vn -0.7044 0.7071 0.0615
vn -0.7023 0.7072 0.0823
vn -0.7059 -0.7071 0.0408
vn -0.9983 -0.0000 0.0577
vn -0.7059 0.7071 0.0408
vn -0.7068 -0.7071 0.0203
vn -0.9996 -0.0000 0.0287
vn -0.7068 0.7071 0.0203
vn -0.7070 -0.7072 -0.0052
vn -0.7070 0.7072 -0.0052
vn -0.7058 -0.7073 -0.0409
vn -1.0000 -0.0000 -0.0074
vn -0.7058 0.7073 -0.0409
vn -0.7023 -0.7072 -0.0812
vn -0.9934 -0.0000 -0.1149
vn -0.9983 -0.0000 -0.0579
vn -0.7023 0.7072 -0.0812
vn -0.6966 -0.7072 -0.1204
vn -0.7023 -0.7073 -0.0812
vn -0.9854 -0.0000 -0.1703
vn -0.6966 0.7072 -0.1204
vn -0.7023 0.7073 -0.0812
vn -0.6891 -0.7072 -0.1582
vn -0.9747 -0.0000 -0.2237
vn -0.6891 0.7072 -0.1582
vn -0.6798 -0.7072 -0.1943
vn -0.9615 -0.0000 -0.2748
vn -0.6798 0.7072 -0.1943
vn -0.6690 -0.7072 -0.2286
vn -0.9463 -0.0000 -0.3234
vn -0.6690 0.7072 -0.2286
vn -0.6571 -0.7072 -0.2610
vn -0.9294 -0.0000 -0.3691
vn -0.6571 0.7072 -0.2610
vn -0.6442 -0.7072 -0.2913
vn -0.9112 -0.0000 -0.4121
vn -0.6442 0.7072 -0.2913
vn -0.6306 -0.7072 -0.3197
vn -0.8920 -0.0000 -0.4521
vn -0.6306 0.7072 -0.3197
vn -0.6166 -0.7072 -0.3460
vn -0.8721 -0.0000 -0.4894
vn -0.6166 0.7072 -0.3460
vn -0.6023 -0.7072 -0.3704
vn -0.8518 -0.0000 -0.5238
vn -0.6023 0.7072 -0.3704
vn -0.5882 -0.7072 -0.3923
vn -0.8320 -0.0000 -0.5548
vn -0.5882 0.7072 -0.3923
vn -0.5781 -0.7071 -0.4072
vn -0.8175 -0.0000 -0.5759
vn -0.5781 0.7071 -0.4072
vn -0.5714 -0.7071 -0.4165
vn -0.5714 -0.7071 -0.4166
vn -0.8081 -0.0000 -0.5891
vn -0.5714 0.7071 -0.4166
vn -0.5714 0.7071 -0.4165
vn -0.5647 -0.7071 -0.4256
vn -0.7986 -0.0000 -0.6019
vn -0.5647 0.7071 -0.4256
vn -0.5580 -0.7071 -0.4344
vn -0.5580 -0.7071 -0.4343
vn -0.7891 -0.0000 -0.6143
vn -0.5580 0.7071 -0.4344
vn -0.5513 -0.7071 -0.4428
vn -0.7796 -0.0000 -0.6263
vn -0.5513 0.7071 -0.4428
vn -0.5446 -0.7071 -0.4510
vn -0.7702 -0.0000 -0.6379
vn -0.5446 0.7071 -0.4510
vn -0.5379 -0.7071 -0.4590
vn -0.7607 -0.0000 -0.6491
vn -0.5379 0.7071 -0.4590
vn -0.5313 -0.7071 -0.4666
vn -0.7513 -0.0000 -0.6599
vn -0.5313 0.7071 -0.4666
vn -0.5247 -0.7071 -0.4740
vn -0.7420 -0.0000 -0.6704
vn -0.5247 0.7071 -0.4740
vn -0.5181 -0.7071 -0.4812
vn -0.7327 -0.0000 -0.6805
vn -0.5181 0.7071 -0.4812
vn -0.5116 -0.7071 -0.4881
vn -0.7235 -0.0000 -0.6903
vn -0.5116 0.7071 -0.4881
vn -0.5051 -0.7071 -0.4948
vn -0.7144 -0.0000 -0.6998
vn -0.5051 0.7071 -0.4948
vn -0.4988 -0.7071 -0.5011
vn -0.7055 -0.0000 -0.7087
vn -0.4988 0.7071 -0.5011
vn -0.4930 -0.7071 -0.5069
vn -0.6972 -0.0000 -0.7169
vn -0.4930 0.7071 -0.5069
vn -0.4876 -0.7071 -0.5121
vn -0.6896 -0.0000 -0.7242
vn -0.4876 0.7071 -0.5121
vn -0.4827 -0.7071 -0.5168
vn -0.6826 -0.0000 -0.7308
vn -0.4827 0.7071 -0.5168
vn -0.4781 -0.7071 -0.5210
vn -0.6761 -0.0000 -0.7368
vn -0.4781 0.7071 -0.5210
vn -0.4738 -0.7071 -0.5249
vn -0.6700 -0.0000 -0.7423
vn -0.4738 0.7071 -0.5249
vn -0.4698 -0.7071 -0.5285
vn -0.6644 -0.0000 -0.7473
vn -0.4698 0.7071 -0.5285
vn -0.4661 -0.7071 -0.5317
vn -0.6592 -0.0000 -0.7520
vn -0.4661 0.7071 -0.5317
vn -0.4627 -0.7071 -0.5347
vn -0.6543 -0.0000 -0.7562
vn -0.4627 0.7071 -0.5347
vn -0.4594 -0.7071 -0.5375
vn -0.6497 -0.0000 -0.7602
vn -0.4594 0.7071 -0.5375
vn -0.4564 -0.7071 -0.5401
vn -0.6454 -0.0000 -0.7638
vn -0.4564 0.7071 -0.5401
vn -0.4524 -0.7071 -0.5434
vn -0.4524 0.7071 -0.5434
vn -0.4505 -0.7071 -0.5450
vn -0.6372 -0.0000 -0.7707
vn -0.6398 -0.0000 -0.7685
vn -0.4505 0.7071 -0.5450
vn -0.4518 -0.7071 -0.5440
vn -0.6389 -0.0000 -0.7693
vn -0.4518 0.7071 -0.5440
vn -0.4532 -0.7071 -0.5428
vn -0.6409 -0.0000 -0.7676
vn -0.4532 0.7071 -0.5428
vn -0.4547 -0.7071 -0.5415
vn -0.6430 -0.0000 -0.7658
vn -0.4547 0.7071 -0.5415
vn -0.6455 -0.0000 -0.7638
vn -0.4583 -0.7071 -0.5385
vn -0.6482 -0.0000 -0.7615
vn -0.4583 0.7071 -0.5385
vn -0.4605 -0.7071 -0.5366
vn -0.6512 -0.0000 -0.7589
vn -0.4605 0.7071 -0.5366
vn -0.4630 -0.7071 -0.5345
vn -0.6547 -0.0000 -0.7559
vn -0.4630 0.7071 -0.5345
vn -0.4658 -0.7071 -0.5320
vn -0.6587 -0.0000 -0.7524
vn -0.4658 0.7071 -0.5320
vn -0.4691 -0.7071 -0.5291
vn -0.6634 -0.0000 -0.7483
vn -0.4691 0.7071 -0.5291
vn -0.4730 -0.7071 -0.5256
vn 0.7437 0.0006 -0.6685
vn 0.7442 0.0015 -0.6679
vn 0.4019 -0.0000 -0.9157
vn 0.7442 -0.0016 -0.6680
vn 0.7445 -0.0017 -0.6676
vn -0.4730 0.7071 -0.5257
vn -0.4730 0.7071 -0.5256
vn -0.3161 -0.9409 0.1220
vn 0.3601 -0.0000 0.9329
vn -0.3161 0.9409 0.1220
vn 0.0018 -0.7071 0.7071
vn 0.1108 -0.0000 0.9938
vn 0.0018 0.7071 0.7071
vn 0.0076 -0.7071 0.7071
vn 0.0107 -0.0000 0.9999
vn 0.0026 -0.0000 1.0000
vn 0.0076 0.7071 0.7071
vn 0.0159 -0.7071 0.7069
vn 0.0225 -0.0000 0.9997
vn 0.0159 0.7071 0.7069
vn 0.0251 -0.7071 0.7067
vn 0.0355 -0.0000 0.9994
vn 0.0251 0.7071 0.7067
vn 0.0251 0.7071 0.7066
vn 0.0355 -0.7071 0.7062
vn 0.0502 -0.0000 0.9987
vn 0.0355 0.7071 0.7062
vn 0.0471 -0.7071 0.7055
vn 0.0666 -0.0000 0.9978
vn 0.0471 0.7071 0.7055
vn 0.0603 -0.7071 0.7045
vn 0.0853 -0.0000 0.9964
vn 0.0603 0.7071 0.7045
vn 0.0754 -0.7071 0.7031
vn 0.1066 -0.0000 0.9943
vn 0.0754 0.7071 0.7031
vn 0.0927 -0.7071 0.7010
vn 0.1311 -0.0000 0.9914
vn 0.0927 0.7071 0.7010
vn 0.1128 -0.7071 0.6980
vn 0.1128 -0.7072 0.6980
vn 0.1596 -0.0000 0.9872
vn 0.1128 0.7071 0.6980
vn 0.1128 0.7072 0.6980
vn 0.1364 -0.7072 0.6938
vn 0.1929 -0.0000 0.9812
vn 0.1364 0.7072 0.6938
vn 0.1642 -0.7072 0.6877
vn 0.2323 -0.0000 0.9726
vn 0.1642 0.7072 0.6877
vn 0.1905 -0.7072 0.6809
vn 0.1905 0.7072 0.6809
vn 0.2162 -0.7072 0.6732
vn 0.3058 -0.0000 0.9521
vn 0.2694 -0.0000 0.9630
vn 0.2162 0.7072 0.6732
vn 0.2456 -0.7072 0.6630
vn 0.3473 -0.0000 0.9377
vn 0.2456 0.7072 0.6630
vn 0.2752 -0.7072 0.6512
vn 0.3893 -0.0000 0.9211
vn 0.2752 0.7072 0.6512
vn 0.3049 -0.7072 0.6379
vn 0.4313 -0.0000 0.9022
vn 0.3049 0.7072 0.6379
vn 0.3345 -0.7072 0.6229
vn 0.4732 -0.0000 0.8810
vn 0.3345 0.7072 0.6229
vn 0.3345 0.7072 0.6228
vn 0.3638 -0.7072 0.6062
vn 0.5145 -0.0000 0.8575
vn 0.3638 0.7072 0.6062
vn 0.3925 -0.7072 0.5881
vn 0.5551 -0.0000 0.8318
vn 0.3925 0.7072 0.5881
vn 0.4204 -0.7072 0.5685
vn 0.5946 -0.0000 0.8040
vn 0.4204 0.7072 0.5685
vn 0.4473 -0.7072 0.5475
vn 0.4473 0.7072 0.5475
vn 0.4731 -0.7072 0.5254
vn 0.6327 -0.0000 0.7744
vn 0.4731 0.7072 0.5254
vn 0.4975 -0.7072 0.5023
vn 0.6691 -0.0000 0.7432
vn 0.4975 0.7072 0.5023
vn 0.5201 -0.7072 0.4789
vn 0.7037 -0.0000 0.7105
vn 0.5201 0.7072 0.4789
vn 0.5421 -0.7072 0.4539
vn 0.7667 -0.0000 0.6420
vn 0.7356 -0.0000 0.6774
vn 0.5421 0.7072 0.4539
vn 0.5633 -0.7072 0.4273
vn 0.5633 0.7072 0.4273
vn 0.5822 -0.7072 0.4011
vn 0.7967 -0.0000 0.6043
vn 0.5822 0.7072 0.4011
vn 0.5990 -0.7072 0.3756
vn 0.8235 -0.0000 0.5673
vn 0.5990 0.7072 0.3756
vn 0.6138 -0.7072 0.3509
vn 0.8472 -0.0000 0.5312
vn 0.6138 0.7072 0.3509
vn 0.6269 -0.7072 0.3270
vn 0.6269 -0.7072 0.3271
vn 0.8682 -0.0000 0.4963
vn 0.6269 0.7072 0.3270
vn 0.6269 0.7072 0.3271
vn 0.6383 -0.7072 0.3042
vn 0.8866 -0.0000 0.4626
vn 0.6383 0.7072 0.3042
vn 0.6482 -0.7072 0.2823
vn 0.9027 -0.0000 0.4302
vn 0.6482 0.7072 0.2823
vn 0.6569 -0.7071 0.2615
vn 0.9168 -0.0000 0.3993
vn 0.6569 -0.7072 0.2615
vn 0.6569 0.7071 0.2615
vn 0.6645 -0.7071 0.2417
vn 0.9291 -0.0000 0.3698
vn 0.6645 0.7071 0.2417
vn 0.6710 -0.7071 0.2228
vn 0.9398 -0.0000 0.3418
vn 0.6710 0.7071 0.2228
vn 0.3097 -0.7998 0.5143
vn 0.9490 -0.0000 0.3151
vn 0.3097 0.7998 0.5143
vn 0.5159 -0.0000 0.8567
vt 0.632877 0.000000
vt 0.638356 0.000000
vt 0.635616 0.000000
vt 0.641096 0.000000
vt 0.630137 0.000000
vt 0.643836 0.000000
vt 0.646575 0.000000
vt 0.627397 0.000000
vt 0.649315 0.000000
vt 0.652055 0.000000
vt 0.624658 0.000000
vt 0.654795 0.000000
vt 0.657534 0.000000
vt 0.621918 0.000000
vt 0.660274 0.000000
vt 0.619178 0.000000
vt 0.663014 0.000000
vt 0.205479 0.000000
vt 0.665753 0.000000
vt 0.208219 0.000000
vt 0.202740 0.000000
vt 0.210959 0.000000
vt 0.200000 0.000000
vt 0.616438 0.000000
vt 0.213699 0.000000
vt 0.197260 0.000000
vt 0.668493 0.000000
vt 0.216438 0.000000
vt 0.194521 0.000000
vt 0.219178 0.000000
vt 0.671233 0.000000
vt 0.191781 0.000000
vt 0.613699 0.000000
vt 0.221918 0.000000
vt 0.673973 0.000000
vt 0.189041 0.000000
vt 0.224658 0.000000
vt 0.676712 0.000000
vt 0.227397 0.000000
vt 0.610959 0.000000
vt 0.186301 0.000000
vt 0.679452 0.000000
vt 0.230137 0.000000
vt 0.183562 0.000000
vt 0.682192 0.000000
vt 0.608219 0.000000
vt 0.232877 0.000000
vt 0.180822 0.000000
vt 0.684932 0.000000
vt 0.235616 0.000000
vt 0.605479 0.000000
vt 0.687671 0.000000
vt 0.178082 0.000000
vt 0.238356 0.000000
vt 0.690411 0.000000
vt 0.175342 0.000000
vt 0.241096 0.000000
vt 0.602740 0.000000
vt 0.693151 0.000000
vt 0.243836 0.000000
vt 0.172603 0.000000
vt 0.695890 0.000000
vt 0.246575 0.000000
vt 0.600000 0.000000
vt 0.249315 0.000000
vt 0.698630 0.000000
vt 0.169863 0.000000
vt 0.252055 0.000000
vt 0.701370 0.000000
vt 0.597260 0.000000
vt 0.254795 0.000000
vt 0.704110 0.000000
vt 0.167123 0.000000
vt 0.257534 0.000000
vt 0.706849 0.000000
vt 0.260274 0.000000
vt 0.594521 0.000000
vt 0.709589 0.000000
vt 0.164384 0.000000
vt 0.263014 0.000000
vt 0.712329 0.000000
vt 0.265753 0.000000
vt 0.591781 0.000000
vt 0.161644 0.000000
vt 0.715069 0.000000
vt 0.268493 0.000000
vt 0.717808 0.000000
vt 0.271233 0.000000
vt 0.589041 0.000000
vt 0.158904 0.000000
vt 0.720548 0.000000
vt 0.273973 0.000000
vt 0.723288 0.000000
vt 0.276712 0.000000
vt 0.586301 0.000000
vt 0.156164 0.000000
vt 0.726027 0.000000
vt 0.279452 0.000000
vt 0.728767 0.000000
vt 0.282192 0.000000
vt 0.583562 0.000000
vt 0.153425 0.000000
vt 0.731507 0.000000
vt 0.284932 0.000000
vt 0.287671 0.000000
vt 0.734247 0.000000
vt 0.580822 0.000000
vt 0.150685 0.000000
vt 0.290411 0.000000
vt 0.736986 0.000000
vt 0.293151 0.000000
vt 0.578082 0.000000
vt 0.739726 0.000000
vt 0.147945 0.000000
vt 0.295890 0.000000
vt 0.742466 0.000000
vt 0.298630 0.000000
vt 0.575342 0.000000
vt 0.145205 0.000000
vt 0.745205 0.000000
vt 0.301370 0.000000
vt 0.747945 0.000000
vt 0.304110 0.000000
vt 0.572603 0.000000
vt 0.142466 0.000000
vt 0.750685 0.000000
vt 0.306849 0.000000
vt 0.753425 0.000000
vt 0.139726 0.000000
vt 0.569863 0.000000
vt 0.756164 0.000000
vt 0.309589 0.000000
vt 0.758904 0.000000
vt 0.136986 0.000000
vt 0.312329 0.000000
vt 0.567123 0.000000
vt 0.761644 0.000000
vt 0.564384 0.000000
vt 0.764384 0.000000
vt 0.134247 0.000000
vt 0.315068 0.000000
vt 0.561644 0.000000
vt 0.767123 0.000000
vt 0.558904 0.000000
vt 0.131507 0.000000
vt 0.317808 0.000000
vt 0.769863 0.000000
vt 0.556164 0.000000
vt 0.320548 0.000000
vt 0.128767 0.000000
vt 0.553425 0.000000
vt 0.550685 0.000000
vt 0.772603 0.000000
vt 0.323288 0.000000
vt 0.126027 0.000000
vt 0.547945 0.000000
vt 0.326027 0.000000
vt 0.545205 0.000000
vt 0.123288 0.000000
vt 0.775342 0.000000
vt 0.542466 0.000000
vt 0.328767 0.000000
vt 0.539726 0.000000
vt 0.120548 0.000000
vt 0.536986 0.000000
vt 0.331507 0.000000
vt 0.778082 0.000000
vt 0.534247 0.000000
vt 0.334247 0.000000
vt 0.117808 0.000000
vt 0.531507 0.000000
vt 0.528767 0.000000
vt 0.336986 0.000000
vt 0.780822 0.000000
vt 0.115068 0.000000
vt 0.526027 0.000000
vt 0.339726 0.000000
vt 0.523288 0.000000
vt 0.342466 0.000000
vt 0.345205 0.000000
vt 0.520548 0.000000
vt 0.112329 0.000000
vt 0.783562 0.000000
vt 0.347945 0.000000
vt 0.517808 0.000000
vt 0.350685 0.000000
vt 0.353425 0.000000
vt 0.515068 0.000000
vt 0.356164 0.000000
vt 0.109589 0.000000
vt 0.358904 0.000000
vt 0.512329 0.000000
vt 0.361644 0.000000
vt 0.786301 0.000000
vt 0.509589 0.000000
vt 0.364384 0.000000
vt 0.367123 0.000000
vt 0.506849 0.000000
vt 0.369863 0.000000
vt 0.372603 0.000000
vt 0.106849 0.000000
vt 0.375342 0.000000
vt 0.504110 0.000000
vt 0.378082 0.000000
vt 0.380822 0.000000
vt 0.501370 0.000000
vt 0.383562 0.000000
vt 0.789041 0.000000
vt 0.386301 0.000000
vt 0.389041 0.000000
vt 0.391781 0.000000
vt 0.394521 0.000000
vt 0.397260 0.000000
vt 0.432877 0.000000
vt 0.438356 0.000000
vt 0.435616 0.000000
vt 0.430137 0.000000
vt 0.427397 0.000000
vt 0.424658 0.000000
vt 0.400000 0.000000
vt 0.421918 0.000000
vt 0.419178 0.000000
vt 0.416438 0.000000
vt 0.413699 0.000000
vt 0.402740 0.000000
vt 0.410959 0.000000
vt 0.408219 0.000000
vt 0.405479 0.000000
vt 0.498630 0.000000
vt 0.104110 0.000000
vt 0.495890 0.000000
vt 0.441096 0.000000
vt 0.493151 0.000000
vt 0.791781 0.000000
vt 0.443836 0.000000
vt 0.101370 0.000000
vt 0.490411 0.000000
vt 0.446575 0.000000
vt 0.487671 0.000000
vt 0.449315 0.000000
vt 0.452055 0.000000
vt 0.484931 0.000000
vt 0.454795 0.000000
vt 0.482192 0.000000
vt 0.098630 0.000000
vt 0.457534 0.000000
vt 0.794521 0.000000
vt 0.479452 0.000000
vt 0.460274 0.000000
vt 0.463014 0.000000
vt 0.476712 0.000000
vt 0.465753 0.000000
vt 0.473973 0.000000
vt 0.468493 0.000000
vt 0.471233 0.000000
vt 0.095890 0.000000
vt 0.797260 0.000000
vt 0.093151 0.000000
vt 0.800000 0.000000
vt 0.090411 0.000000
vt 0.802740 0.000000
vt 0.805479 0.000000
vt 0.087671 0.000000
vt 0.808219 0.000000
vt 0.084932 0.000000
vt 0.810959 0.000000
vt 0.813699 0.000000
vt 0.082192 0.000000
vt 0.816438 0.000000
vt 0.819178 0.000000
vt 0.821918 0.000000
vt 0.079452 0.000000
vt 0.824658 0.000000
vt 0.827397 0.000000
vt 0.076712 0.000000
vt 0.830137 0.000000
vt 0.832877 0.000000
vt 0.073973 0.000000
vt 0.835616 0.000000
vt 0.838356 0.000000
vt 0.071233 0.000000
vt 0.841096 0.000000
vt 0.843836 0.000000
vt 0.068493 0.000000
vt 0.846575 0.000000
vt 0.065753 0.000000
vt 0.849315 0.000000
vt 0.063014 0.000000
vt 0.852055 0.000000
vt 0.854795 0.000000
vt 0.060274 0.000000
vt 0.857534 0.000000
vt 0.057534 0.000000
vt 0.860274 0.000000
vt 0.054795 0.000000
vt 0.863014 0.000000
vt 0.865753 0.000000
vt 0.052055 0.000000
vt 0.868493 0.000000
vt 0.049315 0.000000
vt 0.997260 0.000000
vt 0.000000 0.000000
vt 1.000000 0.000000
vt 0.871233 0.000000
vt 0.002740 0.000000
vt 0.046575 0.000000
vt 0.994521 0.000000
vt 0.873973 0.000000
vt 0.991781 0.000000
vt 0.043836 0.000000
vt 0.989041 0.000000
vt 0.876712 0.000000
vt 0.986301 0.000000
vt 0.041096 0.000000
vt 0.983562 0.000000
vt 0.879452 0.000000
vt 0.980822 0.000000
vt 0.038356 0.000000
vt 0.978082 0.000000
vt 0.882192 0.000000
vt 0.975342 0.000000
vt 0.972603 0.000000
vt 0.035616 0.000000
vt 0.884932 0.000000
vt 0.969863 0.000000
vt 0.967123 0.000000
vt 0.887671 0.000000
vt 0.032877 0.000000
vt 0.964384 0.000000
vt 0.961644 0.000000
vt 0.890411 0.000000
vt 0.958904 0.000000
vt 0.956164 0.000000
vt 0.030137 0.000000
vt 0.953425 0.000000
vt 0.893151 0.000000
vt 0.950685 0.000000
vt 0.947945 0.000000
vt 0.945205 0.000000
vt 0.895890 0.000000
vt 0.942466 0.000000
vt 0.027397 0.000000
vt 0.939726 0.000000
vt 0.936986 0.000000
vt 0.934247 0.000000
vt 0.898630 0.000000
vt 0.931507 0.000000
vt 0.928767 0.000000
vt 0.926027 0.000000
vt 0.923288 0.000000
vt 0.920548 0.000000
vt 0.917808 0.000000
vt 0.915069 0.000000
vt 0.912329 0.000000
vt 0.909589 0.000000
vt 0.906849 0.000000
vt 0.904110 0.000000
vt 0.901370 0.000000
vt 0.024658 0.000000
vt 0.021918 0.000000
vt 0.019178 0.000000
vt 0.016438 0.000000
vt 0.013699 0.000000
vt 0.010959 0.000000
vt 0.008219 0.000000
vt 0.005479 0.000000
vt 0.002732 0.100000
vt 0.000000 0.100000
vt 0.002732 0.200000
vt 0.000000 0.200000
vt 0.002732 0.300000
vt 0.000000 0.300000
vt 0.002732 0.400000
vt 0.000000 0.400000
vt 0.002732 0.500000
vt 0.000000 0.500000
vt 0.000000 0.600000
vt 0.000000 0.700000
vt 0.002732 0.600000
vt 0.000000 0.800000
vt 0.002732 0.700000
vt 0.000000 0.900000
vt 0.002732 0.800000
vt 0.000000 1.000000
vt 0.002732 0.900000
vt 0.005464 0.000000
vt 0.002732 0.000000
vt 0.005464 0.100000
vt 0.005464 0.200000
vt 0.005464 0.300000
vt 0.005464 0.400000
vt 0.005464 0.600000
vt 0.005464 0.700000
vt 0.005464 0.800000
vt 0.005464 0.900000
vt 0.005464 1.000000
vt 0.002732 1.000000
vt 0.008197 0.100000
vt 0.008197 0.200000
vt 0.008197 0.300000
vt 0.008197 0.400000
vt 0.008197 0.500000
vt 0.005464 0.500000
vt 0.008197 0.600000
vt 0.008197 0.700000
vt 0.008197 0.800000
vt 0.008197 0.900000
vt 0.010929 0.100000
vt 0.008197 0.000000
vt 0.010929 0.200000
vt 0.010929 0.300000
vt 0.010929 0.400000
vt 0.010929 0.500000
vt 0.010929 0.600000
vt 0.010929 0.700000
vt 0.010929 0.800000
vt 0.008197 1.000000
vt 0.010929 0.900000
vt 0.013661 0.000000
vt 0.010929 0.000000
vt 0.013661 0.100000
vt 0.013661 0.200000
vt 0.013661 0.300000
vt 0.013661 0.400000
vt 0.013661 0.600000
vt 0.013661 0.700000
vt 0.013661 0.800000
vt 0.013661 0.900000
vt 0.013661 1.000000
vt 0.010929 1.000000
vt 0.016393 0.000000
vt 0.016393 0.100000
vt 0.016393 0.200000
vt 0.016393 0.300000
vt 0.013661 0.500000
vt 0.016393 0.400000
vt 0.016393 0.600000
vt 0.016393 0.700000
vt 0.016393 0.800000
vt 0.016393 0.900000
vt 0.016393 1.000000
vt 0.019126 0.000000
vt 0.019126 0.100000
vt 0.019126 0.200000
vt 0.019126 0.300000
vt 0.016393 0.500000
vt 0.019126 0.400000
vt 0.019126 0.600000
vt 0.019126 0.700000
vt 0.019126 0.800000
vt 0.019126 0.900000
vt 0.019126 1.000000
vt 0.021858 0.000000
vt 0.021858 0.100000
vt 0.021858 0.200000
vt 0.021858 0.300000
vt 0.019126 0.500000
vt 0.021858 0.400000
vt 0.021858 0.600000
vt 0.021858 0.700000
vt 0.021858 0.800000
vt 0.021858 0.900000
vt 0.021858 1.000000
vt 0.024590 0.000000
vt 0.024590 0.100000
vt 0.024590 0.200000
vt 0.024590 0.300000
vt 0.021858 0.500000
vt 0.024590 0.400000
vt 0.024590 0.600000
vt 0.024590 0.700000
vt 0.024590 0.800000
vt 0.024590 0.900000
vt 0.024590 1.000000
vt 0.027322 0.000000
vt 0.027322 0.100000
vt 0.027322 0.200000
vt 0.027322 0.300000
vt 0.024590 0.500000
vt 0.027322 0.400000
vt 0.027322 0.600000
vt 0.027322 0.700000
vt 0.027322 0.800000
vt 0.027322 0.900000
vt 0.027322 1.000000
vt 0.030055 0.000000
vt 0.030055 0.100000
vt 0.030055 0.200000
vt 0.030055 0.300000
vt 0.027322 0.500000
vt 0.030055 0.400000
vt 0.030055 0.600000
vt 0.030055 0.700000
vt 0.030055 0.800000
vt 0.030055 0.900000
vt 0.030055 1.000000
vt 0.032787 0.000000
vt 0.032787 0.100000
vt 0.032787 0.200000
vt 0.032787 0.300000
vt 0.030055 0.500000
vt 0.032787 0.400000
vt 0.032787 0.600000
vt 0.032787 0.700000
vt 0.032787 0.800000
vt 0.032787 0.900000
vt 0.032787 1.000000
vt 0.035519 0.000000
vt 0.035519 0.100000
vt 0.035519 0.200000
vt 0.035519 0.300000
vt 0.032787 0.500000
vt 0.035519 0.400000
vt 0.035519 0.600000
vt 0.035519 0.700000
vt 0.035519 0.800000
vt 0.035519 0.900000
vt 0.035519 1.000000
vt 0.038251 0.000000
vt 0.038251 0.100000
vt 0.038251 0.200000
vt 0.038251 0.300000
vt 0.035519 0.500000
vt 0.038251 0.400000
vt 0.038251 0.600000
vt 0.038251 0.700000
vt 0.038251 0.800000
vt 0.038251 0.900000
vt 0.038251 1.000000
vt 0.040984 0.000000
vt 0.040984 0.100000
vt 0.040984 0.200000
vt 0.040984 0.300000
vt 0.038251 0.500000
vt 0.040984 0.400000
vt 0.040984 0.600000
vt 0.040984 0.700000
vt 0.040984 0.800000
vt 0.040984 0.900000
vt 0.040984 1.000000
vt 0.043716 0.100000
vt 0.043716 0.200000
vt 0.043716 0.300000
vt 0.043716 0.400000
vt 0.043716 0.500000
vt 0.040984 0.500000
vt 0.043716 0.600000
vt 0.043716 0.700000
vt 0.043716 0.800000
vt 0.043716 0.900000
vt 0.046448 0.100000
vt 0.043716 0.000000
vt 0.046448 0.200000
vt 0.046448 0.300000
vt 0.046448 0.400000
vt 0.046448 0.500000
vt 0.046448 0.600000
vt 0.046448 0.700000
vt 0.046448 0.800000
vt 0.043716 1.000000
vt 0.046448 0.900000
vt 0.049180 0.100000
vt 0.046448 0.000000
vt 0.049180 0.200000
vt 0.049180 0.300000
vt 0.049180 0.400000
vt 0.049180 0.500000
vt 0.049180 0.600000
vt 0.049180 0.700000
vt 0.049180 0.800000
vt 0.046448 1.000000
vt 0.049180 0.900000
vt 0.051913 0.100000
vt 0.049180 0.000000
vt 0.051913 0.200000
vt 0.051913 0.300000
vt 0.051913 0.400000
vt 0.051913 0.500000
vt 0.051913 0.600000
vt 0.051913 0.700000
vt 0.051913 0.800000
vt 0.049180 1.000000
vt 0.051913 0.900000
vt 0.054645 0.100000
vt 0.051913 0.000000
vt 0.054645 0.200000
vt 0.054645 0.300000
vt 0.054645 0.400000
vt 0.054645 0.500000
vt 0.054645 0.600000
vt 0.054645 0.700000
vt 0.054645 0.800000
vt 0.051913 1.000000
vt 0.054645 0.900000
vt 0.057377 0.100000
vt 0.054645 0.000000
vt 0.057377 0.200000
vt 0.057377 0.300000
vt 0.057377 0.400000
vt 0.057377 0.500000
vt 0.057377 0.600000
vt 0.057377 0.700000
vt 0.057377 0.800000
vt 0.054645 1.000000
vt 0.057377 0.900000
vt 0.060109 0.100000
vt 0.057377 0.000000
vt 0.060109 0.200000
vt 0.060109 0.300000
vt 0.060109 0.400000
vt 0.060109 0.500000
vt 0.060109 0.600000
vt 0.060109 0.700000
vt 0.060109 0.800000
vt 0.057377 1.000000
vt 0.060109 0.900000
vt 0.062842 0.100000
vt 0.060109 0.000000
vt 0.062842 0.200000
vt 0.062842 0.300000
vt 0.062842 0.400000
vt 0.062842 0.500000
vt 0.062842 0.600000
vt 0.062842 0.700000
vt 0.062842 0.800000
vt 0.060109 1.000000
vt 0.062842 0.900000
vt 0.065574 0.100000
vt 0.062842 0.000000
vt 0.065574 0.200000
vt 0.065574 0.300000
vt 0.065574 0.400000
vt 0.065574 0.500000
vt 0.065574 0.600000
vt 0.065574 0.700000
vt 0.065574 0.800000
vt 0.062842 1.000000
vt 0.065574 0.900000
vt 0.068306 0.100000
vt 0.065574 0.000000
vt 0.068306 0.200000
vt 0.068306 0.300000
vt 0.068306 0.400000
vt 0.068306 0.500000
vt 0.068306 0.600000
vt 0.068306 0.700000
vt 0.068306 0.800000
vt 0.065574 1.000000
vt 0.068306 0.900000
vt 0.071038 0.100000
vt 0.068306 0.000000
vt 0.071038 0.200000
vt 0.071038 0.300000
vt 0.071038 0.400000
vt 0.071038 0.500000
vt 0.071038 0.600000
vt 0.071038 0.700000
vt 0.071038 0.800000
vt 0.068306 1.000000
vt 0.071038 0.900000
vt 0.073770 0.000000
vt 0.071038 0.000000
vt 0.073770 0.100000
vt 0.073770 0.200000
vt 0.073770 0.300000
vt 0.073770 0.400000
vt 0.073770 0.600000
vt 0.073770 0.700000
vt 0.073770 0.800000
vt 0.073770 0.900000
vt 0.073770 1.000000
vt 0.071038 1.000000
vt 0.076503 0.100000
vt 0.076503 0.200000
vt 0.076503 0.300000
vt 0.076503 0.400000
vt 0.076503 0.500000
vt 0.073770 0.500000
vt 0.076503 0.600000
vt 0.076503 0.700000
vt 0.076503 0.800000
vt 0.076503 0.900000
vt 0.079235 0.100000
vt 0.076503 0.000000
vt 0.079235 0.200000
vt 0.079235 0.300000
vt 0.079235 0.400000
vt 0.079235 0.500000
vt 0.079235 0.600000
vt 0.079235 0.700000
vt 0.079235 0.800000
vt 0.076503 1.000000
vt 0.079235 0.900000
vt 0.081967 0.100000
vt 0.079235 0.000000
vt 0.081967 0.200000
vt 0.081967 0.300000
vt 0.081967 0.400000
vt 0.081967 0.500000
vt 0.081967 0.600000
vt 0.081967 0.700000
vt 0.081967 0.800000
vt 0.079235 1.000000
vt 0.081967 0.900000
vt 0.084699 0.100000
vt 0.081967 0.000000
vt 0.084699 0.200000
vt 0.084699 0.300000
vt 0.084699 0.400000
vt 0.084699 0.500000
vt 0.084699 0.600000
vt 0.084699 0.700000
vt 0.084699 0.800000
vt 0.081967 1.000000
vt 0.084699 0.900000
vt 0.087432 0.100000
vt 0.084699 0.000000
vt 0.087432 0.200000
vt 0.087432 0.300000
vt 0.087432 0.400000
vt 0.087432 0.500000
vt 0.087432 0.600000
vt 0.087432 0.700000
vt 0.087432 0.800000
vt 0.084699 1.000000
vt 0.087432 0.900000
vt 0.090164 0.100000
vt 0.087432 0.000000
vt 0.090164 0.200000
vt 0.090164 0.300000
vt 0.090164 0.400000
vt 0.090164 0.500000
vt 0.090164 0.600000
vt 0.090164 0.700000
vt 0.090164 0.800000
vt 0.087432 1.000000
vt 0.090164 0.900000
vt 0.092896 0.100000
vt 0.090164 0.000000
vt 0.092896 0.200000
vt 0.092896 0.300000
vt 0.092896 0.400000
vt 0.092896 0.500000
vt 0.092896 0.600000
vt 0.092896 0.700000
vt 0.092896 0.800000
vt 0.090164 1.000000
vt 0.092896 0.900000
vt 0.095628 0.100000
vt 0.092896 0.000000
vt 0.095628 0.200000
vt 0.095628 0.300000
vt 0.095628 0.400000
vt 0.095628 0.500000
vt 0.095628 0.600000
vt 0.095628 0.700000
vt 0.095628 0.800000
vt 0.092896 1.000000
vt 0.095628 0.900000
vt 0.098361 0.100000
vt 0.095628 0.000000
vt 0.098361 0.200000
vt 0.098361 0.300000
vt 0.098361 0.400000
vt 0.098361 0.500000
vt 0.098361 0.600000
vt 0.098361 0.700000
vt 0.098361 0.800000
vt 0.095628 1.000000
vt 0.098361 0.900000
vt 0.101093 0.100000
vt 0.098361 0.000000
vt 0.101093 0.200000
vt 0.101093 0.300000
vt 0.101093 0.400000
vt 0.101093 0.500000
vt 0.101093 0.600000
vt 0.101093 0.700000
vt 0.101093 0.800000
vt 0.098361 1.000000
vt 0.101093 0.900000
vt 0.103825 0.100000
vt 0.101093 0.000000
vt 0.103825 0.200000
vt 0.103825 0.300000
vt 0.103825 0.400000
vt 0.103825 0.500000
vt 0.103825 0.600000
vt 0.103825 0.700000
vt 0.103825 0.800000
vt 0.101093 1.000000
vt 0.103825 0.900000
vt 0.106557 0.100000
vt 0.103825 0.000000
vt 0.106557 0.200000
vt 0.106557 0.300000
vt 0.106557 0.400000
vt 0.106557 0.500000
vt 0.106557 0.600000
vt 0.106557 0.700000
vt 0.106557 0.800000
vt 0.103825 1.000000
vt 0.106557 0.900000
vt 0.109290 0.100000
vt 0.106557 0.000000
vt 0.109290 0.200000
vt 0.109290 0.300000
vt 0.109290 0.400000
vt 0.109290 0.500000
vt 0.109290 0.600000
vt 0.109290 0.700000
vt 0.109290 0.800000
vt 0.106557 1.000000
vt 0.109290 0.900000
vt 0.112022 0.100000
vt 0.109290 0.000000
vt 0.112022 0.200000
vt 0.112022 0.300000
vt 0.112022 0.400000
vt 0.112022 0.500000
vt 0.112022 0.600000
vt 0.112022 0.700000
vt 0.112022 0.800000
vt 0.109290 1.000000
vt 0.112022 0.900000
vt 0.114754 0.100000
vt 0.112022 0.000000
vt 0.114754 0.200000
vt 0.114754 0.300000
vt 0.114754 0.400000
vt 0.114754 0.500000
vt 0.114754 0.600000
vt 0.114754 0.700000
vt 0.114754 0.800000
vt 0.112022 1.000000
vt 0.114754 0.900000
vt 0.117486 0.100000
vt 0.114754 0.000000
vt 0.117486 0.200000
vt 0.117486 0.300000
vt 0.117486 0.400000
vt 0.117486 0.500000
vt 0.117486 0.600000
vt 0.117486 0.700000
vt 0.117486 0.800000
vt 0.114754 1.000000
vt 0.117486 0.900000
vt 0.120219 0.100000
vt 0.117486 0.000000
vt 0.120219 0.200000
vt 0.120219 0.300000
vt 0.120219 0.400000
vt 0.120219 0.500000
vt 0.120219 0.600000
vt 0.120219 0.700000
vt 0.120219 0.800000
vt 0.117486 1.000000
vt 0.120219 0.900000
vt 0.122951 0.100000
vt 0.120219 0.000000
vt 0.122951 0.200000
vt 0.122951 0.300000
vt 0.122951 0.400000
vt 0.122951 0.500000
vt 0.122951 0.600000
vt 0.122951 0.700000
vt 0.122951 0.800000
vt 0.120219 1.000000
vt 0.122951 0.900000
vt 0.125683 0.100000
vt 0.122951 0.000000
vt 0.125683 0.200000
vt 0.125683 0.300000
vt 0.125683 0.400000
vt 0.125683 0.500000
vt 0.125683 0.600000
vt 0.125683 0.700000
vt 0.125683 0.800000
vt 0.122951 1.000000
vt 0.125683 0.900000
vt 0.128415 0.100000
vt 0.125683 0.000000
vt 0.128415 0.200000
vt 0.128415 0.300000
vt 0.128415 0.400000
vt 0.128415 0.500000
vt 0.128415 0.600000
vt 0.128415 0.700000
vt 0.128415 0.800000
vt 0.125683 1.000000
vt 0.128415 0.900000
vt 0.131148 0.100000
vt 0.128415 0.000000
vt 0.131148 0.200000
vt 0.131148 0.300000
vt 0.131148 0.400000
vt 0.131148 0.500000
vt 0.131148 0.600000
vt 0.131148 0.700000
vt 0.131148 0.800000
vt 0.128415 1.000000
vt 0.131148 0.900000
vt 0.133880 0.100000
vt 0.131148 0.000000
vt 0.133880 0.200000
vt 0.133880 0.300000
vt 0.133880 0.400000
vt 0.133880 0.500000
vt 0.133880 0.600000
vt 0.133880 0.700000
vt 0.133880 0.800000
vt 0.131148 1.000000
vt 0.133880 0.900000
vt 0.136612 0.100000
vt 0.133880 0.000000
vt 0.136612 0.200000
vt 0.136612 0.300000
vt 0.136612 0.400000
vt 0.136612 0.500000
vt 0.136612 0.600000
vt 0.136612 0.700000
vt 0.136612 0.800000
vt 0.133880 1.000000
vt 0.136612 0.900000
vt 0.139344 0.100000
vt 0.136612 0.000000
vt 0.139344 0.200000
vt 0.139344 0.300000
vt 0.139344 0.400000
vt 0.139344 0.500000
vt 0.139344 0.600000
vt 0.139344 0.700000
vt 0.139344 0.800000
vt 0.136612 1.000000
vt 0.139344 0.900000
vt 0.142077 0.100000
vt 0.139344 0.000000
vt 0.142077 0.200000
vt 0.142077 0.300000
vt 0.142077 0.400000
vt 0.142077 0.500000
vt 0.142077 0.600000
vt 0.142077 0.700000
vt 0.142077 0.800000
vt 0.139344 1.000000
vt 0.142077 0.900000
vt 0.144809 0.100000
vt 0.142077 0.000000
vt 0.144809 0.200000
vt 0.144809 0.300000
vt 0.144809 0.400000
vt 0.144809 0.500000
vt 0.144809 0.600000
vt 0.144809 0.700000
vt 0.144809 0.800000
vt 0.142077 1.000000
vt 0.144809 0.900000
vt 0.147541 0.100000
vt 0.144809 0.000000
vt 0.147541 0.200000
vt 0.147541 0.300000
vt 0.147541 0.400000
vt 0.147541 0.500000
vt 0.147541 0.600000
vt 0.147541 0.700000
vt 0.147541 0.800000
vt 0.144809 1.000000
vt 0.147541 0.900000
vt 0.150273 0.100000
vt 0.147541 0.000000
vt 0.150273 0.200000
vt 0.150273 0.300000
vt 0.150273 0.400000
vt 0.150273 0.500000
vt 0.150273 0.600000
vt 0.150273 0.700000
vt 0.150273 0.800000
vt 0.147541 1.000000
vt 0.150273 0.900000
vt 0.153005 0.100000
vt 0.150273 0.000000
vt 0.153005 0.200000
vt 0.153005 0.300000
vt 0.153005 0.400000
vt 0.153005 0.500000
vt 0.153005 0.600000
vt 0.153005 0.700000
vt 0.153005 0.800000
vt 0.150273 1.000000
vt 0.153005 0.900000
vt 0.155738 0.100000
vt 0.153005 0.000000
vt 0.155738 0.200000
vt 0.155738 0.300000
vt 0.155738 0.400000
vt 0.155738 0.500000
vt 0.155738 0.600000
vt 0.155738 0.700000
vt 0.155738 0.800000
vt 0.153005 1.000000
vt 0.155738 0.900000
vt 0.158470 0.100000
vt 0.155738 0.000000
vt 0.158470 0.200000
vt 0.158470 0.300000
vt 0.158470 0.400000
vt 0.158470 0.500000
vt 0.158470 0.600000
vt 0.158470 0.700000
vt 0.158470 0.800000
vt 0.155738 1.000000
vt 0.158470 0.900000
vt 0.161202 0.000000
vt 0.158470 0.000000
vt 0.161202 0.100000
vt 0.161202 0.200000
vt 0.161202 0.300000
vt 0.161202 0.400000
vt 0.161202 0.600000
vt 0.161202 0.700000
vt 0.161202 0.800000
vt 0.161202 0.900000
vt 0.161202 1.000000
vt 0.158470 1.000000
vt 0.163934 0.000000
vt 0.163934 0.100000
vt 0.163934 0.200000
vt 0.163934 0.300000
vt 0.161202 0.500000
vt 0.163934 0.400000
vt 0.163934 0.600000
vt 0.163934 0.700000
vt 0.163934 0.800000
vt 0.163934 0.900000
vt 0.163934 1.000000
vt 0.166667 0.000000
vt 0.166667 0.100000
vt 0.166667 0.200000
vt 0.166667 0.300000
vt 0.163934 0.500000
vt 0.166667 0.400000
vt 0.166667 0.600000
vt 0.166667 0.700000
vt 0.166667 0.800000
vt 0.166667 0.900000
vt 0.166667 1.000000
vt 0.169399 0.000000
vt 0.169399 0.100000
vt 0.169399 0.200000
vt 0.169399 0.300000
vt 0.166667 0.500000
vt 0.169399 0.400000
vt 0.169399 0.600000
vt 0.169399 0.700000
vt 0.169399 0.800000
vt 0.169399 0.900000
vt 0.169399 1.000000
vt 0.172131 0.100000
vt 0.172131 0.200000
vt 0.172131 0.300000
vt 0.172131 0.400000
vt 0.172131 0.500000
vt 0.169399 0.500000
vt 0.172131 0.600000
vt 0.172131 0.700000
vt 0.172131 0.800000
vt 0.172131 0.900000
vt 0.174863 0.000000
vt 0.172131 0.000000
vt 0.174863 0.100000
vt 0.174863 0.200000
vt 0.174863 0.300000
vt 0.174863 0.400000
vt 0.174863 0.600000
vt 0.174863 0.700000
vt 0.174863 0.800000
vt 0.174863 0.900000
vt 0.174863 1.000000
vt 0.172131 1.000000
vt 0.177596 0.100000
vt 0.177596 0.200000
vt 0.177596 0.300000
vt 0.177596 0.400000
vt 0.177596 0.500000
vt 0.174863 0.500000
vt 0.177596 0.600000
vt 0.177596 0.700000
vt 0.177596 0.800000
vt 0.177596 0.900000
vt 0.180328 0.100000
vt 0.177596 0.000000
vt 0.180328 0.200000
vt 0.180328 0.300000
vt 0.180328 0.400000
vt 0.180328 0.500000
vt 0.180328 0.600000
vt 0.180328 0.700000
vt 0.180328 0.800000
vt 0.177596 1.000000
vt 0.180328 0.900000
vt 0.183060 0.100000
vt 0.180328 0.000000
vt 0.183060 0.200000
vt 0.183060 0.300000
vt 0.183060 0.400000
vt 0.183060 0.500000
vt 0.183060 0.600000
vt 0.183060 0.700000
vt 0.183060 0.800000
vt 0.180328 1.000000
vt 0.183060 0.900000
vt 0.185792 0.100000
vt 0.183060 0.000000
vt 0.185792 0.200000
vt 0.185792 0.300000
vt 0.185792 0.400000
vt 0.185792 0.500000
vt 0.185792 0.600000
vt 0.185792 0.700000
vt 0.185792 0.800000
vt 0.183060 1.000000
vt 0.185792 0.900000
vt 0.188525 0.100000
vt 0.185792 0.000000
vt 0.188525 0.200000
vt 0.188525 0.300000
vt 0.188525 0.400000
vt 0.188525 0.500000
vt 0.188525 0.600000
vt 0.188525 0.700000
vt 0.188525 0.800000
vt 0.185792 1.000000
vt 0.188525 0.900000
vt 0.191257 0.100000
vt 0.188525 0.000000
vt 0.191257 0.200000
vt 0.191257 0.300000
vt 0.191257 0.400000
vt 0.191257 0.500000
vt 0.191257 0.600000
vt 0.191257 0.700000
vt 0.191257 0.800000
vt 0.188525 1.000000
vt 0.191257 0.900000
vt 0.193989 0.000000
vt 0.191257 0.000000
vt 0.193989 0.100000
vt 0.193989 0.200000
vt 0.193989 0.300000
vt 0.193989 0.400000
vt 0.193989 0.600000
vt 0.193989 0.700000
vt 0.193989 0.800000
vt 0.193989 0.900000
vt 0.193989 1.000000
vt 0.191257 1.000000
vt 0.196721 0.000000
vt 0.196721 0.100000
vt 0.196721 0.200000
vt 0.196721 0.300000
vt 0.193989 0.500000
vt 0.196721 0.400000
vt 0.196721 0.600000
vt 0.196721 0.700000
vt 0.196721 0.800000
vt 0.196721 0.900000
vt 0.196721 1.000000
vt 0.199454 0.000000
vt 0.199454 0.100000
vt 0.199454 0.200000
vt 0.199454 0.300000
vt 0.196721 0.500000
vt 0.199454 0.400000
vt 0.199454 0.600000
vt 0.199454 0.700000
vt 0.199454 0.800000
vt 0.199454 0.900000
vt 0.199454 1.000000
vt 0.202186 0.000000
vt 0.202186 0.100000
vt 0.202186 0.200000
vt 0.202186 0.300000
vt 0.199454 0.500000
vt 0.202186 0.400000
vt 0.202186 0.600000
vt 0.202186 0.700000
vt 0.202186 0.800000
vt 0.202186 0.900000
vt 0.202186 1.000000
vt 0.204918 0.000000
vt 0.204918 0.100000
vt 0.204918 0.200000
vt 0.204918 0.300000
vt 0.202186 0.500000
vt 0.204918 0.400000
vt 0.204918 0.600000
vt 0.204918 0.700000
vt 0.204918 0.800000
vt 0.204918 0.900000
vt 0.204918 1.000000
vt 0.207650 0.000000
vt 0.207650 0.100000
vt 0.207650 0.200000
vt 0.207650 0.300000
vt 0.204918 0.500000
vt 0.207650 0.400000
vt 0.207650 0.600000
vt 0.207650 0.700000
vt 0.207650 0.800000
vt 0.207650 0.900000
vt 0.207650 1.000000
vt 0.210383 0.100000
vt 0.210383 0.200000
vt 0.210383 0.300000
vt 0.210383 0.400000
vt 0.210383 0.500000
vt 0.207650 0.500000
vt 0.210383 0.600000
vt 0.210383 0.700000
vt 0.210383 0.800000
vt 0.210383 0.900000
vt 0.213115 0.100000
vt 0.210383 0.000000
vt 0.213115 0.200000
vt 0.213115 0.300000
vt 0.213115 0.400000
vt 0.213115 0.500000
vt 0.213115 0.600000
vt 0.213115 0.700000
vt 0.213115 0.800000
vt 0.210383 1.000000
vt 0.213115 0.900000
vt 0.215847 0.100000
vt 0.213115 0.000000
vt 0.215847 0.200000
vt 0.215847 0.300000
vt 0.215847 0.400000
vt 0.215847 0.500000
vt 0.215847 0.600000
vt 0.215847 0.700000
vt 0.215847 0.800000
vt 0.213115 1.000000
vt 0.215847 0.900000
vt 0.218579 0.100000
vt 0.215847 0.000000
vt 0.218579 0.200000
vt 0.218579 0.300000
vt 0.218579 0.400000
vt 0.218579 0.500000
vt 0.218579 0.600000
vt 0.218579 0.700000
vt 0.218579 0.800000
vt 0.215847 1.000000
vt 0.218579 0.900000
vt 0.221311 0.100000
vt 0.218579 0.000000
vt 0.221311 0.200000
vt 0.221311 0.300000
vt 0.221311 0.400000
vt 0.221311 0.500000
vt 0.221311 0.600000
vt 0.221311 0.700000
vt 0.221311 0.800000
vt 0.218579 1.000000
vt 0.221311 0.900000
vt 0.224044 0.100000
vt 0.221311 0.000000
vt 0.224044 0.200000
vt 0.224044 0.300000
vt 0.224044 0.400000
vt 0.224044 0.600000
vt 0.224044 0.700000
vt 0.224044 0.900000
vt 0.224044 1.000000
vt 0.221311 1.000000
vt 0.226776 0.000000
vt 0.224044 0.000000
vt 0.226776 0.100000
vt 0.226776 0.200000
vt 0.226776 0.300000
vt 0.224044 0.500000
vt 0.226776 0.400000
vt 0.226776 0.600000
vt 0.226776 0.700000
vt 0.226776 0.800000
vt 0.224044 0.800000
vt 0.226776 0.900000
vt 0.226776 1.000000
vt 0.229508 0.000000
vt 0.229508 0.100000
vt 0.229508 0.200000
vt 0.229508 0.300000
vt 0.226776 0.500000
vt 0.229508 0.400000
vt 0.229508 0.600000
vt 0.229508 0.700000
vt 0.229508 0.800000
vt 0.229508 0.900000
vt 0.229508 1.000000
vt 0.232240 0.000000
vt 0.232240 0.100000
vt 0.232240 0.200000
vt 0.232240 0.300000
vt 0.229508 0.500000
vt 0.232240 0.400000
vt 0.232240 0.600000
vt 0.232240 0.700000
vt 0.232240 0.800000
vt 0.232240 0.900000
vt 0.232240 1.000000
vt 0.234973 0.000000
vt 0.234973 0.100000
vt 0.234973 0.200000
vt 0.234973 0.300000
vt 0.232240 0.500000
vt 0.234973 0.400000
vt 0.234973 0.600000
vt 0.234973 0.700000
vt 0.234973 0.800000
vt 0.234973 0.900000
vt 0.234973 1.000000
vt 0.237705 0.000000
vt 0.237705 0.100000
vt 0.237705 0.200000
vt 0.237705 0.300000
vt 0.234973 0.500000
vt 0.237705 0.400000
vt 0.237705 0.600000
vt 0.237705 0.700000
vt 0.237705 0.800000
vt 0.237705 0.900000
vt 0.237705 1.000000
vt 0.240437 0.100000
vt 0.240437 0.200000
vt 0.240437 0.300000
vt 0.240437 0.400000
vt 0.240437 0.500000
vt 0.237705 0.500000
vt 0.240437 0.600000
vt 0.240437 0.700000
vt 0.240437 0.800000
vt 0.240437 0.900000
vt 0.243169 0.100000
vt 0.240437 0.000000
vt 0.243169 0.200000
vt 0.243169 0.300000
vt 0.243169 0.400000
vt 0.243169 0.500000
vt 0.243169 0.600000
vt 0.243169 0.700000
vt 0.243169 0.800000
vt 0.240437 1.000000
vt 0.243169 0.900000
vt 0.245902 0.100000
vt 0.243169 0.000000
vt 0.245902 0.300000
vt 0.245902 0.500000
vt 0.245902 0.700000
vt 0.245902 0.900000
vt 0.243169 1.000000
vt 0.248634 0.000000
vt 0.245902 0.000000
vt 0.245902 0.200000
vt 0.248634 0.100000
vt 0.248634 0.200000
vt 0.245902 0.400000
vt 0.248634 0.300000
vt 0.248634 0.400000
vt 0.248634 0.600000
vt 0.245902 0.600000
vt 0.248634 0.700000
vt 0.248634 0.800000
vt 0.245902 0.800000
vt 0.248634 0.900000
vt 0.248634 1.000000
vt 0.245902 1.000000
vt 0.251366 0.000000
vt 0.251366 0.100000
vt 0.251366 0.200000
vt 0.251366 0.300000
vt 0.248634 0.500000
vt 0.251366 0.400000
vt 0.251366 0.600000
vt 0.251366 0.700000
vt 0.251366 0.800000
vt 0.251366 0.900000
vt 0.251366 1.000000
vt 0.254098 0.000000
vt 0.254098 0.100000
vt 0.254098 0.200000
vt 0.254098 0.300000
vt 0.251366 0.500000
vt 0.254098 0.400000
vt 0.254098 0.600000
vt 0.254098 0.700000
vt 0.254098 0.800000
vt 0.254098 0.900000
vt 0.254098 1.000000
vt 0.256831 0.000000
vt 0.256831 0.100000
vt 0.256831 0.200000
vt 0.256831 0.300000
vt 0.254098 0.500000
vt 0.256831 0.400000
vt 0.256831 0.600000
vt 0.256831 0.700000
vt 0.256831 0.800000
vt 0.256831 0.900000
vt 0.256831 1.000000
vt 0.259563 0.000000
vt 0.259563 0.100000
vt 0.259563 0.200000
vt 0.259563 0.300000
vt 0.256831 0.500000
vt 0.259563 0.400000
vt 0.259563 0.600000
vt 0.259563 0.700000
vt 0.259563 0.800000
vt 0.259563 0.900000
vt 0.259563 1.000000
vt 0.262295 0.000000
vt 0.262295 0.100000
vt 0.262295 0.200000
vt 0.262295 0.300000
vt 0.259563 0.500000
vt 0.262295 0.400000
vt 0.262295 0.600000
vt 0.262295 0.700000
vt 0.262295 0.800000
vt 0.262295 0.900000
vt 0.262295 1.000000
vt 0.265027 0.000000
vt 0.265027 0.100000
vt 0.265027 0.200000
vt 0.265027 0.300000
vt 0.262295 0.500000
vt 0.265027 0.400000
vt 0.265027 0.600000
vt 0.265027 0.700000
vt 0.265027 0.800000
vt 0.265027 0.900000
vt 0.265027 1.000000
vt 0.267760 0.000000
vt 0.267760 0.100000
vt 0.267760 0.200000
vt 0.267760 0.300000
vt 0.265027 0.500000
vt 0.267760 0.400000
vt 0.267760 0.600000
vt 0.267760 0.700000
vt 0.267760 0.800000
vt 0.267760 0.900000
vt 0.267760 1.000000
vt 0.270492 0.000000
vt 0.270492 0.100000
vt 0.270492 0.200000
vt 0.270492 0.300000
vt 0.267760 0.500000
vt 0.270492 0.400000
vt 0.270492 0.600000
vt 0.270492 0.700000
vt 0.270492 0.800000
vt 0.270492 0.900000
vt 0.270492 1.000000
vt 0.273224 0.000000
vt 0.273224 0.100000
vt 0.273224 0.200000
vt 0.273224 0.300000
vt 0.270492 0.500000
vt 0.273224 0.400000
vt 0.273224 0.600000
vt 0.273224 0.700000
vt 0.273224 0.800000
vt 0.273224 0.900000
vt 0.273224 1.000000
vt 0.275956 0.000000
vt 0.275956 0.100000
vt 0.275956 0.200000
vt 0.275956 0.300000
vt 0.273224 0.500000
vt 0.275956 0.400000
vt 0.275956 0.600000
vt 0.275956 0.700000
vt 0.275956 0.800000
vt 0.275956 0.900000
vt 0.275956 1.000000
vt 0.278689 0.000000
vt 0.278689 0.100000
vt 0.278689 0.200000
vt 0.278689 0.300000
vt 0.275956 0.500000
vt 0.278689 0.400000
vt 0.278689 0.600000
vt 0.278689 0.700000
vt 0.278689 0.800000
vt 0.278689 0.900000
vt 0.278689 1.000000
vt 0.281421 0.000000
vt 0.281421 0.100000
vt 0.281421 0.200000
vt 0.281421 0.300000
vt 0.278689 0.500000
vt 0.281421 0.400000
vt 0.281421 0.600000
vt 0.281421 0.700000
vt 0.281421 0.800000
vt 0.281421 0.900000
vt 0.281421 1.000000
vt 0.284153 0.000000
vt 0.284153 0.100000
vt 0.284153 0.200000
vt 0.284153 0.300000
vt 0.281421 0.500000
vt 0.284153 0.400000
vt 0.284153 0.600000
vt 0.284153 0.700000
vt 0.284153 0.800000
vt 0.284153 0.900000
vt 0.284153 1.000000
vt 0.286885 0.000000
vt 0.286885 0.100000
vt 0.286885 0.200000
vt 0.286885 0.300000
vt 0.284153 0.500000
vt 0.286885 0.400000
vt 0.286885 0.600000
vt 0.286885 0.700000
vt 0.286885 0.800000
vt 0.286885 0.900000
vt 0.286885 1.000000
vt 0.289617 0.000000
vt 0.289617 0.100000
vt 0.289617 0.200000
vt 0.289617 0.300000
vt 0.286885 0.500000
vt 0.289617 0.400000
vt 0.289617 0.600000
vt 0.289617 0.700000
vt 0.289617 0.800000
vt 0.289617 0.900000
vt 0.289617 1.000000
vt 0.292350 0.000000
vt 0.292350 0.100000
vt 0.292350 0.200000
vt 0.292350 0.300000
vt 0.289617 0.500000
vt 0.292350 0.400000
vt 0.292350 0.600000
vt 0.292350 0.700000
vt 0.292350 0.800000
vt 0.292350 0.900000
vt 0.292350 1.000000
vt 0.295082 0.000000
vt 0.295082 0.100000
vt 0.295082 0.200000
vt 0.295082 0.300000
vt 0.292350 0.500000
vt 0.295082 0.400000
vt 0.295082 0.600000
vt 0.295082 0.700000
vt 0.295082 0.800000
vt 0.295082 0.900000
vt 0.295082 1.000000
vt 0.297814 0.000000
vt 0.297814 0.100000
vt 0.297814 0.200000
vt 0.297814 0.300000
vt 0.295082 0.500000
vt 0.297814 0.400000
vt 0.297814 0.600000
vt 0.297814 0.700000
vt 0.297814 0.800000
vt 0.297814 0.900000
vt 0.297814 1.000000
vt 0.300546 0.000000
vt 0.300546 0.100000
vt 0.300546 0.200000
vt 0.300546 0.300000
vt 0.297814 0.500000
vt 0.300546 0.400000
vt 0.300546 0.600000
vt 0.300546 0.700000
vt 0.300546 0.800000
vt 0.300546 0.900000
vt 0.300546 1.000000
vt 0.303279 0.100000
vt 0.303279 0.200000
vt 0.303279 0.300000
vt 0.303279 0.400000
vt 0.303279 0.500000
vt 0.300546 0.500000
vt 0.303279 0.600000
vt 0.303279 0.700000
vt 0.303279 0.800000
vt 0.303279 0.900000
vt 0.306011 0.100000
vt 0.303279 0.000000
vt 0.306011 0.200000
vt 0.306011 0.300000
vt 0.306011 0.400000
vt 0.306011 0.500000
vt 0.306011 0.600000
vt 0.306011 0.700000
vt 0.306011 0.800000
vt 0.303279 1.000000
vt 0.306011 0.900000
vt 0.308743 0.100000
vt 0.306011 0.000000
vt 0.308743 0.200000
vt 0.308743 0.300000
vt 0.308743 0.400000
vt 0.308743 0.500000
vt 0.308743 0.600000
vt 0.308743 0.700000
vt 0.308743 0.800000
vt 0.306011 1.000000
vt 0.308743 0.900000
vt 0.311475 0.100000
vt 0.308743 0.000000
vt 0.311475 0.200000
vt 0.311475 0.300000
vt 0.311475 0.400000
vt 0.311475 0.500000
vt 0.311475 0.600000
vt 0.311475 0.700000
vt 0.311475 0.800000
vt 0.308743 1.000000
vt 0.311475 0.900000
vt 0.314208 0.100000
vt 0.311475 0.000000
vt 0.314208 0.200000
vt 0.314208 0.300000
vt 0.314208 0.400000
vt 0.314208 0.500000
vt 0.314208 0.600000
vt 0.314208 0.700000
vt 0.314208 0.800000
vt 0.311475 1.000000
vt 0.314208 0.900000
vt 0.316940 0.100000
vt 0.314208 0.000000
vt 0.316940 0.200000
vt 0.316940 0.300000
vt 0.316940 0.400000
vt 0.316940 0.500000
vt 0.316940 0.600000
vt 0.316940 0.700000
vt 0.316940 0.800000
vt 0.314208 1.000000
vt 0.316940 0.900000
vt 0.319672 0.100000
vt 0.316940 0.000000
vt 0.319672 0.200000
vt 0.319672 0.300000
vt 0.319672 0.400000
vt 0.319672 0.500000
vt 0.319672 0.600000
vt 0.319672 0.700000
vt 0.319672 0.800000
vt 0.316940 1.000000
vt 0.319672 0.900000
vt 0.322404 0.100000
vt 0.319672 0.000000
vt 0.322404 0.200000
vt 0.322404 0.300000
vt 0.322404 0.400000
vt 0.322404 0.500000
vt 0.322404 0.600000
vt 0.322404 0.700000
vt 0.322404 0.800000
vt 0.319672 1.000000
vt 0.322404 0.900000
vt 0.325137 0.000000
vt 0.322404 0.000000
vt 0.325137 0.100000
vt 0.325137 0.200000
vt 0.325137 0.300000
vt 0.325137 0.400000
vt 0.325137 0.600000
vt 0.325137 0.700000
vt 0.325137 0.800000
vt 0.325137 0.900000
vt 0.325137 1.000000
vt 0.322404 1.000000
vt 0.327869 0.000000
vt 0.327869 0.100000
vt 0.327869 0.200000
vt 0.327869 0.300000
vt 0.325137 0.500000
vt 0.327869 0.400000
vt 0.327869 0.600000
vt 0.327869 0.700000
vt 0.327869 0.800000
vt 0.327869 0.900000
vt 0.327869 1.000000
vt 0.330601 0.000000
vt 0.330601 0.100000
vt 0.330601 0.200000
vt 0.330601 0.300000
vt 0.327869 0.500000
vt 0.330601 0.400000
vt 0.330601 0.600000
vt 0.330601 0.700000
vt 0.330601 0.800000
vt 0.330601 0.900000
vt 0.330601 1.000000
vt 0.333333 0.000000
vt 0.333333 0.100000
vt 0.333333 0.200000
vt 0.333333 0.300000
vt 0.330601 0.500000
vt 0.333333 0.400000
vt 0.333333 0.600000
vt 0.333333 0.700000
vt 0.333333 0.800000
vt 0.333333 0.900000
vt 0.333333 1.000000
vt 0.336066 0.000000
vt 0.336066 0.100000
vt 0.336066 0.200000
vt 0.336066 0.300000
vt 0.333333 0.500000
vt 0.336066 0.400000
vt 0.336066 0.600000
vt 0.336066 0.700000
vt 0.336066 0.800000
vt 0.336066 0.900000
vt 0.336066 1.000000
vt 0.338798 0.000000
vt 0.338798 0.100000
vt 0.338798 0.200000
vt 0.338798 0.300000
vt 0.336066 0.500000
vt 0.338798 0.400000
vt 0.338798 0.600000
vt 0.338798 0.700000
vt 0.338798 0.800000
vt 0.338798 0.900000
vt 0.338798 1.000000
vt 0.341530 0.100000
vt 0.341530 0.200000
vt 0.341530 0.300000
vt 0.341530 0.400000
vt 0.341530 0.500000
vt 0.338798 0.500000
vt 0.341530 0.600000
vt 0.341530 0.700000
vt 0.341530 0.800000
vt 0.341530 0.900000
vt 0.344262 0.100000
vt 0.341530 0.000000
vt 0.344262 0.200000
vt 0.344262 0.300000
vt 0.344262 0.400000
vt 0.344262 0.500000
vt 0.344262 0.600000
vt 0.344262 0.700000
vt 0.344262 0.800000
vt 0.341530 1.000000
vt 0.344262 0.900000
vt 0.346995 0.100000
vt 0.344262 0.000000
vt 0.346995 0.200000
vt 0.346995 0.300000
vt 0.346995 0.400000
vt 0.346995 0.500000
vt 0.346995 0.600000
vt 0.346995 0.700000
vt 0.346995 0.800000
vt 0.344262 1.000000
vt 0.346995 0.900000
vt 0.349727 0.100000
vt 0.346995 0.000000
vt 0.349727 0.200000
vt 0.349727 0.300000
vt 0.349727 0.400000
vt 0.349727 0.500000
vt 0.349727 0.600000
vt 0.349727 0.700000
vt 0.349727 0.800000
vt 0.346995 1.000000
vt 0.349727 0.900000
vt 0.352459 0.100000
vt 0.349727 0.000000
vt 0.352459 0.200000
vt 0.352459 0.300000
vt 0.352459 0.400000
vt 0.352459 0.500000
vt 0.352459 0.600000
vt 0.352459 0.700000
vt 0.352459 0.800000
vt 0.349727 1.000000
vt 0.352459 0.900000
vt 0.355191 0.100000
vt 0.352459 0.000000
vt 0.355191 0.200000
vt 0.355191 0.300000
vt 0.355191 0.400000
vt 0.355191 0.500000
vt 0.355191 0.600000
vt 0.355191 0.700000
vt 0.355191 0.800000
vt 0.352459 1.000000
vt 0.355191 0.900000
vt 0.357924 0.100000
vt 0.355191 0.000000
vt 0.357924 0.200000
vt 0.357924 0.300000
vt 0.357924 0.400000
vt 0.357924 0.500000
vt 0.357924 0.600000
vt 0.357924 0.700000
vt 0.357924 0.800000
vt 0.355191 1.000000
vt 0.357924 0.900000
vt 0.360656 0.100000
vt 0.357924 0.000000
vt 0.360656 0.200000
vt 0.360656 0.300000
vt 0.360656 0.400000
vt 0.360656 0.500000
vt 0.360656 0.600000
vt 0.360656 0.700000
vt 0.360656 0.800000
vt 0.357924 1.000000
vt 0.360656 0.900000
vt 0.363388 0.100000
vt 0.360656 0.000000
vt 0.363388 0.200000
vt 0.363388 0.300000
vt 0.363388 0.400000
vt 0.363388 0.500000
vt 0.363388 0.600000
vt 0.363388 0.700000
vt 0.363388 0.800000
vt 0.360656 1.000000
vt 0.363388 0.900000
vt 0.366120 0.100000
vt 0.363388 0.000000
vt 0.366120 0.200000
vt 0.366120 0.300000
vt 0.366120 0.400000
vt 0.366120 0.500000
vt 0.366120 0.600000
vt 0.366120 0.800000
vt 0.363388 1.000000
vt 0.366120 0.900000
vt 0.368852 0.000000
vt 0.366120 0.000000
vt 0.368852 0.100000
vt 0.368852 0.200000
vt 0.368852 0.300000
vt 0.368852 0.400000
vt 0.368852 0.600000
vt 0.368852 0.700000
vt 0.366120 0.700000
vt 0.368852 0.800000
vt 0.368852 0.900000
vt 0.368852 1.000000
vt 0.366120 1.000000
vt 0.371585 0.100000
vt 0.371585 0.200000
vt 0.371585 0.300000
vt 0.371585 0.400000
vt 0.371585 0.500000
vt 0.368852 0.500000
vt 0.371585 0.600000
vt 0.371585 0.700000
vt 0.371585 0.800000
vt 0.371585 0.900000
vt 0.374317 0.100000
vt 0.371585 0.000000
vt 0.374317 0.200000
vt 0.374317 0.300000
vt 0.374317 0.400000
vt 0.374317 0.500000
vt 0.374317 0.600000
vt 0.374317 0.700000
vt 0.374317 0.800000
vt 0.371585 1.000000
vt 0.374317 0.900000
vt 0.377049 0.100000
vt 0.374317 0.000000
vt 0.377049 0.200000
vt 0.377049 0.300000
vt 0.377049 0.400000
vt 0.377049 0.500000
vt 0.377049 0.600000
vt 0.377049 0.700000
vt 0.377049 0.800000
vt 0.374317 1.000000
vt 0.377049 0.900000
vt 0.379781 0.100000
vt 0.377049 0.000000
vt 0.379781 0.200000
vt 0.379781 0.300000
vt 0.379781 0.400000
vt 0.379781 0.500000
vt 0.379781 0.600000
vt 0.379781 0.700000
vt 0.379781 0.800000
vt 0.377049 1.000000
vt 0.379781 0.900000
vt 0.382514 0.100000
vt 0.379781 0.000000
vt 0.382514 0.200000
vt 0.382514 0.300000
vt 0.382514 0.400000
vt 0.382514 0.500000
vt 0.382514 0.600000
vt 0.382514 0.700000
vt 0.382514 0.800000
vt 0.379781 1.000000
vt 0.382514 0.900000
vt 0.385246 0.100000
vt 0.382514 0.000000
vt 0.385246 0.200000
vt 0.385246 0.300000
vt 0.385246 0.400000
vt 0.385246 0.500000
vt 0.385246 0.600000
vt 0.385246 0.700000
vt 0.385246 0.800000
vt 0.382514 1.000000
vt 0.385246 0.900000
vt 0.387978 0.100000
vt 0.385246 0.000000
vt 0.387978 0.200000
vt 0.387978 0.300000
vt 0.387978 0.400000
vt 0.387978 0.500000
vt 0.387978 0.600000
vt 0.387978 0.700000
vt 0.387978 0.800000
vt 0.385246 1.000000
vt 0.387978 0.900000
vt 0.390710 0.100000
vt 0.387978 0.000000
vt 0.390710 0.200000
vt 0.390710 0.300000
vt 0.390710 0.400000
vt 0.390710 0.500000
vt 0.390710 0.600000
vt 0.390710 0.700000
vt 0.390710 0.800000
vt 0.387978 1.000000
vt 0.390710 0.900000
vt 0.393443 0.100000
vt 0.390710 0.000000
vt 0.393443 0.200000
vt 0.393443 0.300000
vt 0.393443 0.400000
vt 0.393443 0.500000
vt 0.393443 0.600000
vt 0.393443 0.700000
vt 0.393443 0.800000
vt 0.390710 1.000000
vt 0.393443 0.900000
vt 0.396175 0.100000
vt 0.393443 0.000000
vt 0.396175 0.200000
vt 0.396175 0.300000
vt 0.396175 0.400000
vt 0.396175 0.500000
vt 0.396175 0.600000
vt 0.396175 0.700000
vt 0.396175 0.800000
vt 0.393443 1.000000
vt 0.396175 0.900000
vt 0.398907 0.100000
vt 0.396175 0.000000
vt 0.398907 0.200000
vt 0.398907 0.300000
vt 0.398907 0.400000
vt 0.398907 0.500000
vt 0.398907 0.600000
vt 0.398907 0.700000
vt 0.398907 0.800000
vt 0.396175 1.000000
vt 0.398907 0.900000
vt 0.401639 0.000000
vt 0.398907 0.000000
vt 0.401639 0.100000
vt 0.401639 0.200000
vt 0.401639 0.300000
vt 0.401639 0.400000
vt 0.401639 0.600000
vt 0.401639 0.700000
vt 0.401639 0.800000
vt 0.401639 0.900000
vt 0.401639 1.000000
vt 0.398907 1.000000
vt 0.404372 0.000000
vt 0.404372 0.100000
vt 0.404372 0.200000
vt 0.404372 0.300000
vt 0.401639 0.500000
vt 0.404372 0.400000
vt 0.404372 0.600000
vt 0.404372 0.700000
vt 0.404372 0.800000
vt 0.404372 0.900000
vt 0.404372 1.000000
vt 0.407104 0.000000
vt 0.407104 0.100000
vt 0.407104 0.200000
vt 0.407104 0.300000
vt 0.404372 0.500000
vt 0.407104 0.400000
vt 0.407104 0.600000
vt 0.407104 0.700000
vt 0.407104 0.800000
vt 0.407104 0.900000
vt 0.407104 1.000000
vt 0.409836 0.000000
vt 0.409836 0.100000
vt 0.409836 0.200000
vt 0.409836 0.300000
vt 0.407104 0.500000
vt 0.409836 0.400000
vt 0.409836 0.600000
vt 0.409836 0.700000
vt 0.409836 0.800000
vt 0.409836 0.900000
vt 0.409836 1.000000
vt 0.412568 0.000000
vt 0.412568 0.100000
vt 0.412568 0.200000
vt 0.412568 0.300000
vt 0.409836 0.500000
vt 0.412568 0.400000
vt 0.412568 0.600000
vt 0.412568 0.700000
vt 0.412568 0.800000
vt 0.412568 0.900000
vt 0.412568 1.000000
vt 0.415301 0.000000
vt 0.415301 0.100000
vt 0.415301 0.200000
vt 0.415301 0.300000
vt 0.412568 0.500000
vt 0.415301 0.400000
vt 0.415301 0.600000
vt 0.415301 0.700000
vt 0.415301 0.800000
vt 0.415301 0.900000
vt 0.415301 1.000000
vt 0.418033 0.000000
vt 0.418033 0.100000
vt 0.418033 0.200000
vt 0.418033 0.300000
vt 0.415301 0.500000
vt 0.418033 0.400000
vt 0.418033 0.600000
vt 0.418033 0.700000
vt 0.418033 0.800000
vt 0.418033 0.900000
vt 0.418033 1.000000
vt 0.420765 0.000000
vt 0.420765 0.100000
vt 0.420765 0.200000
vt 0.420765 0.300000
vt 0.418033 0.500000
vt 0.420765 0.400000
vt 0.420765 0.600000
vt 0.420765 0.700000
vt 0.420765 0.800000
vt 0.420765 0.900000
vt 0.420765 1.000000
vt 0.423497 0.000000
vt 0.423497 0.100000
vt 0.423497 0.200000
vt 0.423497 0.300000
vt 0.420765 0.500000
vt 0.423497 0.400000
vt 0.423497 0.600000
vt 0.423497 0.700000
vt 0.423497 0.800000
vt 0.423497 0.900000
vt 0.423497 1.000000
vt 0.426230 0.000000
vt 0.426230 0.100000
vt 0.426230 0.200000
vt 0.426230 0.300000
vt 0.423497 0.500000
vt 0.426230 0.400000
vt 0.426230 0.600000
vt 0.426230 0.700000
vt 0.426230 0.800000
vt 0.426230 0.900000
vt 0.426230 1.000000
vt 0.428962 0.000000
vt 0.428962 0.100000
vt 0.428962 0.200000
vt 0.428962 0.300000
vt 0.426230 0.500000
vt 0.428962 0.400000
vt 0.428962 0.600000
vt 0.428962 0.700000
vt 0.428962 0.800000
vt 0.428962 0.900000
vt 0.428962 1.000000
vt 0.431694 0.000000
vt 0.431694 0.100000
vt 0.431694 0.200000
vt 0.431694 0.300000
vt 0.428962 0.500000
vt 0.431694 0.400000
vt 0.431694 0.600000
vt 0.431694 0.700000
vt 0.431694 0.800000
vt 0.431694 0.900000
vt 0.431694 1.000000
vt 0.434426 0.000000
vt 0.434426 0.100000
vt 0.434426 0.200000
vt 0.434426 0.300000
vt 0.431694 0.500000
vt 0.434426 0.400000
vt 0.434426 0.600000
vt 0.434426 0.700000
vt 0.434426 0.800000
vt 0.434426 0.900000
vt 0.434426 1.000000
vt 0.437158 0.000000
vt 0.437158 0.100000
vt 0.437158 0.200000
vt 0.437158 0.300000
vt 0.434426 0.500000
vt 0.437158 0.400000
vt 0.437158 0.600000
vt 0.437158 0.700000
vt 0.437158 0.800000
vt 0.437158 0.900000
vt 0.437158 1.000000
vt 0.439891 0.100000
vt 0.439891 0.200000
vt 0.439891 0.300000
vt 0.439891 0.400000
vt 0.439891 0.500000
vt 0.437158 0.500000
vt 0.439891 0.600000
vt 0.439891 0.700000
vt 0.439891 0.800000
vt 0.439891 0.900000
vt 0.442623 0.000000
vt 0.439891 0.000000
vt 0.442623 0.100000
vt 0.442623 0.200000
vt 0.442623 0.300000
vt 0.442623 0.400000
vt 0.442623 0.600000
vt 0.442623 0.700000
vt 0.442623 0.800000
vt 0.442623 0.900000
vt 0.442623 1.000000
vt 0.439891 1.000000
vt 0.445355 0.000000
vt 0.445355 0.100000
vt 0.445355 0.200000
vt 0.445355 0.300000
vt 0.442623 0.500000
vt 0.445355 0.400000
vt 0.445355 0.600000
vt 0.445355 0.700000
vt 0.445355 0.800000
vt 0.445355 0.900000
vt 0.445355 1.000000
vt 0.448087 0.000000
vt 0.448087 0.100000
vt 0.448087 0.200000
vt 0.448087 0.300000
vt 0.445355 0.500000
vt 0.448087 0.400000
vt 0.448087 0.600000
vt 0.448087 0.700000
vt 0.448087 0.800000
vt 0.448087 0.900000
vt 0.448087 1.000000
vt 0.450820 0.000000
vt 0.450820 0.100000
vt 0.450820 0.200000
vt 0.450820 0.300000
vt 0.448087 0.500000
vt 0.450820 0.400000
vt 0.450820 0.600000
vt 0.450820 0.700000
vt 0.450820 0.800000
vt 0.450820 0.900000
vt 0.450820 1.000000
vt 0.453552 0.000000
vt 0.453552 0.100000
vt 0.453552 0.200000
vt 0.453552 0.300000
vt 0.450820 0.500000
vt 0.453552 0.400000
vt 0.453552 0.600000
vt 0.453552 0.700000
vt 0.453552 0.800000
vt 0.453552 0.900000
vt 0.453552 1.000000
vt 0.456284 0.000000
vt 0.456284 0.100000
vt 0.456284 0.200000
vt 0.456284 0.300000
vt 0.453552 0.500000
vt 0.456284 0.400000
vt 0.456284 0.600000
vt 0.456284 0.700000
vt 0.456284 0.800000
vt 0.456284 0.900000
vt 0.456284 1.000000
vt 0.459016 0.000000
vt 0.459016 0.100000
vt 0.459016 0.200000
vt 0.459016 0.300000
vt 0.456284 0.500000
vt 0.459016 0.400000
vt 0.459016 0.600000
vt 0.459016 0.700000
vt 0.459016 0.800000
vt 0.459016 0.900000
vt 0.459016 1.000000
vt 0.461749 0.000000
vt 0.461749 0.100000
vt 0.461749 0.200000
vt 0.461749 0.300000
vt 0.459016 0.500000
vt 0.461749 0.400000
vt 0.461749 0.600000
vt 0.461749 0.700000
vt 0.461749 0.800000
vt 0.461749 0.900000
vt 0.461749 1.000000
vt 0.464481 0.000000
vt 0.464481 0.100000
vt 0.464481 0.200000
vt 0.464481 0.300000
vt 0.461749 0.500000
vt 0.464481 0.400000
vt 0.464481 0.600000
vt 0.464481 0.700000
vt 0.464481 0.800000
vt 0.464481 0.900000
vt 0.464481 1.000000
vt 0.467213 0.000000
vt 0.467213 0.100000
vt 0.467213 0.200000
vt 0.467213 0.300000
vt 0.464481 0.500000
vt 0.467213 0.400000
vt 0.467213 0.600000
vt 0.467213 0.700000
vt 0.467213 0.800000
vt 0.467213 0.900000
vt 0.467213 1.000000
vt 0.469945 0.000000
vt 0.469945 0.100000
vt 0.469945 0.200000
vt 0.469945 0.300000
vt 0.467213 0.500000
vt 0.469945 0.400000
vt 0.469945 0.600000
vt 0.469945 0.700000
vt 0.469945 0.800000
vt 0.469945 0.900000
vt 0.469945 1.000000
vt 0.472678 0.000000
vt 0.472678 0.100000
vt 0.472678 0.200000
vt 0.472678 0.300000
vt 0.469945 0.500000
vt 0.472678 0.400000
vt 0.472678 0.600000
vt 0.472678 0.700000
vt 0.472678 0.800000
vt 0.472678 0.900000
vt 0.472678 1.000000
vt 0.475410 0.000000
vt 0.475410 0.100000
vt 0.475410 0.200000
vt 0.475410 0.300000
vt 0.472678 0.500000
vt 0.475410 0.400000
vt 0.475410 0.600000
vt 0.475410 0.700000
vt 0.475410 0.800000
vt 0.475410 0.900000
vt 0.475410 1.000000
vt 0.478142 0.000000
vt 0.478142 0.100000
vt 0.478142 0.200000
vt 0.478142 0.300000
vt 0.475410 0.500000
vt 0.478142 0.400000
vt 0.478142 0.600000
vt 0.478142 0.700000
vt 0.478142 0.800000
vt 0.478142 0.900000
vt 0.478142 1.000000
vt 0.480874 0.000000
vt 0.480874 0.100000
vt 0.480874 0.200000
vt 0.480874 0.300000
vt 0.478142 0.500000
vt 0.480874 0.400000
vt 0.480874 0.600000
vt 0.480874 0.700000
vt 0.480874 0.800000
vt 0.480874 0.900000
vt 0.480874 1.000000
vt 0.483607 0.100000
vt 0.483607 0.200000
vt 0.483607 0.300000
vt 0.483607 0.400000
vt 0.483607 0.500000
vt 0.480874 0.500000
vt 0.483607 0.600000
vt 0.483607 0.700000
vt 0.483607 0.800000
vt 0.483607 0.900000
vt 0.486339 0.100000
vt 0.483607 0.000000
vt 0.486339 0.200000
vt 0.486339 0.300000
vt 0.486339 0.400000
vt 0.486339 0.500000
vt 0.486339 0.600000
vt 0.486339 0.700000
vt 0.486339 0.800000
vt 0.483607 1.000000
vt 0.486339 0.900000
vt 0.489071 0.100000
vt 0.486339 0.000000
vt 0.489071 0.200000
vt 0.489071 0.300000
vt 0.489071 0.400000
vt 0.489071 0.500000
vt 0.489071 0.600000
vt 0.489071 0.700000
vt 0.489071 0.800000
vt 0.486339 1.000000
vt 0.489071 0.900000
vt 0.491803 0.100000
vt 0.489071 0.000000
vt 0.491803 0.200000
vt 0.491803 0.300000
vt 0.491803 0.400000
vt 0.491803 0.500000
vt 0.491803 0.600000
vt 0.491803 0.700000
vt 0.491803 0.800000
vt 0.489071 1.000000
vt 0.491803 0.900000
vt 0.494536 0.100000
vt 0.491803 0.000000
vt 0.494536 0.200000
vt 0.494536 0.300000
vt 0.494536 0.400000
vt 0.494536 0.500000
vt 0.494536 0.600000
vt 0.494536 0.700000
vt 0.494536 0.800000
vt 0.491803 1.000000
vt 0.494536 0.900000
vt 0.497268 0.100000
vt 0.494536 0.000000
vt 0.497268 0.200000
vt 0.497268 0.300000
vt 0.497268 0.400000
vt 0.497268 0.500000
vt 0.497268 0.600000
vt 0.497268 0.700000
vt 0.497268 0.800000
vt 0.494536 1.000000
vt 0.497268 0.900000
vt 0.500000 0.100000
vt 0.497268 0.000000
vt 0.500000 0.200000
vt 0.500000 0.300000
vt 0.500000 0.400000
vt 0.500000 0.500000
vt 0.500000 0.600000
vt 0.500000 0.700000
vt 0.500000 0.800000
vt 0.497268 1.000000
vt 0.500000 0.900000
vt 0.502732 0.100000
vt 0.500000 0.000000
vt 0.502732 0.200000
vt 0.502732 0.300000
vt 0.502732 0.400000
vt 0.502732 0.500000
vt 0.502732 0.600000
vt 0.502732 0.700000
vt 0.502732 0.800000
vt 0.500000 1.000000
vt 0.502732 0.900000
vt 0.505464 0.000000
vt 0.502732 0.000000
vt 0.505464 0.200000
vt 0.505464 0.300000
vt 0.505464 0.400000
vt 0.505464 0.600000
vt 0.505464 0.700000
vt 0.505464 0.900000
vt 0.505464 1.000000
vt 0.502732 1.000000
vt 0.508197 0.100000
vt 0.505464 0.100000
vt 0.508197 0.200000
vt 0.508197 0.300000
vt 0.508197 0.400000
vt 0.508197 0.500000
vt 0.505464 0.500000
vt 0.508197 0.700000
vt 0.505464 0.800000
vt 0.508197 0.800000
vt 0.508197 0.900000
vt 0.510929 0.100000
vt 0.508197 0.000000
vt 0.510929 0.200000
vt 0.510929 0.300000
vt 0.510929 0.400000
vt 0.510929 0.500000
vt 0.508197 0.600000
vt 0.510929 0.600000
vt 0.510929 0.700000
vt 0.510929 0.800000
vt 0.508197 1.000000
vt 0.510929 0.900000
vt 0.513661 0.100000
vt 0.510929 0.000000
vt 0.513661 0.200000
vt 0.513661 0.300000
vt 0.513661 0.400000
vt 0.513661 0.500000
vt 0.513661 0.600000
vt 0.513661 0.700000
vt 0.513661 0.800000
vt 0.510929 1.000000
vt 0.513661 0.900000
vt 0.516393 0.100000
vt 0.513661 0.000000
vt 0.516393 0.200000
vt 0.516393 0.300000
vt 0.516393 0.400000
vt 0.516393 0.500000
vt 0.516393 0.600000
vt 0.516393 0.700000
vt 0.516393 0.800000
vt 0.513661 1.000000
vt 0.516393 0.900000
vt 0.519126 0.100000
vt 0.516393 0.000000
vt 0.519126 0.200000
vt 0.519126 0.300000
vt 0.519126 0.400000
vt 0.519126 0.500000
vt 0.519126 0.600000
vt 0.519126 0.700000
vt 0.519126 0.800000
vt 0.516393 1.000000
vt 0.519126 0.900000
vt 0.521858 0.100000
vt 0.519126 0.000000
vt 0.521858 0.200000
vt 0.521858 0.300000
vt 0.521858 0.400000
vt 0.521858 0.500000
vt 0.521858 0.600000
vt 0.521858 0.700000
vt 0.521858 0.800000
vt 0.519126 1.000000
vt 0.521858 0.900000
vt 0.524590 0.100000
vt 0.521858 0.000000
vt 0.524590 0.200000
vt 0.524590 0.300000
vt 0.524590 0.400000
vt 0.524590 0.500000
vt 0.524590 0.600000
vt 0.524590 0.700000
vt 0.524590 0.800000
vt 0.521858 1.000000
vt 0.524590 0.900000
vt 0.527322 0.100000
vt 0.524590 0.000000
vt 0.527322 0.200000
vt 0.527322 0.300000
vt 0.527322 0.400000
vt 0.527322 0.500000
vt 0.527322 0.600000
vt 0.527322 0.700000
vt 0.527322 0.800000
vt 0.524590 1.000000
vt 0.527322 0.900000
vt 0.530055 0.100000
vt 0.527322 0.000000
vt 0.530055 0.200000
vt 0.530055 0.300000
vt 0.530055 0.400000
vt 0.530055 0.500000
vt 0.530055 0.600000
vt 0.530055 0.700000
vt 0.530055 0.800000
vt 0.527322 1.000000
vt 0.530055 0.900000
vt 0.532787 0.100000
vt 0.530055 0.000000
vt 0.532787 0.200000
vt 0.532787 0.300000
vt 0.532787 0.400000
vt 0.532787 0.500000
vt 0.532787 0.600000
vt 0.532787 0.700000
vt 0.532787 0.800000
vt 0.530055 1.000000
vt 0.532787 0.900000
vt 0.535519 0.100000
vt 0.532787 0.000000
vt 0.535519 0.200000
vt 0.535519 0.300000
vt 0.535519 0.400000
vt 0.535519 0.500000
vt 0.535519 0.600000
vt 0.535519 0.700000
vt 0.535519 0.800000
vt 0.532787 1.000000
vt 0.535519 0.900000
vt 0.538251 0.100000
vt 0.535519 0.000000
vt 0.538251 0.200000
vt 0.538251 0.300000
vt 0.538251 0.400000
vt 0.538251 0.500000
vt 0.538251 0.600000
vt 0.538251 0.700000
vt 0.538251 0.800000
vt 0.535519 1.000000
vt 0.538251 0.900000
vt 0.540984 0.100000
vt 0.538251 0.000000
vt 0.540984 0.200000
vt 0.540984 0.300000
vt 0.540984 0.400000
vt 0.540984 0.500000
vt 0.540984 0.600000
vt 0.540984 0.700000
vt 0.540984 0.900000
vt 0.538251 1.000000
vt 0.543716 0.100000
vt 0.540984 0.000000
vt 0.543716 0.200000
vt 0.543716 0.300000
vt 0.543716 0.400000
vt 0.543716 0.500000
vt 0.543716 0.600000
vt 0.540984 0.800000
vt 0.543716 0.700000
vt 0.543716 0.800000
vt 0.540984 1.000000
vt 0.543716 0.900000
vt 0.546448 0.100000
vt 0.543716 0.000000
vt 0.546448 0.200000
vt 0.546448 0.300000
vt 0.546448 0.400000
vt 0.546448 0.500000
vt 0.546448 0.600000
vt 0.546448 0.700000
vt 0.546448 0.800000
vt 0.543716 1.000000
vt 0.546448 0.900000
vt 0.549180 0.100000
vt 0.546448 0.000000
vt 0.549180 0.200000
vt 0.549180 0.300000
vt 0.549180 0.400000
vt 0.549180 0.500000
vt 0.549180 0.600000
vt 0.549180 0.700000
vt 0.549180 0.800000
vt 0.546448 1.000000
vt 0.549180 0.900000
vt 0.551913 0.100000
vt 0.549180 0.000000
vt 0.551913 0.200000
vt 0.551913 0.300000
vt 0.551913 0.400000
vt 0.551913 0.500000
vt 0.551913 0.600000
vt 0.551913 0.700000
vt 0.551913 0.800000
vt 0.549180 1.000000
vt 0.551913 0.900000
vt 0.554645 0.100000
vt 0.551913 0.000000
vt 0.554645 0.200000
vt 0.554645 0.300000
vt 0.554645 0.400000
vt 0.554645 0.500000
vt 0.554645 0.600000
vt 0.554645 0.700000
vt 0.554645 0.800000
vt 0.551913 1.000000
vt 0.554645 0.900000
vt 0.557377 0.100000
vt 0.554645 0.000000
vt 0.557377 0.200000
vt 0.557377 0.300000
vt 0.557377 0.400000
vt 0.557377 0.500000
vt 0.557377 0.600000
vt 0.557377 0.700000
vt 0.557377 0.800000
vt 0.554645 1.000000
vt 0.557377 0.900000
vt 0.560109 0.100000
vt 0.557377 0.000000
vt 0.560109 0.200000
vt 0.560109 0.300000
vt 0.560109 0.400000
vt 0.560109 0.500000
vt 0.560109 0.600000
vt 0.560109 0.700000
vt 0.560109 0.800000
vt 0.557377 1.000000
vt 0.560109 0.900000
vt 0.562842 0.100000
vt 0.560109 0.000000
vt 0.562842 0.200000
vt 0.562842 0.300000
vt 0.562842 0.400000
vt 0.562842 0.500000
vt 0.562842 0.600000
vt 0.562842 0.700000
vt 0.562842 0.800000
vt 0.560109 1.000000
vt 0.562842 0.900000
vt 0.565574 0.100000
vt 0.562842 0.000000
vt 0.565574 0.200000
vt 0.565574 0.300000
vt 0.565574 0.400000
vt 0.565574 0.500000
vt 0.565574 0.600000
vt 0.565574 0.700000
vt 0.565574 0.800000
vt 0.562842 1.000000
vt 0.565574 0.900000
vt 0.568306 0.000000
vt 0.565574 0.000000
vt 0.568306 0.100000
vt 0.568306 0.200000
vt 0.568306 0.300000
vt 0.568306 0.400000
vt 0.568306 0.600000
vt 0.568306 0.700000
vt 0.568306 0.800000
vt 0.568306 0.900000
vt 0.568306 1.000000
vt 0.565574 1.000000
vt 0.571038 0.000000
vt 0.571038 0.100000
vt 0.571038 0.200000
vt 0.571038 0.300000
vt 0.568306 0.500000
vt 0.571038 0.400000
vt 0.571038 0.600000
vt 0.571038 0.700000
vt 0.571038 0.800000
vt 0.571038 0.900000
vt 0.571038 1.000000
vt 0.573770 0.000000
vt 0.573770 0.100000
vt 0.573770 0.200000
vt 0.573770 0.300000
vt 0.571038 0.500000
vt 0.573770 0.400000
vt 0.573770 0.600000
vt 0.573770 0.700000
vt 0.573770 0.800000
vt 0.573770 0.900000
vt 0.573770 1.000000
vt 0.576503 0.000000
vt 0.576503 0.100000
vt 0.576503 0.200000
vt 0.576503 0.300000
vt 0.573770 0.500000
vt 0.576503 0.400000
vt 0.576503 0.600000
vt 0.576503 0.700000
vt 0.576503 0.800000
vt 0.576503 0.900000
vt 0.576503 1.000000
vt 0.579235 0.000000
vt 0.579235 0.100000
vt 0.579235 0.200000
vt 0.579235 0.300000
vt 0.576503 0.500000
vt 0.579235 0.400000
vt 0.579235 0.600000
vt 0.579235 0.700000
vt 0.579235 0.800000
vt 0.579235 0.900000
vt 0.579235 1.000000
vt 0.581967 0.000000
vt 0.581967 0.100000
vt 0.581967 0.200000
vt 0.581967 0.300000
vt 0.579235 0.500000
vt 0.581967 0.400000
vt 0.581967 0.600000
vt 0.581967 0.700000
vt 0.581967 0.800000
vt 0.581967 0.900000
vt 0.581967 1.000000
vt 0.584699 0.000000
vt 0.584699 0.100000
vt 0.584699 0.200000
vt 0.584699 0.300000
vt 0.581967 0.500000
vt 0.584699 0.400000
vt 0.584699 0.600000
vt 0.584699 0.700000
vt 0.584699 0.800000
vt 0.584699 0.900000
vt 0.584699 1.000000
vt 0.587432 0.000000
vt 0.587432 0.100000
vt 0.587432 0.200000
vt 0.587432 0.300000
vt 0.584699 0.500000
vt 0.587432 0.400000
vt 0.587432 0.600000
vt 0.587432 0.700000
vt 0.587432 0.800000
vt 0.587432 0.900000
vt 0.587432 1.000000
vt 0.590164 0.100000
vt 0.590164 0.200000
vt 0.590164 0.300000
vt 0.590164 0.400000
vt 0.590164 0.500000
vt 0.587432 0.500000
vt 0.590164 0.600000
vt 0.590164 0.700000
vt 0.590164 0.800000
vt 0.590164 0.900000
vt 0.592896 0.100000
vt 0.590164 0.000000
vt 0.592896 0.200000
vt 0.592896 0.300000
vt 0.592896 0.400000
vt 0.592896 0.500000
vt 0.592896 0.600000
vt 0.592896 0.700000
vt 0.592896 0.800000
vt 0.590164 1.000000
vt 0.592896 0.900000
vt 0.595628 0.100000
vt 0.592896 0.000000
vt 0.595628 0.200000
vt 0.595628 0.300000
vt 0.595628 0.400000
vt 0.595628 0.500000
vt 0.595628 0.600000
vt 0.595628 0.700000
vt 0.595628 0.800000
vt 0.592896 1.000000
vt 0.595628 0.900000
vt 0.598361 0.100000
vt 0.595628 0.000000
vt 0.598361 0.200000
vt 0.598361 0.300000
vt 0.598361 0.400000
vt 0.598361 0.500000
vt 0.598361 0.600000
vt 0.598361 0.700000
vt 0.598361 0.800000
vt 0.595628 1.000000
vt 0.598361 0.900000
vt 0.601093 0.000000
vt 0.598361 0.000000
vt 0.601093 0.100000
vt 0.601093 0.200000
vt 0.601093 0.300000
vt 0.601093 0.400000
vt 0.601093 0.600000
vt 0.601093 0.700000
vt 0.601093 0.800000
vt 0.601093 0.900000
vt 0.601093 1.000000
vt 0.598361 1.000000
vt 0.603825 0.100000
vt 0.603825 0.200000
vt 0.603825 0.300000
vt 0.603825 0.400000
vt 0.603825 0.500000
vt 0.601093 0.500000
vt 0.603825 0.600000
vt 0.603825 0.700000
vt 0.603825 0.800000
vt 0.603825 0.900000
vt 0.606557 0.000000
vt 0.603825 0.000000
vt 0.606557 0.100000
vt 0.606557 0.200000
vt 0.606557 0.300000
vt 0.606557 0.400000
vt 0.606557 0.600000
vt 0.606557 0.700000
vt 0.606557 0.800000
vt 0.606557 0.900000
vt 0.606557 1.000000
vt 0.603825 1.000000
vt 0.609290 0.000000
vt 0.609290 0.100000
vt 0.609290 0.200000
vt 0.609290 0.300000
vt 0.606557 0.500000
vt 0.609290 0.400000
vt 0.609290 0.600000
vt 0.609290 0.700000
vt 0.609290 0.800000
vt 0.609290 0.900000
vt 0.609290 1.000000
vt 0.612022 0.100000
vt 0.612022 0.200000
vt 0.612022 0.300000
vt 0.612022 0.400000
vt 0.612022 0.500000
vt 0.609290 0.500000
vt 0.612022 0.600000
vt 0.612022 0.700000
vt 0.612022 0.800000
vt 0.612022 0.900000
vt 0.614754 0.100000
vt 0.612022 0.000000
vt 0.614754 0.200000
vt 0.614754 0.300000
vt 0.614754 0.400000
vt 0.614754 0.500000
vt 0.614754 0.600000
vt 0.614754 0.700000
vt 0.614754 0.800000
vt 0.612022 1.000000
vt 0.614754 0.900000
vt 0.617486 0.100000
vt 0.614754 0.000000
vt 0.617486 0.200000
vt 0.617486 0.300000
vt 0.617486 0.400000
vt 0.617486 0.500000
vt 0.617486 0.600000
vt 0.617486 0.700000
vt 0.617486 0.800000
vt 0.614754 1.000000
vt 0.617486 0.900000
vt 0.620219 0.100000
vt 0.617486 0.000000
vt 0.620219 0.200000
vt 0.620219 0.300000
vt 0.620219 0.400000
vt 0.620219 0.500000
vt 0.620219 0.600000
vt 0.620219 0.700000
vt 0.620219 0.800000
vt 0.617486 1.000000
vt 0.620219 0.900000
vt 0.622951 0.100000
vt 0.620219 0.000000
vt 0.622951 0.200000
vt 0.622951 0.300000
vt 0.622951 0.400000
vt 0.622951 0.500000
vt 0.622951 0.600000
vt 0.622951 0.700000
vt 0.622951 0.800000
vt 0.620219 1.000000
vt 0.622951 0.900000
vt 0.625683 0.100000
vt 0.622951 0.000000
vt 0.625683 0.200000
vt 0.625683 0.300000
vt 0.625683 0.400000
vt 0.625683 0.500000
vt 0.625683 0.600000
vt 0.625683 0.700000
vt 0.625683 0.800000
vt 0.622951 1.000000
vt 0.625683 0.900000
vt 0.628415 0.100000
vt 0.625683 0.000000
vt 0.628415 0.200000
vt 0.628415 0.300000
vt 0.628415 0.400000
vt 0.628415 0.500000
vt 0.628415 0.600000
vt 0.628415 0.700000
vt 0.628415 0.800000
vt 0.625683 1.000000
vt 0.628415 0.900000
vt 0.631148 0.100000
vt 0.628415 0.000000
vt 0.631148 0.200000
vt 0.631148 0.300000
vt 0.631148 0.400000
vt 0.631148 0.500000
vt 0.631148 0.600000
vt 0.631148 0.700000
vt 0.631148 0.800000
vt 0.628415 1.000000
vt 0.631148 0.900000
vt 0.633880 0.100000
vt 0.631148 0.000000
vt 0.633880 0.200000
vt 0.633880 0.300000
vt 0.633880 0.400000
vt 0.633880 0.500000
vt 0.633880 0.600000
vt 0.633880 0.700000
vt 0.633880 0.800000
vt 0.631148 1.000000
vt 0.633880 0.900000
vt 0.636612 0.100000
vt 0.633880 0.000000
vt 0.636612 0.200000
vt 0.636612 0.300000
vt 0.636612 0.400000
vt 0.636612 0.500000
vt 0.636612 0.600000
vt 0.636612 0.700000
vt 0.636612 0.800000
vt 0.633880 1.000000
vt 0.636612 0.900000
vt 0.639344 0.000000
vt 0.636612 0.000000
vt 0.639344 0.100000
vt 0.639344 0.200000
vt 0.639344 0.300000
vt 0.639344 0.400000
vt 0.639344 0.600000
vt 0.639344 0.700000
vt 0.639344 0.800000
vt 0.639344 0.900000
vt 0.639344 1.000000
vt 0.636612 1.000000
vt 0.642076 0.000000
vt 0.642076 0.100000
vt 0.642076 0.200000
vt 0.642076 0.300000
vt 0.639344 0.500000
vt 0.642076 0.400000
vt 0.642076 0.600000
vt 0.642076 0.700000
vt 0.642076 0.800000
vt 0.642076 0.900000
vt 0.642076 1.000000
vt 0.644809 0.000000
vt 0.644809 0.100000
vt 0.644809 0.200000
vt 0.644809 0.300000
vt 0.642076 0.500000
vt 0.644809 0.400000
vt 0.644809 0.600000
vt 0.644809 0.700000
vt 0.644809 0.800000
vt 0.644809 0.900000
vt 0.644809 1.000000
vt 0.647541 0.000000
vt 0.647541 0.100000
vt 0.647541 0.200000
vt 0.647541 0.300000
vt 0.644809 0.500000
vt 0.647541 0.400000
vt 0.647541 0.600000
vt 0.647541 0.700000
vt 0.647541 0.800000
vt 0.647541 0.900000
vt 0.647541 1.000000
vt 0.650273 0.000000
vt 0.650273 0.100000
vt 0.650273 0.200000
vt 0.650273 0.300000
vt 0.647541 0.500000
vt 0.650273 0.400000
vt 0.650273 0.600000
vt 0.650273 0.700000
vt 0.650273 0.800000
vt 0.650273 0.900000
vt 0.650273 1.000000
vt 0.653005 0.000000
vt 0.653005 0.100000
vt 0.653005 0.200000
vt 0.653005 0.300000
vt 0.650273 0.500000
vt 0.653005 0.400000
vt 0.653005 0.600000
vt 0.653005 0.700000
vt 0.653005 0.800000
vt 0.653005 0.900000
vt 0.653005 1.000000
vt 0.655738 0.000000
vt 0.655738 0.100000
vt 0.655738 0.200000
vt 0.655738 0.300000
vt 0.653005 0.500000
vt 0.655738 0.400000
vt 0.655738 0.600000
vt 0.655738 0.700000
vt 0.655738 0.800000
vt 0.655738 0.900000
vt 0.655738 1.000000
vt 0.658470 0.000000
vt 0.658470 0.100000
vt 0.658470 0.200000
vt 0.658470 0.300000
vt 0.655738 0.500000
vt 0.658470 0.400000
vt 0.658470 0.600000
vt 0.658470 0.700000
vt 0.658470 0.800000
vt 0.658470 0.900000
vt 0.658470 1.000000
vt 0.661202 0.000000
vt 0.661202 0.100000
vt 0.661202 0.200000
vt 0.661202 0.300000
vt 0.658470 0.500000
vt 0.661202 0.400000
vt 0.661202 0.600000
vt 0.661202 0.700000
vt 0.661202 0.800000
vt 0.661202 0.900000
vt 0.661202 1.000000
vt 0.663934 0.000000
vt 0.663934 0.100000
vt 0.663934 0.200000
vt 0.663934 0.300000
vt 0.661202 0.500000
vt 0.663934 0.400000
vt 0.663934 0.600000
vt 0.663934 0.700000
vt 0.663934 0.800000
vt 0.663934 0.900000
vt 0.663934 1.000000
vt 0.666667 0.000000
vt 0.666667 0.100000
vt 0.666667 0.200000
vt 0.666667 0.300000
vt 0.663934 0.500000
vt 0.666667 0.400000
vt 0.666667 0.600000
vt 0.666667 0.700000
vt 0.666667 0.800000
vt 0.666667 0.900000
vt 0.666667 1.000000
vt 0.669399 0.000000
vt 0.669399 0.100000
vt 0.669399 0.200000
vt 0.669399 0.300000
vt 0.666667 0.500000
vt 0.669399 0.400000
vt 0.669399 0.600000
vt 0.669399 0.700000
vt 0.669399 0.800000
vt 0.669399 0.900000
vt 0.669399 1.000000
vt 0.672131 0.000000
vt 0.672131 0.100000
vt 0.672131 0.200000
vt 0.672131 0.300000
vt 0.669399 0.500000
vt 0.672131 0.400000
vt 0.672131 0.600000
vt 0.672131 0.700000
vt 0.672131 0.800000
vt 0.672131 0.900000
vt 0.672131 1.000000
vt 0.674863 0.000000
vt 0.674863 0.100000
vt 0.674863 0.200000
vt 0.674863 0.300000
vt 0.672131 0.500000
vt 0.674863 0.400000
vt 0.674863 0.600000
vt 0.674863 0.700000
vt 0.674863 0.800000
vt 0.674863 0.900000
vt 0.674863 1.000000
vt 0.677596 0.000000
vt 0.677596 0.100000
vt 0.677596 0.200000
vt 0.677596 0.300000
vt 0.674863 0.500000
vt 0.677596 0.400000
vt 0.677596 0.600000
vt 0.677596 0.700000
vt 0.677596 0.800000
vt 0.677596 0.900000
vt 0.677596 1.000000
vt 0.680328 0.000000
vt 0.680328 0.100000
vt 0.680328 0.200000
vt 0.680328 0.300000
vt 0.677596 0.500000
vt 0.680328 0.400000
vt 0.680328 0.600000
vt 0.680328 0.700000
vt 0.680328 0.800000
vt 0.680328 0.900000
vt 0.680328 1.000000
vt 0.683060 0.000000
vt 0.683060 0.100000
vt 0.683060 0.200000
vt 0.683060 0.300000
vt 0.680328 0.500000
vt 0.683060 0.400000
vt 0.683060 0.600000
vt 0.683060 0.700000
vt 0.683060 0.800000
vt 0.683060 0.900000
vt 0.683060 1.000000
vt 0.685792 0.000000
vt 0.685792 0.100000
vt 0.685792 0.200000
vt 0.685792 0.300000
vt 0.683060 0.500000
vt 0.685792 0.400000
vt 0.685792 0.600000
vt 0.685792 0.700000
vt 0.685792 0.800000
vt 0.685792 0.900000
vt 0.685792 1.000000
vt 0.688525 0.000000
vt 0.688525 0.100000
vt 0.688525 0.200000
vt 0.688525 0.300000
vt 0.685792 0.500000
vt 0.688525 0.400000
vt 0.688525 0.600000
vt 0.688525 0.700000
vt 0.688525 0.800000
vt 0.688525 0.900000
vt 0.688525 1.000000
vt 0.691257 0.000000
vt 0.691257 0.100000
vt 0.691257 0.200000
vt 0.691257 0.300000
vt 0.688525 0.500000
vt 0.691257 0.400000
vt 0.691257 0.600000
vt 0.691257 0.700000
vt 0.691257 0.800000
vt 0.691257 0.900000
vt 0.691257 1.000000
vt 0.693989 0.000000
vt 0.693989 0.100000
vt 0.693989 0.200000
vt 0.693989 0.300000
vt 0.691257 0.500000
vt 0.693989 0.400000
vt 0.693989 0.600000
vt 0.693989 0.700000
vt 0.693989 0.800000
vt 0.693989 0.900000
vt 0.693989 1.000000
vt 0.696721 0.100000
vt 0.696721 0.200000
vt 0.696721 0.300000
vt 0.696721 0.500000
vt 0.693989 0.500000
vt 0.696721 0.600000
vt 0.696721 0.700000
vt 0.696721 0.800000
vt 0.696721 1.000000
vt 0.699454 0.100000
vt 0.696721 0.000000
vt 0.699454 0.200000
vt 0.699454 0.300000
vt 0.699454 0.400000
vt 0.696721 0.400000
vt 0.699454 0.500000
vt 0.699454 0.600000
vt 0.699454 0.700000
vt 0.696721 0.900000
vt 0.699454 0.800000
vt 0.699454 0.900000
vt 0.702186 0.000000
vt 0.699454 0.000000
vt 0.702186 0.100000
vt 0.702186 0.200000
vt 0.702186 0.300000
vt 0.702186 0.400000
vt 0.702186 0.600000
vt 0.702186 0.700000
vt 0.702186 0.800000
vt 0.702186 0.900000
vt 0.702186 1.000000
vt 0.699454 1.000000
vt 0.704918 0.000000
vt 0.704918 0.100000
vt 0.704918 0.200000
vt 0.704918 0.300000
vt 0.702186 0.500000
vt 0.704918 0.400000
vt 0.704918 0.600000
vt 0.704918 0.700000
vt 0.704918 0.800000
vt 0.704918 0.900000
vt 0.704918 1.000000
vt 0.707650 0.000000
vt 0.707650 0.200000
vt 0.707650 0.300000
vt 0.707650 0.400000
vt 0.704918 0.500000
vt 0.707650 0.600000
vt 0.707650 0.700000
vt 0.707650 0.800000
vt 0.707650 1.000000
vt 0.707650 0.100000
vt 0.710383 0.000000
vt 0.710383 0.200000
vt 0.710383 0.400000
vt 0.710383 0.500000
vt 0.707650 0.500000
vt 0.710383 0.600000
vt 0.710383 0.800000
vt 0.707650 0.900000
vt 0.710383 1.000000
vt 0.713115 0.100000
vt 0.710383 0.100000
vt 0.713115 0.200000
vt 0.713115 0.300000
vt 0.710383 0.300000
vt 0.713115 0.400000
vt 0.713115 0.500000
vt 0.710383 0.700000
vt 0.713115 0.600000
vt 0.713115 0.700000
vt 0.710383 0.900000
vt 0.713115 0.800000
vt 0.713115 0.900000
vt 0.715847 0.100000
vt 0.713115 0.000000
vt 0.715847 0.200000
vt 0.715847 0.300000
vt 0.715847 0.400000
vt 0.715847 0.500000
vt 0.715847 0.600000
vt 0.715847 0.700000
vt 0.715847 0.800000
vt 0.713115 1.000000
vt 0.715847 0.900000
vt 0.718579 0.100000
vt 0.715847 0.000000
vt 0.718579 0.200000
vt 0.718579 0.300000
vt 0.718579 0.400000
vt 0.718579 0.500000
vt 0.718579 0.600000
vt 0.718579 0.700000
vt 0.718579 0.800000
vt 0.715847 1.000000
vt 0.718579 0.900000
vt 0.721311 0.100000
vt 0.718579 0.000000
vt 0.721311 0.200000
vt 0.721311 0.300000
vt 0.721311 0.400000
vt 0.721311 0.500000
vt 0.721311 0.600000
vt 0.721311 0.700000
vt 0.721311 0.800000
vt 0.718579 1.000000
vt 0.721311 0.900000
vt 0.724044 0.100000
vt 0.721311 0.000000
vt 0.724044 0.200000
vt 0.724044 0.300000
vt 0.724044 0.400000
vt 0.724044 0.500000
vt 0.724044 0.600000
vt 0.724044 0.700000
vt 0.724044 0.800000
vt 0.721311 1.000000
vt 0.724044 0.900000
vt 0.726776 0.100000
vt 0.724044 0.000000
vt 0.726776 0.200000
vt 0.726776 0.300000
vt 0.726776 0.400000
vt 0.726776 0.500000
vt 0.726776 0.600000
vt 0.726776 0.700000
vt 0.726776 0.800000
vt 0.724044 1.000000
vt 0.726776 0.900000
vt 0.729508 0.100000
vt 0.726776 0.000000
vt 0.729508 0.200000
vt 0.729508 0.300000
vt 0.729508 0.400000
vt 0.729508 0.500000
vt 0.729508 0.600000
vt 0.729508 0.700000
vt 0.729508 0.800000
vt 0.726776 1.000000
vt 0.729508 0.900000
vt 0.732240 0.100000
vt 0.729508 0.000000
vt 0.732240 0.200000
vt 0.732240 0.300000
vt 0.732240 0.400000
vt 0.732240 0.500000
vt 0.732240 0.600000
vt 0.732240 0.700000
vt 0.732240 0.800000
vt 0.729508 1.000000
vt 0.732240 0.900000
vt 0.734973 0.100000
vt 0.732240 0.000000
vt 0.734973 0.200000
vt 0.734973 0.300000
vt 0.734973 0.400000
vt 0.734973 0.500000
vt 0.734973 0.600000
vt 0.734973 0.700000
vt 0.734973 0.800000
vt 0.732240 1.000000
vt 0.734973 0.900000
vt 0.737705 0.000000
vt 0.734973 0.000000
vt 0.737705 0.200000
vt 0.737705 0.300000
vt 0.737705 0.400000
vt 0.737705 0.600000
vt 0.737705 0.700000
vt 0.737705 0.800000
vt 0.737705 0.900000
vt 0.737705 1.000000
vt 0.734973 1.000000
vt 0.737705 0.100000
vt 0.740437 0.000000
vt 0.740437 0.100000
vt 0.740437 0.300000
vt 0.737705 0.500000
vt 0.740437 0.400000
vt 0.740437 0.600000
vt 0.740437 0.700000
vt 0.740437 0.800000
vt 0.740437 0.900000
vt 0.740437 1.000000
vt 0.743169 0.000000
vt 0.743169 0.200000
vt 0.740437 0.200000
vt 0.743169 0.300000
vt 0.743169 0.500000
vt 0.740437 0.500000
vt 0.743169 0.600000
vt 0.743169 0.700000
vt 0.743169 0.800000
vt 0.743169 1.000000
vt 0.745902 0.100000
vt 0.743169 0.100000
vt 0.745902 0.200000
vt 0.743169 0.400000
vt 0.745902 0.300000
vt 0.745902 0.400000
vt 0.745902 0.500000
vt 0.745902 0.700000
vt 0.745902 0.800000
vt 0.743169 0.900000
vt 0.745902 1.000000
vt 0.748634 0.100000
vt 0.745902 0.000000
vt 0.748634 0.200000
vt 0.748634 0.300000
vt 0.748634 0.400000
vt 0.745902 0.600000
vt 0.748634 0.500000
vt 0.748634 0.600000
vt 0.748634 0.700000
vt 0.745902 0.900000
vt 0.748634 0.800000
vt 0.748634 0.900000
vt 0.751366 0.100000
vt 0.748634 0.000000
vt 0.751366 0.200000
vt 0.751366 0.300000
vt 0.751366 0.400000
vt 0.751366 0.500000
vt 0.751366 0.600000
vt 0.751366 0.700000
vt 0.751366 0.800000
vt 0.748634 1.000000
vt 0.751366 0.900000
vt 0.754098 0.100000
vt 0.751366 0.000000
vt 0.754098 0.200000
vt 0.754098 0.300000
vt 0.754098 0.400000
vt 0.754098 0.500000
vt 0.754098 0.600000
vt 0.754098 0.700000
vt 0.754098 0.800000
vt 0.751366 1.000000
vt 0.754098 0.900000
vt 0.756831 0.100000
vt 0.754098 0.000000
vt 0.756831 0.200000
vt 0.756831 0.300000
vt 0.756831 0.400000
vt 0.756831 0.500000
vt 0.756831 0.600000
vt 0.756831 0.700000
vt 0.756831 0.800000
vt 0.754098 1.000000
vt 0.756831 0.900000
vt 0.759563 0.100000
vt 0.756831 0.000000
vt 0.759563 0.200000
vt 0.759563 0.300000
vt 0.759563 0.400000
vt 0.759563 0.500000
vt 0.759563 0.600000
vt 0.759563 0.700000
vt 0.759563 0.800000
vt 0.756831 1.000000
vt 0.759563 0.900000
vt 0.762295 0.100000
vt 0.759563 0.000000
vt 0.762295 0.200000
vt 0.762295 0.300000
vt 0.762295 0.400000
vt 0.762295 0.500000
vt 0.762295 0.600000
vt 0.762295 0.700000
vt 0.762295 0.800000
vt 0.759563 1.000000
vt 0.762295 0.900000
vt 0.765027 0.000000
vt 0.762295 0.000000
vt 0.765027 0.100000
vt 0.765027 0.200000
vt 0.765027 0.300000
vt 0.765027 0.400000
vt 0.765027 0.600000
vt 0.765027 0.700000
vt 0.765027 0.800000
vt 0.765027 0.900000
vt 0.765027 1.000000
vt 0.762295 1.000000
vt 0.767760 0.000000
vt 0.767760 0.100000
vt 0.767760 0.200000
vt 0.767760 0.300000
vt 0.765027 0.500000
vt 0.767760 0.400000
vt 0.767760 0.600000
vt 0.767760 0.700000
vt 0.767760 0.800000
vt 0.767760 0.900000
vt 0.767760 1.000000
vt 0.770492 0.100000
vt 0.770492 0.200000
vt 0.770492 0.300000
vt 0.770492 0.400000
vt 0.770492 0.500000
vt 0.767760 0.500000
vt 0.770492 0.600000
vt 0.770492 0.700000
vt 0.770492 0.800000
vt 0.770492 0.900000
vt 0.773224 0.100000
vt 0.770492 0.000000
vt 0.773224 0.200000
vt 0.773224 0.300000
vt 0.773224 0.400000
vt 0.773224 0.500000
vt 0.773224 0.600000
vt 0.773224 0.700000
vt 0.773224 0.800000
vt 0.770492 1.000000
vt 0.773224 0.900000
vt 0.775956 0.100000
vt 0.773224 0.000000
vt 0.775956 0.200000
vt 0.775956 0.300000
vt 0.775956 0.400000
vt 0.775956 0.500000
vt 0.775956 0.600000
vt 0.775956 0.700000
vt 0.775956 0.800000
vt 0.773224 1.000000
vt 0.775956 0.900000
vt 0.778689 0.100000
vt 0.775956 0.000000
vt 0.778689 0.200000
vt 0.778689 0.300000
vt 0.778689 0.400000
vt 0.778689 0.500000
vt 0.778689 0.600000
vt 0.778689 0.700000
vt 0.778689 0.800000
vt 0.775956 1.000000
vt 0.778689 0.900000
vt 0.781421 0.100000
vt 0.778689 0.000000
vt 0.781421 0.200000
vt 0.781421 0.300000
vt 0.781421 0.400000
vt 0.781421 0.500000
vt 0.781421 0.600000
vt 0.781421 0.700000
vt 0.781421 0.800000
vt 0.778689 1.000000
vt 0.781421 0.900000
vt 0.784153 0.100000
vt 0.781421 0.000000
vt 0.784153 0.200000
vt 0.784153 0.300000
vt 0.784153 0.400000
vt 0.784153 0.500000
vt 0.784153 0.600000
vt 0.784153 0.700000
vt 0.784153 0.800000
vt 0.781421 1.000000
vt 0.784153 0.900000
vt 0.786885 0.100000
vt 0.784153 0.000000
vt 0.786885 0.200000
vt 0.786885 0.300000
vt 0.786885 0.400000
vt 0.786885 0.500000
vt 0.786885 0.600000
vt 0.786885 0.700000
vt 0.786885 0.800000
vt 0.784153 1.000000
vt 0.786885 0.900000
vt 0.789617 0.100000
vt 0.786885 0.000000
vt 0.789617 0.200000
vt 0.789617 0.300000
vt 0.789617 0.400000
vt 0.789617 0.500000
vt 0.789617 0.600000
vt 0.789617 0.700000
vt 0.789617 0.800000
vt 0.786885 1.000000
vt 0.789617 0.900000
vt 0.792350 0.100000
vt 0.789617 0.000000
vt 0.792350 0.200000
vt 0.792350 0.300000
vt 0.792350 0.400000
vt 0.792350 0.500000
vt 0.792350 0.600000
vt 0.792350 0.700000
vt 0.792350 0.800000
vt 0.789617 1.000000
vt 0.792350 0.900000
vt 0.795082 0.100000
vt 0.792350 0.000000
vt 0.795082 0.200000
vt 0.795082 0.300000
vt 0.795082 0.400000
vt 0.795082 0.500000
vt 0.795082 0.600000
vt 0.795082 0.700000
vt 0.795082 0.800000
vt 0.792350 1.000000
vt 0.795082 0.900000
vt 0.797814 0.100000
vt 0.795082 0.000000
vt 0.797814 0.200000
vt 0.797814 0.300000
vt 0.797814 0.400000
vt 0.797814 0.500000
vt 0.797814 0.600000
vt 0.797814 0.700000
vt 0.797814 0.800000
vt 0.795082 1.000000
vt 0.797814 0.900000
vt 0.800546 0.100000
vt 0.797814 0.000000
vt 0.800546 0.200000
vt 0.800546 0.300000
vt 0.800546 0.400000
vt 0.800546 0.500000
vt 0.800546 0.600000
vt 0.800546 0.700000
vt 0.800546 0.800000
vt 0.797814 1.000000
vt 0.800546 0.900000
vt 0.803279 0.100000
vt 0.800546 0.000000
vt 0.803279 0.200000
vt 0.803279 0.300000
vt 0.803279 0.400000
vt 0.803279 0.500000
vt 0.803279 0.600000
vt 0.803279 0.700000
vt 0.803279 0.800000
vt 0.800546 1.000000
vt 0.803279 0.900000
vt 0.806011 0.100000
vt 0.803279 0.000000
vt 0.806011 0.200000
vt 0.806011 0.300000
vt 0.806011 0.400000
vt 0.806011 0.500000
vt 0.806011 0.600000
vt 0.806011 0.700000
vt 0.806011 0.800000
vt 0.803279 1.000000
vt 0.806011 0.900000
vt 0.808743 0.100000
vt 0.806011 0.000000
vt 0.808743 0.200000
vt 0.808743 0.300000
vt 0.808743 0.400000
vt 0.808743 0.500000
vt 0.808743 0.600000
vt 0.808743 0.700000
vt 0.808743 0.800000
vt 0.806011 1.000000
vt 0.808743 0.900000
vt 0.811475 0.100000
vt 0.808743 0.000000
vt 0.811475 0.200000
vt 0.811475 0.300000
vt 0.811475 0.400000
vt 0.811475 0.500000
vt 0.811475 0.600000
vt 0.811475 0.700000
vt 0.811475 0.800000
vt 0.808743 1.000000
vt 0.811475 0.900000
vt 0.814208 0.100000
vt 0.811475 0.000000
vt 0.814208 0.200000
vt 0.814208 0.300000
vt 0.814208 0.400000
vt 0.814208 0.500000
vt 0.814208 0.600000
vt 0.814208 0.700000
vt 0.814208 0.800000
vt 0.811475 1.000000
vt 0.814208 0.900000
vt 0.816940 0.100000
vt 0.814208 0.000000
vt 0.816940 0.200000
vt 0.816940 0.300000
vt 0.816940 0.400000
vt 0.816940 0.500000
vt 0.816940 0.600000
vt 0.816940 0.700000
vt 0.816940 0.800000
vt 0.814208 1.000000
vt 0.816940 0.900000
vt 0.819672 0.100000
vt 0.816940 0.000000
vt 0.819672 0.200000
vt 0.819672 0.300000
vt 0.819672 0.400000
vt 0.819672 0.500000
vt 0.819672 0.600000
vt 0.819672 0.700000
vt 0.819672 0.800000
vt 0.816940 1.000000
vt 0.819672 0.900000
vt 0.822404 0.100000
vt 0.819672 0.000000
vt 0.822404 0.200000
vt 0.822404 0.300000
vt 0.822404 0.400000
vt 0.822404 0.500000
vt 0.822404 0.600000
vt 0.822404 0.700000
vt 0.822404 0.800000
vt 0.819672 1.000000
vt 0.822404 0.900000
vt 0.825137 0.100000
vt 0.822404 0.000000
vt 0.825137 0.200000
vt 0.825137 0.300000
vt 0.825137 0.400000
vt 0.825137 0.500000
vt 0.825137 0.600000
vt 0.825137 0.700000
vt 0.825137 0.800000
vt 0.822404 1.000000
vt 0.825137 0.900000
vt 0.827869 0.100000
vt 0.825137 0.000000
vt 0.827869 0.200000
vt 0.827869 0.300000
vt 0.827869 0.400000
vt 0.827869 0.500000
vt 0.827869 0.600000
vt 0.827869 0.700000
vt 0.827869 0.800000
vt 0.825137 1.000000
vt 0.827869 0.900000
vt 0.830601 0.100000
vt 0.827869 0.000000
vt 0.830601 0.200000
vt 0.830601 0.300000
vt 0.830601 0.400000
vt 0.830601 0.500000
vt 0.830601 0.600000
vt 0.830601 0.700000
vt 0.830601 0.800000
vt 0.827869 1.000000
vt 0.830601 0.900000
vt 0.833333 0.100000
vt 0.830601 0.000000
vt 0.833333 0.200000
vt 0.833333 0.300000
vt 0.833333 0.400000
vt 0.833333 0.500000
vt 0.833333 0.600000
vt 0.833333 0.700000
vt 0.833333 0.800000
vt 0.830601 1.000000
vt 0.833333 0.900000
vt 0.836066 0.100000
vt 0.833333 0.000000
vt 0.836066 0.200000
vt 0.836066 0.300000
vt 0.836066 0.400000
vt 0.836066 0.500000
vt 0.836066 0.600000
vt 0.836066 0.700000
vt 0.836066 0.800000
vt 0.833333 1.000000
vt 0.836066 0.900000
vt 0.838798 0.100000
vt 0.836066 0.000000
vt 0.838798 0.200000
vt 0.838798 0.300000
vt 0.838798 0.400000
vt 0.838798 0.500000
vt 0.838798 0.600000
vt 0.838798 0.700000
vt 0.838798 0.800000
vt 0.836066 1.000000
vt 0.838798 0.900000
vt 0.841530 0.100000
vt 0.838798 0.000000
vt 0.841530 0.200000
vt 0.841530 0.300000
vt 0.841530 0.400000
vt 0.841530 0.500000
vt 0.841530 0.600000
vt 0.841530 0.700000
vt 0.841530 0.800000
vt 0.838798 1.000000
vt 0.841530 0.900000
vt 0.844262 0.100000
vt 0.841530 0.000000
vt 0.844262 0.200000
vt 0.844262 0.300000
vt 0.844262 0.400000
vt 0.844262 0.500000
vt 0.844262 0.600000
vt 0.844262 0.700000
vt 0.844262 0.800000
vt 0.841530 1.000000
vt 0.844262 0.900000
vt 0.846995 0.100000
vt 0.844262 0.000000
vt 0.846995 0.200000
vt 0.846995 0.300000
vt 0.846995 0.400000
vt 0.846995 0.500000
vt 0.846995 0.600000
vt 0.846995 0.700000
vt 0.846995 0.800000
vt 0.844262 1.000000
vt 0.846995 0.900000
vt 0.849727 0.100000
vt 0.846995 0.000000
vt 0.849727 0.200000
vt 0.849727 0.300000
vt 0.849727 0.400000
vt 0.849727 0.500000
vt 0.849727 0.600000
vt 0.849727 0.700000
vt 0.849727 0.800000
vt 0.846995 1.000000
vt 0.849727 0.900000
vt 0.852459 0.100000
vt 0.849727 0.000000
vt 0.852459 0.200000
vt 0.852459 0.300000
vt 0.852459 0.400000
vt 0.852459 0.500000
vt 0.852459 0.600000
vt 0.852459 0.700000
vt 0.852459 0.800000
vt 0.849727 1.000000
vt 0.852459 0.900000
vt 0.855191 0.100000
vt 0.852459 0.000000
vt 0.855191 0.200000
vt 0.855191 0.300000
vt 0.855191 0.400000
vt 0.855191 0.500000
vt 0.855191 0.600000
vt 0.855191 0.700000
vt 0.855191 0.800000
vt 0.852459 1.000000
vt 0.855191 0.900000
vt 0.857924 0.100000
vt 0.855191 0.000000
vt 0.857924 0.200000
vt 0.857924 0.300000
vt 0.857924 0.400000
vt 0.857924 0.500000
vt 0.857924 0.600000
vt 0.857924 0.700000
vt 0.857924 0.800000
vt 0.855191 1.000000
vt 0.857924 0.900000
vt 0.860656 0.100000
vt 0.857924 0.000000
vt 0.860656 0.200000
vt 0.860656 0.300000
vt 0.860656 0.400000
vt 0.860656 0.500000
vt 0.860656 0.600000
vt 0.860656 0.700000
vt 0.860656 0.800000
vt 0.857924 1.000000
vt 0.860656 0.900000
vt 0.863388 0.000000
vt 0.860656 0.000000
vt 0.863388 0.100000
vt 0.863388 0.200000
vt 0.863388 0.300000
vt 0.863388 0.400000
vt 0.863388 0.600000
vt 0.863388 0.700000
vt 0.863388 0.800000
vt 0.863388 0.900000
vt 0.863388 1.000000
vt 0.860656 1.000000
vt 0.866120 0.100000
vt 0.866120 0.200000
vt 0.866120 0.300000
vt 0.866120 0.400000
vt 0.866120 0.500000
vt 0.863388 0.500000
vt 0.866120 0.600000
vt 0.866120 0.700000
vt 0.866120 0.800000
vt 0.866120 0.900000
vt 0.868852 0.100000
vt 0.866120 0.000000
vt 0.868852 0.200000
vt 0.868852 0.300000
vt 0.868852 0.400000
vt 0.868852 0.500000
vt 0.868852 0.600000
vt 0.868852 0.700000
vt 0.868852 0.800000
vt 0.866120 1.000000
vt 0.868852 0.900000
vt 0.871585 0.100000
vt 0.868852 0.000000
vt 0.871585 0.200000
vt 0.871585 0.300000
vt 0.871585 0.400000
vt 0.871585 0.500000
vt 0.871585 0.600000
vt 0.871585 0.700000
vt 0.871585 0.800000
vt 0.868852 1.000000
vt 0.871585 0.900000
vt 0.874317 0.100000
vt 0.871585 0.000000
vt 0.874317 0.200000
vt 0.874317 0.300000
vt 0.874317 0.400000
vt 0.874317 0.500000
vt 0.874317 0.600000
vt 0.874317 0.700000
vt 0.874317 0.800000
vt 0.871585 1.000000
vt 0.874317 0.900000
vt 0.877049 0.100000
vt 0.874317 0.000000
vt 0.877049 0.200000
vt 0.877049 0.300000
vt 0.877049 0.400000
vt 0.877049 0.500000
vt 0.877049 0.600000
vt 0.877049 0.700000
vt 0.877049 0.800000
vt 0.874317 1.000000
vt 0.877049 0.900000
vt 0.879781 0.100000
vt 0.877049 0.000000
vt 0.879781 0.200000
vt 0.879781 0.300000
vt 0.879781 0.400000
vt 0.879781 0.500000
vt 0.879781 0.600000
vt 0.879781 0.700000
vt 0.879781 0.800000
vt 0.877049 1.000000
vt 0.879781 0.900000
vt 0.882514 0.100000
vt 0.879781 0.000000
vt 0.882514 0.200000
vt 0.882514 0.300000
vt 0.882514 0.400000
vt 0.882514 0.500000
vt 0.882514 0.600000
vt 0.882514 0.700000
vt 0.882514 0.800000
vt 0.879781 1.000000
vt 0.882514 0.900000
vt 0.885246 0.100000
vt 0.882514 0.000000
vt 0.885246 0.200000
vt 0.885246 0.300000
vt 0.885246 0.400000
vt 0.885246 0.500000
vt 0.885246 0.600000
vt 0.885246 0.700000
vt 0.885246 0.800000
vt 0.882514 1.000000
vt 0.885246 0.900000
vt 0.887978 0.100000
vt 0.885246 0.000000
vt 0.887978 0.200000
vt 0.887978 0.300000
vt 0.887978 0.400000
vt 0.887978 0.500000
vt 0.887978 0.600000
vt 0.887978 0.700000
vt 0.887978 0.800000
vt 0.885246 1.000000
vt 0.887978 0.900000
vt 0.890710 0.100000
vt 0.887978 0.000000
vt 0.890710 0.200000
vt 0.890710 0.300000
vt 0.890710 0.400000
vt 0.890710 0.500000
vt 0.890710 0.600000
vt 0.890710 0.700000
vt 0.890710 0.800000
vt 0.887978 1.000000
vt 0.890710 0.900000
vt 0.893443 0.100000
vt 0.890710 0.000000
vt 0.893443 0.200000
vt 0.893443 0.300000
vt 0.893443 0.400000
vt 0.893443 0.500000
vt 0.893443 0.600000
vt 0.893443 0.700000
vt 0.893443 0.800000
vt 0.890710 1.000000
vt 0.893443 0.900000
vt 0.896175 0.100000
vt 0.893443 0.000000
vt 0.896175 0.200000
vt 0.896175 0.300000
vt 0.896175 0.400000
vt 0.896175 0.600000
vt 0.896175 0.700000
vt 0.896175 0.800000
vt 0.893443 1.000000
vt 0.896175 0.900000
vt 0.898907 0.000000
vt 0.896175 0.000000
vt 0.898907 0.100000
vt 0.898907 0.200000
vt 0.898907 0.300000
vt 0.896175 0.500000
vt 0.898907 0.400000
vt 0.898907 0.600000
vt 0.898907 0.700000
vt 0.898907 0.800000
vt 0.898907 0.900000
vt 0.898907 1.000000
vt 0.896175 1.000000
vt 0.901639 0.100000
vt 0.901639 0.200000
vt 0.901639 0.300000
vt 0.901639 0.400000
vt 0.901639 0.500000
vt 0.898907 0.500000
vt 0.901639 0.600000
vt 0.901639 0.700000
vt 0.901639 0.800000
vt 0.901639 0.900000
vt 0.904372 0.100000
vt 0.901639 0.000000
vt 0.904372 0.200000
vt 0.904372 0.300000
vt 0.904372 0.400000
vt 0.904372 0.500000
vt 0.904372 0.600000
vt 0.904372 0.700000
vt 0.904372 0.800000
vt 0.901639 1.000000
vt 0.904372 0.900000
vt 0.907104 0.100000
vt 0.904372 0.000000
vt 0.907104 0.200000
vt 0.907104 0.300000
vt 0.907104 0.400000
vt 0.907104 0.500000
vt 0.907104 0.600000
vt 0.907104 0.700000
vt 0.907104 0.800000
vt 0.904372 1.000000
vt 0.907104 0.900000
vt 0.909836 0.100000
vt 0.907104 0.000000
vt 0.909836 0.200000
vt 0.909836 0.300000
vt 0.909836 0.400000
vt 0.909836 0.500000
vt 0.909836 0.600000
vt 0.909836 0.700000
vt 0.909836 0.800000
vt 0.907104 1.000000
vt 0.909836 0.900000
vt 0.912568 0.100000
vt 0.909836 0.000000
vt 0.912568 0.200000
vt 0.912568 0.300000
vt 0.912568 0.400000
vt 0.912568 0.500000
vt 0.912568 0.600000
vt 0.912568 0.700000
vt 0.912568 0.800000
vt 0.909836 1.000000
vt 0.912568 0.900000
vt 0.915301 0.100000
vt 0.912568 0.000000
vt 0.915301 0.200000
vt 0.915301 0.300000
vt 0.915301 0.400000
vt 0.915301 0.500000
vt 0.915301 0.600000
vt 0.915301 0.700000
vt 0.915301 0.800000
vt 0.912568 1.000000
vt 0.915301 0.900000
vt 0.918033 0.100000
vt 0.915301 0.000000
vt 0.918033 0.200000
vt 0.918033 0.300000
vt 0.918033 0.400000
vt 0.918033 0.500000
vt 0.918033 0.600000
vt 0.918033 0.700000
vt 0.918033 0.800000
vt 0.915301 1.000000
vt 0.918033 0.900000
vt 0.920765 0.100000
vt 0.918033 0.000000
vt 0.920765 0.200000
vt 0.920765 0.300000
vt 0.920765 0.400000
vt 0.920765 0.500000
vt 0.920765 0.600000
vt 0.920765 0.700000
vt 0.920765 0.800000
vt 0.918033 1.000000
vt 0.920765 0.900000
vt 0.923497 0.100000
vt 0.920765 0.000000
vt 0.923497 0.200000
vt 0.923497 0.300000
vt 0.923497 0.400000
vt 0.923497 0.500000
vt 0.923497 0.600000
vt 0.923497 0.700000
vt 0.923497 0.800000
vt 0.920765 1.000000
vt 0.923497 0.900000
vt 0.926230 0.100000
vt 0.923497 0.000000
vt 0.926230 0.200000
vt 0.926230 0.300000
vt 0.926230 0.400000
vt 0.926230 0.500000
vt 0.926230 0.600000
vt 0.926230 0.700000
vt 0.926230 0.800000
vt 0.923497 1.000000
vt 0.926230 0.900000
vt 0.928962 0.100000
vt 0.926230 0.000000
vt 0.928962 0.200000
vt 0.928962 0.300000
vt 0.928962 0.400000
vt 0.928962 0.500000
vt 0.928962 0.600000
vt 0.928962 0.700000
vt 0.928962 0.800000
vt 0.926230 1.000000
vt 0.928962 0.900000
vt 0.931694 0.000000
vt 0.928962 0.000000
vt 0.931694 0.100000
vt 0.931694 0.200000
vt 0.931694 0.300000
vt 0.931694 0.400000
vt 0.931694 0.600000
vt 0.931694 0.700000
vt 0.931694 0.800000
vt 0.931694 0.900000
vt 0.931694 1.000000
vt 0.928962 1.000000
vt 0.934426 0.100000
vt 0.934426 0.200000
vt 0.934426 0.300000
vt 0.934426 0.400000
vt 0.934426 0.500000
vt 0.931694 0.500000
vt 0.934426 0.600000
vt 0.934426 0.700000
vt 0.934426 0.800000
vt 0.934426 0.900000
vt 0.937158 0.100000
vt 0.934426 0.000000
vt 0.937158 0.200000
vt 0.937158 0.300000
vt 0.937158 0.400000
vt 0.937158 0.500000
vt 0.937158 0.600000
vt 0.937158 0.700000
vt 0.937158 0.800000
vt 0.934426 1.000000
vt 0.937158 0.900000
vt 0.939891 0.100000
vt 0.937158 0.000000
vt 0.939891 0.200000
vt 0.939891 0.300000
vt 0.939891 0.400000
vt 0.939891 0.500000
vt 0.939891 0.600000
vt 0.939891 0.700000
vt 0.939891 0.800000
vt 0.937158 1.000000
vt 0.939891 0.900000
vt 0.942623 0.100000
vt 0.939891 0.000000
vt 0.942623 0.200000
vt 0.942623 0.300000
vt 0.942623 0.400000
vt 0.942623 0.500000
vt 0.942623 0.600000
vt 0.942623 0.700000
vt 0.942623 0.800000
vt 0.939891 1.000000
vt 0.942623 0.900000
vt 0.945355 0.100000
vt 0.942623 0.000000
vt 0.945355 0.200000
vt 0.945355 0.300000
vt 0.945355 0.400000
vt 0.945355 0.500000
vt 0.945355 0.600000
vt 0.945355 0.700000
vt 0.945355 0.800000
vt 0.942623 1.000000
vt 0.945355 0.900000
vt 0.948087 0.100000
vt 0.945355 0.000000
vt 0.948087 0.200000
vt 0.948087 0.300000
vt 0.948087 0.400000
vt 0.948087 0.500000
vt 0.948087 0.600000
vt 0.948087 0.700000
vt 0.948087 0.800000
vt 0.945355 1.000000
vt 0.948087 0.900000
vt 0.950820 0.100000
vt 0.948087 0.000000
vt 0.950820 0.200000
vt 0.950820 0.300000
vt 0.950820 0.400000
vt 0.950820 0.500000
vt 0.950820 0.600000
vt 0.950820 0.700000
vt 0.950820 0.800000
vt 0.948087 1.000000
vt 0.950820 0.900000
vt 0.953552 0.100000
vt 0.950820 0.000000
vt 0.953552 0.200000
vt 0.953552 0.300000
vt 0.953552 0.400000
vt 0.953552 0.500000
vt 0.953552 0.600000
vt 0.953552 0.700000
vt 0.953552 0.800000
vt 0.950820 1.000000
vt 0.953552 0.900000
vt 0.956284 0.000000
vt 0.953552 0.000000
vt 0.956284 0.100000
vt 0.956284 0.200000
vt 0.956284 0.300000
vt 0.956284 0.400000
vt 0.956284 0.600000
vt 0.956284 0.700000
vt 0.956284 0.800000
vt 0.956284 0.900000
vt 0.956284 1.000000
vt 0.953552 1.000000
vt 0.959016 0.000000
vt 0.959016 0.100000
vt 0.959016 0.200000
vt 0.959016 0.300000
vt 0.956284 0.500000
vt 0.959016 0.400000
vt 0.959016 0.600000
vt 0.959016 0.700000
vt 0.959016 0.800000
vt 0.959016 0.900000
vt 0.959016 1.000000
vt 0.961749 0.000000
vt 0.961749 0.100000
vt 0.961749 0.200000
vt 0.961749 0.300000
vt 0.959016 0.500000
vt 0.961749 0.400000
vt 0.961749 0.600000
vt 0.961749 0.700000
vt 0.961749 0.800000
vt 0.961749 0.900000
vt 0.961749 1.000000
vt 0.964481 0.000000
vt 0.964481 0.100000
vt 0.964481 0.200000
vt 0.964481 0.300000
vt 0.961749 0.500000
vt 0.964481 0.400000
vt 0.964481 0.600000
vt 0.964481 0.700000
vt 0.964481 0.800000
vt 0.964481 0.900000
vt 0.964481 1.000000
vt 0.967213 0.100000
vt 0.967213 0.200000
vt 0.967213 0.300000
vt 0.967213 0.400000
vt 0.967213 0.500000
vt 0.964481 0.500000
vt 0.967213 0.600000
vt 0.967213 0.700000
vt 0.967213 0.800000
vt 0.967213 0.900000
vt 0.969945 0.000000
vt 0.967213 0.000000
vt 0.969945 0.100000
vt 0.969945 0.200000
vt 0.969945 0.300000
vt 0.969945 0.400000
vt 0.969945 0.600000
vt 0.969945 0.700000
vt 0.969945 0.800000
vt 0.969945 0.900000
vt 0.969945 1.000000
vt 0.967213 1.000000
vt 0.972678 0.000000
vt 0.972678 0.100000
vt 0.972678 0.200000
vt 0.972678 0.300000
vt 0.969945 0.500000
vt 0.972678 0.400000
vt 0.972678 0.600000
vt 0.972678 0.700000
vt 0.972678 0.800000
vt 0.972678 0.900000
vt 0.972678 1.000000
vt 0.975410 0.000000
vt 0.975410 0.100000
vt 0.975410 0.200000
vt 0.975410 0.300000
vt 0.972678 0.500000
vt 0.975410 0.400000
vt 0.975410 0.600000
vt 0.975410 0.700000
vt 0.975410 0.800000
vt 0.975410 0.900000
vt 0.975410 1.000000
vt 0.978142 0.000000
vt 0.978142 0.100000
vt 0.978142 0.200000
vt 0.978142 0.300000
vt 0.975410 0.500000
vt 0.978142 0.400000
vt 0.978142 0.600000
vt 0.978142 0.700000
vt 0.978142 0.800000
vt 0.978142 0.900000
vt 0.978142 1.000000
vt 0.980874 0.000000
vt 0.980874 0.100000
vt 0.980874 0.200000
vt 0.980874 0.300000
vt 0.978142 0.500000
vt 0.980874 0.400000
vt 0.980874 0.600000
vt 0.980874 0.700000
vt 0.980874 0.800000
vt 0.980874 0.900000
vt 0.980874 1.000000
vt 0.983607 0.000000
vt 0.983607 0.100000
vt 0.983607 0.200000
vt 0.983607 0.300000
vt 0.980874 0.500000
vt 0.983607 0.400000
vt 0.983607 0.600000
vt 0.983607 0.700000
vt 0.983607 0.800000
vt 0.983607 0.900000
vt 0.983607 1.000000
vt 0.986339 0.000000
vt 0.986339 0.100000
vt 0.986339 0.200000
vt 0.986339 0.300000
vt 0.983607 0.500000
vt 0.986339 0.400000
vt 0.986339 0.600000
vt 0.986339 0.700000
vt 0.986339 0.800000
vt 0.986339 0.900000
vt 0.986339 1.000000
vt 0.989071 0.000000
vt 0.989071 0.100000
vt 0.989071 0.200000
vt 0.989071 0.300000
vt 0.986339 0.500000
vt 0.989071 0.400000
vt 0.989071 0.600000
vt 0.989071 0.700000
vt 0.989071 0.800000
vt 0.989071 0.900000
vt 0.989071 1.000000
vt 0.991803 0.000000
vt 0.991803 0.100000
vt 0.991803 0.200000
vt 0.991803 0.300000
vt 0.989071 0.500000
vt 0.991803 0.400000
vt 0.991803 0.600000
vt 0.991803 0.700000
vt 0.991803 0.800000
vt 0.991803 0.900000
vt 0.991803 1.000000
vt 0.994536 0.000000
vt 0.994536 0.100000
vt 0.994536 0.200000
vt 0.994536 0.300000
vt 0.991803 0.500000
vt 0.994536 0.400000
vt 0.994536 0.600000
vt 0.994536 0.700000
vt 0.994536 0.800000
vt 0.994536 0.900000
vt 0.994536 1.000000
vt 0.997268 0.000000
vt 0.997268 0.100000
vt 0.997268 0.200000
vt 0.997268 0.300000
vt 0.994536 0.500000
vt 0.997268 0.400000
vt 0.997268 0.600000
vt 0.997268 0.700000
vt 0.997268 0.800000
vt 0.997268 0.900000
vt 0.997268 1.000000
vt 1.000000 0.100000
vt 1.000000 0.200000
vt 1.000000 0.300000
vt 0.997268 0.500000
vt 1.000000 0.400000
vt 1.000000 0.600000
vt 1.000000 0.700000
vt 1.000000 0.800000
vt 1.000000 0.900000
vt 1.000000 1.000000
vt 1.000000 0.500000
s 0
f 232/1/1 234/2/1 233/3/1
f 232/1/1 235/4/1 234/2/1
f 231/5/1 235/4/1 232/1/1
f 231/5/1 236/6/1 235/4/1
f 231/5/1 237/7/1 236/6/1
f 230/8/1 237/7/1 231/5/1
f 230/8/1 238/9/1 237/7/1
f 230/8/1 239/10/1 238/9/1
f 229/11/1 239/10/1 230/8/1
f 229/11/1 240/12/1 239/10/1
f 229/11/1 241/13/1 240/12/1
f 228/14/1 241/13/1 229/11/1
f 228/14/1 242/15/1 241/13/1
f 227/16/1 242/15/1 228/14/1
f 227/16/1 243/17/1 242/15/1
f 227/16/1 76/18/1 243/17/1
f 76/18/1 244/19/1 243/17/1
f 227/16/1 77/20/1 76/18/1
f 75/21/1 244/19/1 76/18/1
f 227/16/1 78/22/1 77/20/1
f 74/23/1 244/19/1 75/21/1
f 226/24/1 78/22/1 227/16/1
f 226/24/1 79/25/1 78/22/1
f 73/26/1 244/19/1 74/23/1
f 73/26/1 245/27/1 244/19/1
f 226/24/1 80/28/1 79/25/1
f 72/29/1 245/27/1 73/26/1
f 226/24/1 81/30/1 80/28/1
f 72/29/1 246/31/1 245/27/1
f 71/32/1 246/31/1 72/29/1
f 225/33/1 81/30/1 226/24/1
f 225/33/1 82/34/1 81/30/1
f 71/32/1 247/35/1 246/31/1
f 70/36/1 247/35/1 71/32/1
f 225/33/1 83/37/1 82/34/1
f 70/36/1 248/38/1 247/35/1
f 225/33/1 84/39/1 83/37/1
f 224/40/1 84/39/1 225/33/1
f 69/41/1 248/38/1 70/36/1
f 69/41/1 249/42/1 248/38/1
f 224/40/1 85/43/1 84/39/1
f 68/44/1 249/42/1 69/41/1
f 68/44/1 250/45/1 249/42/1
f 223/46/1 85/43/1 224/40/1
f 223/46/1 86/47/1 85/43/1
f 67/48/1 250/45/1 68/44/1
f 67/48/1 251/49/1 250/45/1
f 223/46/1 87/50/1 86/47/1
f 222/51/1 87/50/1 223/46/1
f 67/48/1 252/52/1 251/49/1
f 66/53/1 252/52/1 67/48/1
f 222/51/1 88/54/1 87/50/1
f 66/53/1 253/55/1 252/52/1
f 65/56/1 253/55/1 66/53/1
f 222/51/1 89/57/1 88/54/1
f 221/58/1 89/57/1 222/51/1
f 65/56/1 254/59/1 253/55/1
f 221/58/1 90/60/1 89/57/1
f 64/61/1 254/59/1 65/56/1
f 64/61/1 255/62/1 254/59/1
f 221/58/1 91/63/1 90/60/1
f 220/64/1 91/63/1 221/58/1
f 220/64/1 92/65/1 91/63/1
f 64/61/1 256/66/1 255/62/1
f 63/67/1 256/66/1 64/61/1
f 220/64/1 93/68/1 92/65/1
f 63/67/1 257/69/1 256/66/1
f 219/70/1 93/68/1 220/64/1
f 219/70/1 94/71/1 93/68/1
f 63/67/1 258/72/1 257/69/1
f 62/73/1 258/72/1 63/67/1
f 219/70/1 95/74/1 94/71/1
f 62/73/1 259/75/1 258/72/1
f 219/70/1 96/76/1 95/74/1
f 218/77/1 96/76/1 219/70/1
f 62/73/1 260/78/1 259/75/1
f 61/79/1 260/78/1 62/73/1
f 218/77/1 97/80/1 96/76/1
f 61/79/1 261/81/1 260/78/1
f 218/77/1 98/82/1 97/80/1
f 217/83/1 98/82/1 218/77/1
f 60/84/1 261/81/1 61/79/1
f 60/84/1 262/85/1 261/81/1
f 217/83/1 99/86/1 98/82/1
f 60/84/1 263/87/1 262/85/1
f 217/83/1 100/88/1 99/86/1
f 216/89/1 100/88/1 217/83/1
f 59/90/1 263/87/1 60/84/1
f 59/90/1 264/91/1 263/87/1
f 216/89/1 101/92/1 100/88/1
f 59/90/1 265/93/1 264/91/1
f 216/89/1 102/94/1 101/92/1
f 215/95/1 102/94/1 216/89/1
f 58/96/1 265/93/1 59/90/1
f 58/96/1 266/97/1 265/93/1
f 215/95/1 103/98/1 102/94/1
f 58/96/1 267/99/1 266/97/1
f 215/95/1 104/100/1 103/98/1
f 214/101/1 104/100/1 215/95/1
f 57/102/1 267/99/1 58/96/1
f 57/102/1 268/103/1 267/99/1
f 214/101/1 105/104/1 104/100/1
f 214/101/1 106/105/1 105/104/1
f 57/102/1 269/106/1 268/103/1
f 213/107/1 106/105/1 214/101/1
f 56/108/1 269/106/1 57/102/1
f 213/107/1 107/109/1 106/105/1
f 56/108/1 270/110/1 269/106/1
f 213/107/1 108/111/1 107/109/1
f 212/112/1 108/111/1 213/107/1
f 56/108/1 271/113/1 270/110/1
f 55/114/1 271/113/1 56/108/1
f 212/112/1 109/115/1 108/111/1
f 55/114/1 272/116/1 271/113/1
f 212/112/1 110/117/1 109/115/1
f 211/118/1 110/117/1 212/112/1
f 54/119/1 272/116/1 55/114/1
f 54/119/1 273/120/1 272/116/1
f 211/118/1 111/121/1 110/117/1
f 54/119/1 274/122/1 273/120/1
f 211/118/1 112/123/1 111/121/1
f 210/124/1 112/123/1 211/118/1
f 53/125/1 274/122/1 54/119/1
f 53/125/1 275/126/1 274/122/1
f 210/124/1 113/127/1 112/123/1
f 53/125/1 276/128/1 275/126/1
f 52/129/1 276/128/1 53/125/1
f 209/130/1 113/127/1 210/124/1
f 52/129/1 277/131/1 276/128/1
f 209/130/1 114/132/1 113/127/1
f 52/129/1 278/133/1 277/131/1
f 51/134/1 278/133/1 52/129/1
f 209/130/1 115/135/1 114/132/1
f 208/136/1 115/135/1 209/130/1
f 51/134/1 279/137/1 278/133/1
f 207/138/1 115/135/1 208/136/1
f 51/134/1 280/139/1 279/137/1
f 50/140/1 280/139/1 51/134/1
f 207/138/1 116/141/1 115/135/1
f 206/142/1 116/141/1 207/138/1
f 50/140/1 281/143/1 280/139/1
f 205/144/1 116/141/1 206/142/1
f 49/145/1 281/143/1 50/140/1
f 205/144/1 117/146/1 116/141/1
f 49/145/1 282/147/1 281/143/1
f 204/148/1 117/146/1 205/144/1
f 204/148/1 118/149/1 117/146/1
f 48/150/1 282/147/1 49/145/1
f 203/151/1 118/149/1 204/148/1
f 202/152/1 118/149/1 203/151/1
f 48/150/1 283/153/1 282/147/1
f 202/152/1 119/154/1 118/149/1
f 47/155/1 283/153/1 48/150/1
f 201/156/1 119/154/1 202/152/1
f 201/156/1 120/157/1 119/154/1
f 200/158/1 120/157/1 201/156/1
f 46/159/1 283/153/1 47/155/1
f 46/159/1 284/160/1 283/153/1
f 199/161/1 120/157/1 200/158/1
f 199/161/1 121/162/1 120/157/1
f 198/163/1 121/162/1 199/161/1
f 45/164/1 284/160/1 46/159/1
f 197/165/1 121/162/1 198/163/1
f 197/165/1 122/166/1 121/162/1
f 45/164/1 285/167/1 284/160/1
f 196/168/1 122/166/1 197/165/1
f 196/168/1 123/169/1 122/166/1
f 44/170/1 285/167/1 45/164/1
f 195/171/1 123/169/1 196/168/1
f 194/172/1 123/169/1 195/171/1
f 194/172/1 124/173/1 123/169/1
f 44/170/1 286/174/1 285/167/1
f 43/175/1 286/174/1 44/170/1
f 193/176/1 124/173/1 194/172/1
f 193/176/1 125/177/1 124/173/1
f 192/178/1 125/177/1 193/176/1
f 192/178/1 126/179/1 125/177/1
f 192/178/1 127/180/1 126/179/1
f 191/181/1 127/180/1 192/178/1
f 42/182/1 286/174/1 43/175/1
f 42/182/1 287/183/1 286/174/1
f 191/181/1 128/184/1 127/180/1
f 190/185/1 128/184/1 191/181/1
f 190/185/1 129/186/1 128/184/1
f 190/185/1 130/187/1 129/186/1
f 189/188/1 130/187/1 190/185/1
f 189/188/1 131/189/1 130/187/1
f 41/190/1 287/183/1 42/182/1
f 189/188/1 132/191/1 131/189/1
f 188/192/1 132/191/1 189/188/1
f 188/192/1 133/193/1 132/191/1
f 41/190/1 288/194/1 287/183/1
f 187/195/1 133/193/1 188/192/1
f 187/195/1 134/196/1 133/193/1
f 187/195/1 135/197/1 134/196/1
f 186/198/1 135/197/1 187/195/1
f 186/198/1 136/199/1 135/197/1
f 186/198/1 137/200/1 136/199/1
f 40/201/1 288/194/1 41/190/1
f 186/198/1 138/202/1 137/200/1
f 185/203/1 138/202/1 186/198/1
f 185/203/1 139/204/1 138/202/1
f 185/203/1 140/205/1 139/204/1
f 184/206/1 140/205/1 185/203/1
f 184/206/1 141/207/1 140/205/1
f 40/201/1 289/208/1 288/194/1
f 184/206/1 142/209/1 141/207/1
f 184/206/1 143/210/1 142/209/1
f 184/206/1 144/211/1 143/210/1
f 184/206/1 145/212/1 144/211/1
f 184/206/1 146/213/1 145/212/1
f 159/214/1 161/215/1 160/216/1
f 158/217/1 161/215/1 159/214/1
f 157/218/1 161/215/1 158/217/1
f 156/219/1 161/215/1 157/218/1
f 184/206/1 147/220/1 146/213/1
f 155/221/1 161/215/1 156/219/1
f 154/222/1 161/215/1 155/221/1
f 153/223/1 161/215/1 154/222/1
f 152/224/1 161/215/1 153/223/1
f 184/206/1 148/225/1 147/220/1
f 151/226/1 161/215/1 152/224/1
f 150/227/1 161/215/1 151/226/1
f 149/228/1 161/215/1 150/227/1
f 148/225/1 161/215/1 149/228/1
f 184/206/1 161/215/1 148/225/1
f 183/229/1 161/215/1 184/206/1
f 39/230/1 289/208/1 40/201/1
f 182/231/1 161/215/1 183/229/1
f 182/231/1 162/232/1 161/215/1
f 181/233/1 162/232/1 182/231/1
f 39/230/1 290/234/1 289/208/1
f 181/233/1 163/235/1 162/232/1
f 38/236/1 290/234/1 39/230/1
f 180/237/1 163/235/1 181/233/1
f 180/237/1 164/238/1 163/235/1
f 179/239/1 164/238/1 180/237/1
f 179/239/1 165/240/1 164/238/1
f 179/239/1 166/241/1 165/240/1
f 178/242/1 166/241/1 179/239/1
f 178/242/1 167/243/1 166/241/1
f 177/244/1 167/243/1 178/242/1
f 37/245/1 290/234/1 38/236/1
f 177/244/1 168/246/1 167/243/1
f 37/245/1 291/247/1 290/234/1
f 176/248/1 168/246/1 177/244/1
f 176/248/1 169/249/1 168/246/1
f 176/248/1 170/250/1 169/249/1
f 175/251/1 170/250/1 176/248/1
f 175/251/1 171/252/1 170/250/1
f 174/253/1 171/252/1 175/251/1
f 174/253/1 172/254/1 171/252/1
f 173/255/1 172/254/1 174/253/1
f 36/256/1 291/247/1 37/245/1
f 36/256/1 292/257/1 291/247/1
f 35/258/1 292/257/1 36/256/1
f 35/258/1 293/259/1 292/257/1
f 34/260/1 293/259/1 35/258/1
f 34/260/1 294/261/1 293/259/1
f 34/260/1 295/262/1 294/261/1
f 33/263/1 295/262/1 34/260/1
f 33/263/1 296/264/1 295/262/1
f 32/265/1 296/264/1 33/263/1
f 32/265/1 297/266/1 296/264/1
f 32/265/1 298/267/1 297/266/1
f 31/268/1 298/267/1 32/265/1
f 31/268/1 299/269/1 298/267/1
f 31/268/1 300/270/1 299/269/1
f 31/268/1 301/271/1 300/270/1
f 30/272/1 301/271/1 31/268/1
f 30/272/1 302/273/1 301/271/1
f 30/272/1 303/274/1 302/273/1
f 29/275/1 303/274/1 30/272/1
f 29/275/1 304/276/1 303/274/1
f 29/275/1 305/277/1 304/276/1
f 28/278/1 305/277/1 29/275/1
f 28/278/1 306/279/1 305/277/1
f 28/278/1 307/280/1 306/279/1
f 27/281/1 307/280/1 28/278/1
f 27/281/1 308/282/1 307/280/1
f 27/281/1 309/283/1 308/282/1
f 26/284/1 309/283/1 27/281/1
f 26/284/1 310/285/1 309/283/1
f 25/286/1 310/285/1 26/284/1
f 25/286/1 311/287/1 310/285/1
f 24/288/1 311/287/1 25/286/1
f 24/288/1 312/289/1 311/287/1
f 24/288/1 313/290/1 312/289/1
f 23/291/1 313/290/1 24/288/1
f 23/291/1 314/292/1 313/290/1
f 22/293/1 314/292/1 23/291/1
f 22/293/1 315/294/1 314/292/1
f 21/295/1 315/294/1 22/293/1
f 21/295/1 316/296/1 315/294/1
f 21/295/1 317/297/1 316/296/1
f 20/298/1 317/297/1 21/295/1
f 20/298/1 318/299/1 317/297/1
f 19/300/1 318/299/1 20/298/1
f 365/301/1 1/302/1 366/303/1
f 19/300/1 319/304/1 318/299/1
f 365/301/1 2/305/1 1/302/1
f 18/306/1 319/304/1 19/300/1
f 364/307/1 2/305/1 365/301/1
f 18/306/1 320/308/1 319/304/1
f 363/309/1 2/305/1 364/307/1
f 17/310/1 320/308/1 18/306/1
f 362/311/1 2/305/1 363/309/1
f 17/310/1 321/312/1 320/308/1
f 361/313/1 2/305/1 362/311/1
f 16/314/1 321/312/1 17/310/1
f 360/315/1 2/305/1 361/313/1
f 16/314/1 322/316/1 321/312/1
f 359/317/1 2/305/1 360/315/1
f 15/318/1 322/316/1 16/314/1
f 358/319/1 2/305/1 359/317/1
f 15/318/1 323/320/1 322/316/1
f 357/321/1 2/305/1 358/319/1
f 356/322/1 2/305/1 357/321/1
f 14/323/1 323/320/1 15/318/1
f 14/323/1 324/324/1 323/320/1
f 355/325/1 2/305/1 356/322/1
f 354/326/1 2/305/1 355/325/1
f 14/323/1 325/327/1 324/324/1
f 13/328/1 325/327/1 14/323/1
f 353/329/1 2/305/1 354/326/1
f 352/330/1 2/305/1 353/329/1
f 13/328/1 326/331/1 325/327/1
f 351/332/1 2/305/1 352/330/1
f 350/333/1 2/305/1 351/332/1
f 12/334/1 326/331/1 13/328/1
f 349/335/1 2/305/1 350/333/1
f 12/334/1 327/336/1 326/331/1
f 348/337/1 2/305/1 349/335/1
f 347/338/1 2/305/1 348/337/1
f 346/339/1 2/305/1 347/338/1
f 12/334/1 328/340/1 327/336/1
f 345/341/1 2/305/1 346/339/1
f 11/342/1 328/340/1 12/334/1
f 344/343/1 2/305/1 345/341/1
f 343/344/1 2/305/1 344/343/1
f 342/345/1 2/305/1 343/344/1
f 11/342/1 329/346/1 328/340/1
f 341/347/1 2/305/1 342/345/1
f 340/348/1 2/305/1 341/347/1
f 339/349/1 2/305/1 340/348/1
f 338/350/1 2/305/1 339/349/1
f 337/351/1 2/305/1 338/350/1
f 336/352/1 2/305/1 337/351/1
f 335/353/1 2/305/1 336/352/1
f 334/354/1 2/305/1 335/353/1
f 333/355/1 2/305/1 334/354/1
f 332/356/1 2/305/1 333/355/1
f 331/357/1 2/305/1 332/356/1
f 330/358/1 2/305/1 331/357/1
f 11/342/1 330/358/1 329/346/1
f 11/342/1 2/305/1 330/358/1
f 10/359/1 2/305/1 11/342/1
f 9/360/1 2/305/1 10/359/1
f 8/361/1 2/305/1 9/360/1
f 7/362/1 2/305/1 8/361/1
f 6/363/1 2/305/1 7/362/1
f 5/364/1 2/305/1 6/363/1
f 4/365/1 2/305/1 5/364/1
f 3/366/1 2/305/1 4/365/1
f 598/1/2 599/3/2 600/2/2
f 598/1/2 600/2/2 601/4/2
f 597/5/2 598/1/2 601/4/2
f 597/5/2 601/4/2 602/6/2
f 597/5/2 602/6/2 603/7/2
f 596/8/2 597/5/2 603/7/2
f 596/8/2 603/7/2 604/9/2
f 596/8/2 604/9/2 605/10/2
f 595/11/2 596/8/2 605/10/2
f 595/11/2 605/10/2 606/12/2
f 595/11/2 606/12/2 607/13/2
f 594/14/2 595/11/2 607/13/2
f 594/14/2 607/13/2 608/15/2
f 593/16/2 594/14/2 608/15/2
f 593/16/2 608/15/2 609/17/2
f 593/16/2 609/17/2 442/18/2
f 442/18/2 609/17/2 610/19/2
f 593/16/2 442/18/2 443/20/2
f 441/21/2 442/18/2 610/19/2
f 593/16/2 443/20/2 444/22/2
f 440/23/2 441/21/2 610/19/2
f 592/24/2 593/16/2 444/22/2
f 592/24/2 444/22/2 445/25/2
f 439/26/2 440/23/2 610/19/2
f 439/26/2 610/19/2 611/27/2
f 592/24/2 445/25/2 446/28/2
f 438/29/2 439/26/2 611/27/2
f 592/24/2 446/28/2 447/30/2
f 438/29/2 611/27/2 612/31/2
f 437/32/2 438/29/2 612/31/2
f 591/33/2 592/24/2 447/30/2
f 591/33/2 447/30/2 448/34/2
f 437/32/2 612/31/2 613/35/2
f 436/36/2 437/32/2 613/35/2
f 591/33/2 448/34/2 449/37/2
f 436/36/2 613/35/2 614/38/2
f 591/33/2 449/37/2 450/39/2
f 590/40/2 591/33/2 450/39/2
f 435/41/2 436/36/2 614/38/2
f 435/41/2 614/38/2 615/42/2
f 590/40/2 450/39/2 451/43/2
f 434/44/2 435/41/2 615/42/2
f 434/44/2 615/42/2 616/45/2
f 589/46/2 590/40/2 451/43/2
f 589/46/2 451/43/2 452/47/2
f 433/48/2 434/44/2 616/45/2
f 433/48/2 616/45/2 617/49/2
f 589/46/2 452/47/2 453/50/2
f 588/51/2 589/46/2 453/50/2
f 433/48/2 617/49/2 618/52/2
f 432/53/2 433/48/2 618/52/2
f 588/51/2 453/50/2 454/54/2
f 432/53/2 618/52/2 619/55/2
f 431/56/2 432/53/2 619/55/2
f 588/51/2 454/54/2 455/57/2
f 587/58/2 588/51/2 455/57/2
f 431/56/2 619/55/2 620/59/2
f 587/58/2 455/57/2 456/60/2
f 430/61/2 431/56/2 620/59/2
f 430/61/2 620/59/2 621/62/2
f 587/58/2 456/60/2 457/63/2
f 586/64/2 587/58/2 457/63/2
f 586/64/2 457/63/2 458/65/2
f 430/61/2 621/62/2 622/66/2
f 429/67/2 430/61/2 622/66/2
f 586/64/2 458/65/2 459/68/2
f 429/67/2 622/66/2 623/69/2
f 585/70/2 586/64/2 459/68/2
f 585/70/2 459/68/2 460/71/2
f 429/67/2 623/69/2 624/72/2
f 428/73/2 429/67/2 624/72/2
f 585/70/2 460/71/2 461/74/2
f 428/73/2 624/72/2 625/75/2
f 585/70/2 461/74/2 462/76/2
f 584/77/2 585/70/2 462/76/2
f 428/73/2 625/75/2 626/78/2
f 427/79/2 428/73/2 626/78/2
f 584/77/2 462/76/2 463/80/2
f 427/79/2 626/78/2 627/81/2
f 584/77/2 463/80/2 464/82/2
f 583/83/2 584/77/2 464/82/2
f 426/84/2 427/79/2 627/81/2
f 426/84/2 627/81/2 628/85/2
f 583/83/2 464/82/2 465/86/2
f 426/84/2 628/85/2 629/87/2
f 583/83/2 465/86/2 466/88/2
f 582/89/2 583/83/2 466/88/2
f 425/90/2 426/84/2 629/87/2
f 425/90/2 629/87/2 630/91/2
f 582/89/2 466/88/2 467/92/2
f 425/90/2 630/91/2 631/93/2
f 582/89/2 467/92/2 468/94/2
f 581/95/2 582/89/2 468/94/2
f 424/96/2 425/90/2 631/93/2
f 424/96/2 631/93/2 632/97/2
f 581/95/2 468/94/2 469/98/2
f 424/96/2 632/97/2 633/99/2
f 581/95/2 469/98/2 470/100/2
f 580/101/2 581/95/2 470/100/2
f 423/102/2 424/96/2 633/99/2
f 423/102/2 633/99/2 634/103/2
f 580/101/2 470/100/2 471/104/2
f 580/101/2 471/104/2 472/105/2
f 423/102/2 634/103/2 635/106/2
f 579/107/2 580/101/2 472/105/2
f 422/108/2 423/102/2 635/106/2
f 579/107/2 472/105/2 473/109/2
f 422/108/2 635/106/2 636/110/2
f 579/107/2 473/109/2 474/111/2
f 578/112/2 579/107/2 474/111/2
f 422/108/2 636/110/2 637/113/2
f 421/114/2 422/108/2 637/113/2
f 578/112/2 474/111/2 475/115/2
f 421/114/2 637/113/2 638/116/2
f 578/112/2 475/115/2 476/117/2
f 577/118/2 578/112/2 476/117/2
f 420/119/2 421/114/2 638/116/2
f 420/119/2 638/116/2 639/120/2
f 577/118/2 476/117/2 477/121/2
f 420/119/2 639/120/2 640/122/2
f 577/118/2 477/121/2 478/123/2
f 576/124/2 577/118/2 478/123/2
f 419/125/2 420/119/2 640/122/2
f 419/125/2 640/122/2 641/126/2
f 576/124/2 478/123/2 479/127/2
f 419/125/2 641/126/2 642/128/2
f 418/129/2 419/125/2 642/128/2
f 575/130/2 576/124/2 479/127/2
f 418/129/2 642/128/2 643/131/2
f 575/130/2 479/127/2 480/132/2
f 418/129/2 643/131/2 644/133/2
f 417/134/2 418/129/2 644/133/2
f 575/130/2 480/132/2 481/135/2
f 574/136/2 575/130/2 481/135/2
f 417/134/2 644/133/2 645/137/2
f 573/138/2 574/136/2 481/135/2
f 417/134/2 645/137/2 646/139/2
f 416/140/2 417/134/2 646/139/2
f 573/138/2 481/135/2 482/141/2
f 572/142/2 573/138/2 482/141/2
f 416/140/2 646/139/2 647/143/2
f 571/144/2 572/142/2 482/141/2
f 415/145/2 416/140/2 647/143/2
f 571/144/2 482/141/2 483/146/2
f 415/145/2 647/143/2 648/147/2
f 570/148/2 571/144/2 483/146/2
f 570/148/2 483/146/2 484/149/2
f 414/150/2 415/145/2 648/147/2
f 569/151/2 570/148/2 484/149/2
f 568/152/2 569/151/2 484/149/2
f 414/150/2 648/147/2 649/153/2
f 568/152/2 484/149/2 485/154/2
f 413/155/2 414/150/2 649/153/2
f 567/156/2 568/152/2 485/154/2
f 567/156/2 485/154/2 486/157/2
f 566/158/2 567/156/2 486/157/2
f 412/159/2 413/155/2 649/153/2
f 412/159/2 649/153/2 650/160/2
f 565/161/2 566/158/2 486/157/2
f 565/161/2 486/157/2 487/162/2
f 564/163/2 565/161/2 487/162/2
f 411/164/2 412/159/2 650/160/2
f 563/165/2 564/163/2 487/162/2
f 563/165/2 487/162/2 488/166/2
f 411/164/2 650/160/2 651/167/2
f 562/168/2 563/165/2 488/166/2
f 562/168/2 488/166/2 489/169/2
f 410/170/2 411/164/2 651/167/2
f 561/171/2 562/168/2 489/169/2
f 560/172/2 561/171/2 489/169/2
f 560/172/2 489/169/2 490/173/2
f 410/170/2 651/167/2 652/174/2
f 409/175/2 410/170/2 652/174/2
f 559/176/2 560/172/2 490/173/2
f 559/176/2 490/173/2 491/177/2
f 558/178/2 559/176/2 491/177/2
f 558/178/2 491/177/2 492/179/2
f 558/178/2 492/179/2 493/180/2
f 557/181/2 558/178/2 493/180/2
f 408/182/2 409/175/2 652/174/2
f 408/182/2 652/174/2 653/183/2
f 557/181/2 493/180/2 494/184/2
f 556/185/2 557/181/2 494/184/2
f 556/185/2 494/184/2 495/186/2
f 556/185/2 495/186/2 496/187/2
f 555/188/2 556/185/2 496/187/2
f 555/188/2 496/187/2 497/189/2
f 407/190/2 408/182/2 653/183/2
f 555/188/2 497/189/2 498/191/2
f 554/192/2 555/188/2 498/191/2
f 554/192/2 498/191/2 499/193/2
f 407/190/2 653/183/2 654/194/2
f 553/195/2 554/192/2 499/193/2
f 553/195/2 499/193/2 500/196/2
f 553/195/2 500/196/2 501/197/2
f 552/198/2 553/195/2 501/197/2
f 552/198/2 501/197/2 502/199/2
f 552/198/2 502/199/2 503/200/2
f 406/201/2 407/190/2 654/194/2
f 552/198/2 503/200/2 504/202/2
f 551/203/2 552/198/2 504/202/2
f 551/203/2 504/202/2 505/204/2
f 551/203/2 505/204/2 506/205/2
f 550/206/2 551/203/2 506/205/2
f 550/206/2 506/205/2 507/207/2
f 406/201/2 654/194/2 655/208/2
f 550/206/2 507/207/2 508/209/2
f 550/206/2 508/209/2 509/210/2
f 550/206/2 509/210/2 510/211/2
f 550/206/2 510/211/2 511/212/2
f 550/206/2 511/212/2 512/213/2
f 525/214/2 526/216/2 527/215/2
f 524/217/2 525/214/2 527/215/2
f 523/218/2 524/217/2 527/215/2
f 522/219/2 523/218/2 527/215/2
f 550/206/2 512/213/2 513/220/2
f 521/221/2 522/219/2 527/215/2
f 520/222/2 521/221/2 527/215/2
f 519/223/2 520/222/2 527/215/2
f 518/224/2 519/223/2 527/215/2
f 550/206/2 513/220/2 514/225/2
f 517/226/2 518/224/2 527/215/2
f 516/227/2 517/226/2 527/215/2
f 515/228/2 516/227/2 527/215/2
f 514/225/2 515/228/2 527/215/2
f 550/206/2 514/225/2 527/215/2
f 549/229/2 550/206/2 527/215/2
f 405/230/2 406/201/2 655/208/2
f 548/231/2 549/229/2 527/215/2
f 548/231/2 527/215/2 528/232/2
f 547/233/2 548/231/2 528/232/2
f 405/230/2 655/208/2 656/234/2
f 547/233/2 528/232/2 529/235/2
f 404/236/2 405/230/2 656/234/2
f 546/237/2 547/233/2 529/235/2
f 546/237/2 529/235/2 530/238/2
f 545/239/2 546/237/2 530/238/2
f 545/239/2 530/238/2 531/240/2
f 545/239/2 531/240/2 532/241/2
f 544/242/2 545/239/2 532/241/2
f 544/242/2 532/241/2 533/243/2
f 543/244/2 544/242/2 533/243/2
f 403/245/2 404/236/2 656/234/2
f 543/244/2 533/243/2 534/246/2
f 403/245/2 656/234/2 657/247/2
f 542/248/2 543/244/2 534/246/2
f 542/248/2 534/246/2 535/249/2
f 542/248/2 535/249/2 536/250/2
f 541/251/2 542/248/2 536/250/2
f 541/251/2 536/250/2 537/252/2
f 540/253/2 541/251/2 537/252/2
f 540/253/2 537/252/2 538/254/2
f 539/255/2 540/253/2 538/254/2
f 402/256/2 403/245/2 657/247/2
f 402/256/2 657/247/2 658/257/2
f 401/258/2 402/256/2 658/257/2
f 401/258/2 658/257/2 659/259/2
f 400/260/2 401/258/2 659/259/2
f 400/260/2 659/259/2 660/261/2
f 400/260/2 660/261/2 661/262/2
f 399/263/2 400/260/2 661/262/2
f 399/263/2 661/262/2 662/264/2
f 398/265/2 399/263/2 662/264/2
f 398/265/2 662/264/2 663/266/2
f 398/265/2 663/266/2 664/267/2
f 397/268/2 398/265/2 664/267/2
f 397/268/2 664/267/2 665/269/2
f 397/268/2 665/269/2 666/270/2
f 397/268/2 666/270/2 667/271/2
f 396/272/2 397/268/2 667/271/2
f 396/272/2 667/271/2 668/273/2
f 396/272/2 668/273/2 669/274/2
f 395/275/2 396/272/2 669/274/2
f 395/275/2 669/274/2 670/276/2
f 395/275/2 670/276/2 671/277/2
f 394/278/2 395/275/2 671/277/2
f 394/278/2 671/277/2 672/279/2
f 394/278/2 672/279/2 673/280/2
f 393/281/2 394/278/2 673/280/2
f 393/281/2 673/280/2 674/282/2
f 393/281/2 674/282/2 675/283/2
f 392/284/2 393/281/2 675/283/2
f 392/284/2 675/283/2 676/285/2
f 391/286/2 392/284/2 676/285/2
f 391/286/2 676/285/2 677/287/2
f 390/288/2 391/286/2 677/287/2
f 390/288/2 677/287/2 678/289/2
f 390/288/2 678/289/2 679/290/2
f 389/291/2 390/288/2 679/290/2
f 389/291/2 679/290/2 680/292/2
f 388/293/2 389/291/2 680/292/2
f 388/293/2 680/292/2 681/294/2
f 387/295/2 388/293/2 681/294/2
f 387/295/2 681/294/2 682/296/2
f 387/295/2 682/296/2 683/297/2
f 386/298/2 387/295/2 683/297/2
f 386/298/2 683/297/2 684/299/2
f 385/300/2 386/298/2 684/299/2
f 731/301/2 732/303/2 367/302/2
f 385/300/2 684/299/2 685/304/2
f 731/301/2 367/302/2 368/305/2
f 384/306/2 385/300/2 685/304/2
f 730/307/2 731/301/2 368/305/2
f 384/306/2 685/304/2 686/308/2
f 729/309/2 730/307/2 368/305/2
f 383/310/2 384/306/2 686/308/2
f 728/311/2 729/309/2 368/305/2
f 383/310/2 686/308/2 687/312/2
f 727/313/2 728/311/2 368/305/2
f 382/314/2 383/310/2 687/312/2
f 726/315/2 727/313/2 368/305/2
f 382/314/2 687/312/2 688/316/2
f 725/317/2 726/315/2 368/305/2
f 381/318/2 382/314/2 688/316/2
f 724/319/2 725/317/2 368/305/2
f 381/318/2 688/316/2 689/320/2
f 723/321/2 724/319/2 368/305/2
f 722/322/2 723/321/2 368/305/2
f 380/323/2 381/318/2 689/320/2
f 380/323/2 689/320/2 690/324/2
f 721/325/2 722/322/2 368/305/2
f 720/326/2 721/325/2 368/305/2
f 380/323/2 690/324/2 691/327/2
f 379/328/2 380/323/2 691/327/2
f 719/329/2 720/326/2 368/305/2
f 718/330/2 719/329/2 368/305/2
f 379/328/2 691/327/2 692/331/2
f 717/332/2 718/330/2 368/305/2
f 716/333/2 717/332/2 368/305/2
f 378/334/2 379/328/2 692/331/2
f 715/335/2 716/333/2 368/305/2
f 378/334/2 692/331/2 693/336/2
f 714/337/2 715/335/2 368/305/2
f 713/338/2 714/337/2 368/305/2
f 712/339/2 713/338/2 368/305/2
f 378/334/2 693/336/2 694/340/2
f 711/341/2 712/339/2 368/305/2
f 377/342/2 378/334/2 694/340/2
f 710/343/2 711/341/2 368/305/2
f 709/344/2 710/343/2 368/305/2
f 708/345/2 709/344/2 368/305/2
f 377/342/2 694/340/2 695/346/2
f 707/347/2 708/345/2 368/305/2
f 706/348/2 707/347/2 368/305/2
f 705/349/2 706/348/2 368/305/2
f 704/350/2 705/349/2 368/305/2
f 703/351/2 704/350/2 368/305/2
f 702/352/2 703/351/2 368/305/2
f 701/353/2 702/352/2 368/305/2
f 700/354/2 701/353/2 368/305/2
f 699/355/2 700/354/2 368/305/2
f 698/356/2 699/355/2 368/305/2
f 697/357/2 698/356/2 368/305/2
f 696/358/2 697/357/2 368/305/2
f 377/342/2 695/346/2 696/358/2
f 377/342/2 696/358/2 368/305/2
f 376/359/2 377/342/2 368/305/2
f 375/360/2 376/359/2 368/305/2
f 374/361/2 375/360/2 368/305/2
f 373/362/2 374/361/2 368/305/2
f 372/363/2 373/362/2 368/305/2
f 371/364/2 372/363/2 368/305/2
f 370/365/2 371/364/2 368/305/2
f 369/366/2 370/365/2 368/305/2
s 1
f 745/367/3 733/302/4 734/368/4
f 746/369/3 734/368/4 735/370/4
f 747/371/3 735/370/4 736/372/4
f 748/373/3 736/372/4 737/374/4
f 749/375/5 737/374/4 738/376/6
f 739/377/7 749/375/5 738/376/6
f 740/378/7 750/379/8 739/377/7
f 741/380/7 751/381/8 740/378/7
f 742/382/7 752/383/8 741/380/7
f 743/384/7 753/385/8 742/382/7
f 745/367/3 755/386/9 744/387/3
f 746/369/3 756/388/9 745/367/3
f 747/371/3 757/389/9 746/369/3
f 748/373/3 758/390/9 747/371/3
f 749/375/5 759/391/9 748/373/3
f 761/392/10 749/375/5 750/379/8
f 762/393/10 750/379/8 751/381/8
f 763/394/10 751/381/8 752/383/8
f 764/395/10 752/383/8 753/385/8
f 765/396/10 753/385/8 754/397/8
f 767/398/11 755/386/9 756/388/9
f 768/399/11 756/388/9 757/389/9
f 769/400/11 757/389/9 758/390/9
f 770/401/11 758/390/9 759/391/9
f 771/402/12 759/391/9 760/403/13
f 761/392/10 771/402/12 760/403/13
f 762/393/10 772/404/14 761/392/10
f 763/394/10 773/405/14 762/393/10
f 764/395/10 774/406/14 763/394/10
f 765/396/10 775/407/14 764/395/10
f 778/408/15 766/409/11 767/398/11
f 779/410/15 767/398/11 768/399/11
f 780/411/15 768/399/11 769/400/11
f 781/412/15 769/400/11 770/401/11
f 782/413/16 770/401/11 771/402/12
f 772/404/14 782/413/16 771/402/12
f 773/405/14 783/414/17 772/404/14
f 774/406/14 784/415/17 773/405/14
f 775/407/14 785/416/17 774/406/14
f 776/417/14 786/418/17 775/407/14
f 778/408/15 788/419/18 777/420/15
f 779/410/15 789/421/18 778/408/15
f 780/411/15 790/422/18 779/410/15
f 781/412/15 791/423/18 780/411/15
f 782/413/16 792/424/18 781/412/15
f 794/425/19 782/413/16 783/414/17
f 795/426/19 783/414/17 784/415/17
f 796/427/19 784/415/17 785/416/17
f 797/428/19 785/416/17 786/418/17
f 798/429/19 786/418/17 787/430/17
f 789/421/18 799/431/20 788/419/18
f 790/422/18 800/432/20 789/421/18
f 791/423/18 801/433/20 790/422/18
f 792/424/18 802/434/20 791/423/18
f 793/435/21 803/436/20 792/424/18
f 805/437/22 793/435/21 794/425/19
f 806/438/22 794/425/19 795/426/19
f 807/439/22 795/426/19 796/427/19
f 808/440/22 796/427/19 797/428/19
f 809/441/22 797/428/19 798/429/19
f 800/432/20 810/442/23 799/431/20
f 801/433/20 811/443/23 800/432/20
f 802/434/20 812/444/23 801/433/20
f 803/436/20 813/445/23 802/434/20
f 804/446/24 814/447/23 803/436/20
f 816/448/25 804/446/24 805/437/22
f 817/449/25 805/437/22 806/438/22
f 818/450/25 806/438/22 807/439/22
f 819/451/25 807/439/22 808/440/22
f 820/452/25 808/440/22 809/441/22
f 811/443/23 821/453/26 810/442/23
f 812/444/23 822/454/26 811/443/23
f 813/445/23 823/455/26 812/444/23
f 814/447/23 824/456/26 813/445/23
f 815/457/27 825/458/26 814/447/23
f 827/459/28 815/457/27 816/448/25
f 828/460/28 816/448/25 817/449/25
f 829/461/28 817/449/25 818/450/25
f 830/462/28 818/450/25 819/451/25
f 831/463/28 819/451/25 820/452/25
f 822/454/26 832/464/29 821/453/26
f 823/455/26 833/465/29 822/454/26
f 824/456/26 834/466/29 823/455/26
f 825/458/26 835/467/29 824/456/26
f 826/468/30 836/469/29 825/458/26
f 838/470/31 826/468/30 827/459/28
f 839/471/31 827/459/28 828/460/28
f 840/472/31 828/460/28 829/461/28
f 841/473/31 829/461/28 830/462/28
f 842/474/31 830/462/28 831/463/28
f 833/465/29 843/475/32 832/464/29
f 834/466/29 844/476/32 833/465/29
f 835/467/29 845/477/32 834/466/29
f 836/469/29 846/478/32 835/467/29
f 837/479/33 847/480/32 836/469/29
f 849/481/34 837/479/33 838/470/31
f 850/482/34 838/470/31 839/471/31
f 851/483/34 839/471/31 840/472/31
f 852/484/34 840/472/31 841/473/31
f 853/485/34 841/473/31 842/474/31
f 844/476/32 854/486/35 843/475/32
f 845/477/32 855/487/35 844/476/32
f 846/478/32 856/488/35 845/477/32
f 847/480/32 857/489/35 846/478/32
f 848/490/36 858/491/35 847/480/32
f 860/492/37 848/490/36 849/481/34
f 861/493/37 849/481/34 850/482/34
f 862/494/37 850/482/34 851/483/34
f 863/495/37 851/483/34 852/484/34
f 864/496/37 852/484/34 853/485/34
f 855/487/35 865/497/38 854/486/35
f 856/488/35 866/498/38 855/487/35
f 857/489/35 867/499/38 856/488/35
f 858/491/35 868/500/38 857/489/35
f 859/501/39 869/502/38 858/491/35
f 871/503/40 859/501/39 860/492/37
f 872/504/40 860/492/37 861/493/37
f 873/505/40 861/493/37 862/494/37
f 874/506/40 862/494/37 863/495/37
f 875/507/40 863/495/37 864/496/37
f 866/498/38 876/508/41 865/497/38
f 867/499/38 877/509/41 866/498/38
f 868/500/38 878/510/41 867/499/38
f 869/502/38 879/511/41 868/500/38
f 870/512/42 880/513/41 869/502/38
f 882/514/43 870/512/42 871/503/40
f 883/515/43 871/503/40 872/504/40
f 884/516/43 872/504/40 873/505/40
f 885/517/43 873/505/40 874/506/40
f 886/518/43 874/506/40 875/507/40
f 877/509/41 887/519/44 876/508/41
f 878/510/41 888/520/44 877/509/41
f 879/511/41 889/521/44 878/510/41
f 880/513/41 890/522/44 879/511/41
f 881/523/45 891/524/44 880/513/41
f 893/525/46 881/523/45 882/514/43
f 894/526/46 882/514/43 883/515/43
f 895/527/46 883/515/43 884/516/43
f 896/528/46 884/516/43 885/517/43
f 897/529/46 885/517/43 886/518/43
f 888/520/44 898/530/47 887/519/44
f 889/521/44 899/531/47 888/520/44
f 890/522/44 900/532/47 889/521/44
f 891/524/44 901/533/47 890/522/44
f 892/534/48 902/535/47 891/524/44
f 904/536/49 892/534/48 893/525/46
f 905/537/49 893/525/46 894/526/46
f 906/538/49 894/526/46 895/527/46
f 907/539/49 895/527/46 896/528/46
f 908/540/49 896/528/46 897/529/46
f 910/541/50 898/530/47 899/531/47
f 911/542/50 899/531/47 900/532/47
f 912/543/50 900/532/47 901/533/47
f 913/544/50 901/533/47 902/535/47
f 914/545/51 902/535/47 903/546/52
f 904/536/49 914/545/51 903/546/52
f 905/537/49 915/547/53 904/536/49
f 906/538/49 916/548/53 905/537/49
f 907/539/49 917/549/53 906/538/49
f 908/540/49 918/550/53 907/539/49
f 921/551/54 909/552/50 910/541/50
f 922/553/54 910/541/50 911/542/50
f 923/554/54 911/542/50 912/543/50
f 924/555/54 912/543/50 913/544/50
f 925/556/55 913/544/50 914/545/51
f 915/547/53 925/556/55 914/545/51
f 916/548/53 926/557/56 915/547/53
f 917/549/53 927/558/56 916/548/53
f 918/550/53 928/559/56 917/549/53
f 919/560/53 929/561/56 918/550/53
f 932/562/57 920/563/54 921/551/54
f 933/564/57 921/551/54 922/553/54
f 934/565/57 922/553/54 923/554/54
f 935/566/57 923/554/54 924/555/54
f 936/567/58 924/555/54 925/556/55
f 926/557/56 936/567/58 925/556/55
f 927/558/56 937/568/59 926/557/56
f 928/559/56 938/569/59 927/558/56
f 929/561/56 939/570/59 928/559/56
f 930/571/56 940/572/59 929/561/56
f 943/573/60 931/574/57 932/562/57
f 944/575/60 932/562/57 933/564/57
f 945/576/60 933/564/57 934/565/57
f 946/577/60 934/565/57 935/566/57
f 947/578/61 935/566/57 936/567/58
f 937/568/59 947/578/61 936/567/58
f 938/569/59 948/579/62 937/568/59
f 939/570/59 949/580/62 938/569/59
f 940/572/59 950/581/62 939/570/59
f 941/582/59 951/583/62 940/572/59
f 954/584/63 942/585/60 943/573/60
f 955/586/63 943/573/60 944/575/60
f 956/587/63 944/575/60 945/576/60
f 957/588/63 945/576/60 946/577/60
f 958/589/64 946/577/60 947/578/61
f 948/579/62 958/589/64 947/578/61
f 949/580/62 959/590/65 948/579/62
f 950/581/62 960/591/65 949/580/62
f 951/583/62 961/592/65 950/581/62
f 952/593/62 962/594/65 951/583/62
f 965/595/66 953/596/63 954/584/63
f 966/597/66 954/584/63 955/586/63
f 967/598/66 955/586/63 956/587/63
f 968/599/66 956/587/63 957/588/63
f 969/600/67 957/588/63 958/589/64
f 959/590/65 969/600/67 958/589/64
f 960/591/65 970/601/68 959/590/65
f 961/592/65 971/602/68 960/591/65
f 962/594/65 972/603/68 961/592/65
f 963/604/65 973/605/68 962/594/65
f 976/606/69 964/607/66 965/595/66
f 977/608/69 965/595/66 966/597/66
f 978/609/69 966/597/66 967/598/66
f 979/610/69 967/598/66 968/599/66
f 980/611/70 968/599/66 969/600/67
f 970/601/68 980/611/70 969/600/67
f 971/602/68 981/612/71 970/601/68
f 972/603/68 982/613/71 971/602/68
f 973/605/68 983/614/71 972/603/68
f 974/615/68 984/616/71 973/605/68
f 987/617/72 975/618/69 976/606/69
f 988/619/72 976/606/69 977/608/69
f 989/620/72 977/608/69 978/609/69
f 990/621/72 978/609/69 979/610/69
f 991/622/73 979/610/69 980/611/70
f 981/612/71 991/622/73 980/611/70
f 982/613/71 992/623/74 981/612/71
f 983/614/71 993/624/74 982/613/71
f 984/616/71 994/625/74 983/614/71
f 985/626/71 995/627/74 984/616/71
f 998/628/75 986/629/72 987/617/72
f 999/630/75 987/617/72 988/619/72
f 1000/631/75 988/619/72 989/620/72
f 1001/632/75 989/620/72 990/621/72
f 1002/633/76 990/621/72 991/622/73
f 992/623/74 1002/633/76 991/622/73
f 993/624/74 1003/634/77 992/623/74
f 994/625/74 1004/635/77 993/624/74
f 995/627/74 1005/636/77 994/625/74
f 996/637/74 1006/638/77 995/627/74
f 1009/639/78 997/640/75 998/628/75
f 1010/641/78 998/628/75 999/630/75
f 1011/642/78 999/630/75 1000/631/75
f 1012/643/78 1000/631/75 1001/632/75
f 1013/644/79 1001/632/75 1002/633/76
f 1003/634/77 1013/644/79 1002/633/76
f 1004/635/77 1014/645/80 1003/634/77
f 1005/636/77 1015/646/80 1004/635/77
f 1006/638/77 1016/647/80 1005/636/77
f 1007/648/77 1017/649/80 1006/638/77
f 1020/650/81 1008/651/78 1009/639/78
f 1021/652/81 1009/639/78 1010/641/78
f 1022/653/81 1010/641/78 1011/642/78
f 1023/654/81 1011/642/78 1012/643/78
f 1024/655/82 1012/643/78 1013/644/79
f 1014/645/80 1024/655/82 1013/644/79
f 1015/646/80 1025/656/83 1014/645/80
f 1016/647/80 1026/657/83 1015/646/80
f 1017/649/80 1027/658/83 1016/647/80
f 1018/659/80 1028/660/83 1017/649/80
f 1020/650/81 1030/661/84 1019/662/81
f 1021/652/81 1031/663/84 1020/650/81
f 1022/653/81 1032/664/84 1021/652/81
f 1023/654/81 1033/665/84 1022/653/81
f 1024/655/82 1034/666/84 1023/654/81
f 1036/667/85 1024/655/82 1025/656/83
f 1037/668/85 1025/656/83 1026/657/83
f 1038/669/85 1026/657/83 1027/658/83
f 1039/670/85 1027/658/83 1028/660/83
f 1040/671/85 1028/660/83 1029/672/83
f 1042/673/86 1030/661/84 1031/663/84
f 1043/674/86 1031/663/84 1032/664/84
f 1044/675/86 1032/664/84 1033/665/84
f 1045/676/86 1033/665/84 1034/666/84
f 1046/677/87 1034/666/84 1035/678/88
f 1036/667/85 1046/677/87 1035/678/88
f 1037/668/85 1047/679/89 1036/667/85
f 1038/669/85 1048/680/89 1037/668/85
f 1039/670/85 1049/681/89 1038/669/85
f 1040/671/85 1050/682/89 1039/670/85
f 1053/683/90 1041/684/86 1042/673/86
f 1054/685/90 1042/673/86 1043/674/86
f 1055/686/90 1043/674/86 1044/675/86
f 1056/687/90 1044/675/86 1045/676/86
f 1057/688/91 1045/676/86 1046/677/87
f 1047/679/89 1057/688/91 1046/677/87
f 1048/680/89 1058/689/92 1047/679/89
f 1049/681/89 1059/690/92 1048/680/89
f 1050/682/89 1060/691/92 1049/681/89
f 1051/692/89 1061/693/92 1050/682/89
f 1064/694/93 1052/695/90 1053/683/90
f 1065/696/93 1053/683/90 1054/685/90
f 1066/697/93 1054/685/90 1055/686/90
f 1067/698/93 1055/686/90 1056/687/90
f 1068/699/94 1056/687/90 1057/688/91
f 1058/689/92 1068/699/94 1057/688/91
f 1059/690/92 1069/700/95 1058/689/92
f 1060/691/92 1070/701/95 1059/690/92
f 1061/693/92 1071/702/95 1060/691/92
f 1062/703/92 1072/704/95 1061/693/92
f 1075/705/96 1063/706/93 1064/694/93
f 1076/707/96 1064/694/93 1065/696/93
f 1077/708/96 1065/696/93 1066/697/93
f 1078/709/96 1066/697/93 1067/698/93
f 1079/710/97 1067/698/93 1068/699/94
f 1069/700/95 1079/710/97 1068/699/94
f 1070/701/95 1080/711/98 1069/700/95
f 1071/702/95 1081/712/98 1070/701/95
f 1072/704/95 1082/713/98 1071/702/95
f 1073/714/95 1083/715/98 1072/704/95
f 1086/716/99 1074/717/96 1075/705/96
f 1087/718/99 1075/705/96 1076/707/96
f 1088/719/99 1076/707/96 1077/708/96
f 1089/720/99 1077/708/96 1078/709/96
f 1090/721/100 1078/709/96 1079/710/97
f 1080/711/98 1090/721/100 1079/710/97
f 1081/712/98 1091/722/101 1080/711/98
f 1082/713/98 1092/723/101 1081/712/98
f 1083/715/98 1093/724/101 1082/713/98
f 1084/725/98 1094/726/101 1083/715/98
f 1097/727/102 1085/728/99 1086/716/99
f 1098/729/102 1086/716/99 1087/718/99
f 1099/730/102 1087/718/99 1088/719/99
f 1100/731/102 1088/719/99 1089/720/99
f 1101/732/103 1089/720/99 1090/721/100
f 1091/722/101 1101/732/103 1090/721/100
f 1092/723/101 1102/733/104 1091/722/101
f 1093/724/101 1103/734/104 1092/723/101
f 1094/726/101 1104/735/104 1093/724/101
f 1095/736/101 1105/737/104 1094/726/101
f 1108/738/105 1096/739/102 1097/727/102
f 1109/740/105 1097/727/102 1098/729/102
f 1110/741/105 1098/729/102 1099/730/102
f 1111/742/105 1099/730/102 1100/731/102
f 1112/743/106 1100/731/102 1101/732/103
f 1102/733/104 1112/743/106 1101/732/103
f 1103/734/104 1113/744/107 1102/733/104
f 1104/735/104 1114/745/107 1103/734/104
f 1105/737/104 1115/746/107 1104/735/104
f 1106/747/104 1116/748/107 1105/737/104
f 1119/749/108 1107/750/105 1108/738/105
f 1120/751/108 1108/738/105 1109/740/105
f 1121/752/109 1109/740/105 1110/741/105
f 1122/753/109 1110/741/105 1111/742/105
f 1123/754/110 1111/742/105 1112/743/106
f 1113/744/107 1123/754/110 1112/743/106
f 1114/745/107 1124/755/111 1113/744/107
f 1115/746/107 1125/756/111 1114/745/107
f 1116/748/107 1126/757/111 1115/746/107
f 1117/758/107 1127/759/111 1116/748/107
f 1130/760/112 1118/761/108 1119/749/108
f 1131/762/112 1119/749/108 1120/751/108
f 1132/763/112 1120/751/108 1121/752/109
f 1133/764/112 1121/752/109 1122/753/109
f 1134/765/113 1122/753/109 1123/754/110
f 1124/755/111 1134/765/113 1123/754/110
f 1125/756/111 1135/766/114 1124/755/111
f 1126/757/111 1136/767/114 1125/756/111
f 1127/759/111 1137/768/114 1126/757/111
f 1128/769/115 1138/770/114 1127/759/111
f 1141/771/116 1129/772/112 1130/760/112
f 1142/773/116 1130/760/112 1131/762/112
f 1143/774/116 1131/762/112 1132/763/112
f 1144/775/116 1132/763/112 1133/764/112
f 1145/776/117 1133/764/112 1134/765/113
f 1135/766/114 1145/776/117 1134/765/113
f 1136/767/114 1146/777/118 1135/766/114
f 1137/768/114 1147/778/118 1136/767/114
f 1138/770/114 1148/779/118 1137/768/114
f 1139/780/114 1149/781/118 1138/770/114
f 1152/782/119 1140/783/116 1141/771/116
f 1153/784/119 1141/771/116 1142/773/116
f 1154/785/119 1142/773/116 1143/774/116
f 1155/786/119 1143/774/116 1144/775/116
f 1156/787/120 1144/775/116 1145/776/117
f 1146/777/118 1156/787/120 1145/776/117
f 1147/778/118 1157/788/121 1146/777/118
f 1148/779/118 1158/789/121 1147/778/118
f 1149/781/118 1159/790/121 1148/779/118
f 1150/791/118 1160/792/121 1149/781/118
f 1163/793/122 1151/794/119 1152/782/119
f 1164/795/122 1152/782/119 1153/784/119
f 1165/796/122 1153/784/119 1154/785/119
f 1166/797/122 1154/785/119 1155/786/119
f 1167/798/123 1155/786/119 1156/787/120
f 1157/788/121 1167/798/123 1156/787/120
f 1158/789/121 1168/799/124 1157/788/121
f 1159/790/121 1169/800/124 1158/789/121
f 1160/792/121 1170/801/124 1159/790/121
f 1161/802/121 1171/803/124 1160/792/121
f 1174/804/125 1162/805/122 1163/793/122
f 1175/806/125 1163/793/122 1164/795/122
f 1176/807/125 1164/795/122 1165/796/122
f 1177/808/125 1165/796/122 1166/797/122
f 1178/809/126 1166/797/122 1167/798/123
f 1168/799/124 1178/809/126 1167/798/123
f 1169/800/124 1179/810/127 1168/799/124
f 1170/801/124 1180/811/127 1169/800/124
f 1171/803/124 1181/812/127 1170/801/124
f 1172/813/124 1182/814/127 1171/803/124
f 1185/815/128 1173/816/125 1174/804/125
f 1186/817/128 1174/804/125 1175/806/125
f 1187/818/128 1175/806/125 1176/807/125
f 1188/819/128 1176/807/125 1177/808/125
f 1189/820/129 1177/808/125 1178/809/126
f 1179/810/127 1189/820/129 1178/809/126
f 1180/811/127 1190/821/130 1179/810/127
f 1181/812/127 1191/822/130 1180/811/127
f 1182/814/127 1192/823/130 1181/812/127
f 1183/824/127 1193/825/130 1182/814/127
f 1196/826/131 1184/827/128 1185/815/128
f 1197/828/131 1185/815/128 1186/817/128
f 1198/829/131 1186/817/128 1187/818/128
f 1199/830/131 1187/818/128 1188/819/128
f 1200/831/132 1188/819/128 1189/820/129
f 1190/821/130 1200/831/132 1189/820/129
f 1191/822/130 1201/832/133 1190/821/130
f 1192/823/130 1202/833/133 1191/822/130
f 1193/825/130 1203/834/133 1192/823/130
f 1194/835/130 1204/836/133 1193/825/130
f 1207/837/134 1195/838/135 1196/826/131
f 1208/839/134 1196/826/131 1197/828/131
f 1209/840/136 1197/828/131 1198/829/131
f 1210/841/136 1198/829/131 1199/830/131
f 1211/842/137 1199/830/131 1200/831/132
f 1201/832/133 1211/842/137 1200/831/132
f 1202/833/133 1212/843/138 1201/832/133
f 1203/834/133 1213/844/138 1202/833/133
f 1204/836/133 1214/845/139 1203/834/133
f 1205/846/133 1215/847/139 1204/836/133
f 1218/848/140 1206/849/136 1207/837/134
f 1219/850/140 1207/837/134 1208/839/134
f 1220/851/140 1208/839/134 1209/840/136
f 1221/852/140 1209/840/136 1210/841/136
f 1222/853/141 1210/841/136 1211/842/137
f 1212/843/138 1222/853/141 1211/842/137
f 1213/844/138 1223/854/142 1212/843/138
f 1214/845/139 1224/855/142 1213/844/138
f 1215/847/139 1225/856/142 1214/845/139
f 1216/857/138 1226/858/142 1215/847/139
f 1229/859/143 1217/860/140 1218/848/140
f 1230/861/143 1218/848/140 1219/850/140
f 1231/862/143 1219/850/140 1220/851/140
f 1232/863/143 1220/851/140 1221/852/140
f 1233/864/144 1221/852/140 1222/853/141
f 1223/854/142 1233/864/144 1222/853/141
f 1224/855/142 1234/865/145 1223/854/142
f 1225/856/142 1235/866/145 1224/855/142
f 1226/858/142 1236/867/145 1225/856/142
f 1227/868/142 1237/869/145 1226/858/142
f 1240/870/146 1228/871/143 1229/859/143
f 1241/872/146 1229/859/143 1230/861/143
f 1242/873/146 1230/861/143 1231/862/143
f 1243/874/146 1231/862/143 1232/863/143
f 1244/875/147 1232/863/143 1233/864/144
f 1234/865/145 1244/875/147 1233/864/144
f 1235/866/145 1245/876/148 1234/865/145
f 1236/867/145 1246/877/148 1235/866/145
f 1237/869/145 1247/878/148 1236/867/145
f 1238/879/145 1248/880/148 1237/869/145
f 1251/881/149 1239/882/146 1240/870/146
f 1252/883/149 1240/870/146 1241/872/146
f 1253/884/149 1241/872/146 1242/873/146
f 1254/885/149 1242/873/146 1243/874/146
f 1255/886/150 1243/874/146 1244/875/147
f 1245/876/148 1255/886/150 1244/875/147
f 1246/877/148 1256/887/151 1245/876/148
f 1247/878/148 1257/888/151 1246/877/148
f 1248/880/148 1258/889/151 1247/878/148
f 1249/890/148 1259/891/151 1248/880/148
f 1262/892/152 1250/893/149 1251/881/149
f 1263/894/152 1251/881/149 1252/883/149
f 1264/895/152 1252/883/149 1253/884/149
f 1265/896/152 1253/884/149 1254/885/149
f 1266/897/153 1254/885/149 1255/886/150
f 1256/887/151 1266/897/153 1255/886/150
f 1257/888/151 1267/898/154 1256/887/151
f 1258/889/151 1268/899/154 1257/888/151
f 1259/891/151 1269/900/154 1258/889/151
f 1260/901/151 1270/902/154 1259/891/151
f 1273/903/155 1261/904/152 1262/892/152
f 1274/905/155 1262/892/152 1263/894/152
f 1275/906/155 1263/894/152 1264/895/152
f 1276/907/155 1264/895/152 1265/896/152
f 1277/908/156 1265/896/152 1266/897/153
f 1267/898/154 1277/908/156 1266/897/153
f 1268/899/154 1278/909/157 1267/898/154
f 1269/900/154 1279/910/157 1268/899/154
f 1270/902/154 1280/911/157 1269/900/154
f 1271/912/154 1281/913/157 1270/902/154
f 1284/914/158 1272/915/155 1273/903/155
f 1285/916/158 1273/903/155 1274/905/155
f 1286/917/158 1274/905/155 1275/906/155
f 1287/918/158 1275/906/155 1276/907/155
f 1288/919/159 1276/907/155 1277/908/156
f 1278/909/157 1288/919/159 1277/908/156
f 1279/910/157 1289/920/160 1278/909/157
f 1280/911/157 1290/921/160 1279/910/157
f 1281/913/157 1291/922/160 1280/911/157
f 1282/923/157 1292/924/160 1281/913/157
f 1295/925/161 1283/926/158 1284/914/158
f 1296/927/161 1284/914/158 1285/916/158
f 1297/928/161 1285/916/158 1286/917/158
f 1298/929/161 1286/917/158 1287/918/158
f 1299/930/162 1287/918/158 1288/919/159
f 1289/920/160 1299/930/162 1288/919/159
f 1290/921/160 1300/931/163 1289/920/160
f 1291/922/160 1301/932/163 1290/921/160
f 1292/924/160 1302/933/163 1291/922/160
f 1293/934/160 1303/935/163 1292/924/160
f 1306/936/164 1294/937/161 1295/925/161
f 1307/938/164 1295/925/161 1296/927/161
f 1308/939/164 1296/927/161 1297/928/161
f 1309/940/164 1297/928/161 1298/929/161
f 1310/941/165 1298/929/161 1299/930/162
f 1300/931/163 1310/941/165 1299/930/162
f 1301/932/163 1311/942/166 1300/931/163
f 1302/933/163 1312/943/166 1301/932/163
f 1303/935/163 1313/944/166 1302/933/163
f 1304/945/163 1314/946/166 1303/935/163
f 1317/947/167 1305/948/164 1306/936/164
f 1318/949/167 1306/936/164 1307/938/164
f 1319/950/167 1307/938/164 1308/939/164
f 1320/951/167 1308/939/164 1309/940/164
f 1321/952/168 1309/940/164 1310/941/165
f 1311/942/166 1321/952/168 1310/941/165
f 1312/943/166 1322/953/169 1311/942/166
f 1313/944/166 1323/954/169 1312/943/166
f 1314/946/166 1324/955/169 1313/944/166
f 1315/956/166 1325/957/169 1314/946/166
f 1328/958/170 1316/959/167 1317/947/167
f 1329/960/170 1317/947/167 1318/949/167
f 1330/961/170 1318/949/167 1319/950/167
f 1331/962/170 1319/950/167 1320/951/167
f 1332/963/171 1320/951/167 1321/952/168
f 1322/953/169 1332/963/171 1321/952/168
f 1323/954/169 1333/964/172 1322/953/169
f 1324/955/169 1334/965/172 1323/954/169
f 1325/957/169 1335/966/172 1324/955/169
f 1326/967/169 1336/968/172 1325/957/169
f 1339/969/173 1327/970/170 1328/958/170
f 1340/971/173 1328/958/170 1329/960/170
f 1341/972/173 1329/960/170 1330/961/170
f 1342/973/173 1330/961/170 1331/962/170
f 1343/974/174 1331/962/170 1332/963/171
f 1333/964/172 1343/974/174 1332/963/171
f 1334/965/172 1344/975/175 1333/964/172
f 1335/966/172 1345/976/175 1334/965/172
f 1336/968/172 1346/977/175 1335/966/172
f 1337/978/172 1347/979/175 1336/968/172
f 1350/980/176 1338/981/177 1339/969/173
f 1351/982/176 1339/969/173 1340/971/173
f 1352/983/176 1340/971/173 1341/972/173
f 1353/984/176 1341/972/173 1342/973/173
f 1354/985/178 1342/973/173 1343/974/174
f 1344/975/175 1354/985/178 1343/974/174
f 1345/976/175 1355/986/179 1344/975/175
f 1346/977/175 1356/987/179 1345/976/175
f 1347/979/175 1357/988/179 1346/977/175
f 1348/989/180 1358/990/179 1347/979/175
f 1361/991/181 1349/992/176 1350/980/176
f 1362/993/181 1350/980/176 1351/982/176
f 1363/994/181 1351/982/176 1352/983/176
f 1364/995/181 1352/983/176 1353/984/176
f 1365/996/182 1353/984/176 1354/985/178
f 1355/986/179 1365/996/182 1354/985/178
f 1356/987/179 1366/997/183 1355/986/179
f 1357/988/179 1367/998/183 1356/987/179
f 1358/990/179 1368/999/183 1357/988/179
f 1359/1000/179 1369/1001/183 1358/990/179
f 1372/1002/184 1360/1003/181 1361/991/181
f 1373/1004/184 1361/991/181 1362/993/181
f 1374/1005/184 1362/993/181 1363/994/181
f 1375/1006/184 1363/994/181 1364/995/181
f 1376/1007/185 1364/995/181 1365/996/182
f 1366/997/183 1376/1007/185 1365/996/182
f 1367/998/183 1377/1008/186 1366/997/183
f 1368/999/183 1378/1009/186 1367/998/183
f 1369/1001/183 1379/1010/186 1368/999/183
f 1370/1011/187 1380/1012/186 1369/1001/183
f 1372/1002/184 1382/1013/188 1371/1014/189
f 1373/1004/184 1383/1015/188 1372/1002/184
f 1374/1005/184 1384/1016/188 1373/1004/184
f 1375/1006/184 1385/1017/188 1374/1005/184
f 1376/1007/185 1386/1018/188 1375/1006/184
f 1388/1019/190 1376/1007/185 1377/1008/186
f 1389/1020/190 1377/1008/186 1378/1009/186
f 1390/1021/190 1378/1009/186 1379/1010/186
f 1391/1022/190 1379/1010/186 1380/1012/186
f 1392/1023/190 1380/1012/186 1381/1024/186
f 1383/1015/188 1393/1025/191 1382/1013/188
f 1384/1016/188 1394/1026/191 1383/1015/188
f 1385/1017/188 1395/1027/191 1384/1016/188
f 1386/1018/188 1396/1028/191 1385/1017/188
f 1387/1029/192 1397/1030/191 1386/1018/188
f 1399/1031/193 1387/1029/192 1388/1019/190
f 1400/1032/193 1388/1019/190 1389/1020/190
f 1401/1033/193 1389/1020/190 1390/1021/190
f 1402/1034/193 1390/1021/190 1391/1022/190
f 1403/1035/193 1391/1022/190 1392/1023/190
f 1394/1026/191 1404/1036/194 1393/1025/191
f 1395/1027/191 1405/1037/194 1394/1026/191
f 1396/1028/191 1406/1038/194 1395/1027/191
f 1397/1030/191 1407/1039/194 1396/1028/191
f 1398/1040/195 1408/1041/194 1397/1030/191
f 1410/1042/196 1398/1040/195 1399/1031/193
f 1411/1043/196 1399/1031/193 1400/1032/193
f 1412/1044/196 1400/1032/193 1401/1033/193
f 1413/1045/196 1401/1033/193 1402/1034/193
f 1414/1046/196 1402/1034/193 1403/1035/193
f 1405/1037/194 1415/1047/197 1404/1036/194
f 1406/1038/194 1416/1048/197 1405/1037/194
f 1407/1039/194 1417/1049/197 1406/1038/194
f 1408/1041/194 1418/1050/197 1407/1039/194
f 1409/1051/198 1419/1052/197 1408/1041/194
f 1421/1053/199 1409/1051/198 1410/1042/196
f 1422/1054/199 1410/1042/196 1411/1043/196
f 1423/1055/199 1411/1043/196 1412/1044/196
f 1424/1056/199 1412/1044/196 1413/1045/196
f 1425/1057/199 1413/1045/196 1414/1046/196
f 1427/1058/200 1415/1047/197 1416/1048/197
f 1428/1059/200 1416/1048/197 1417/1049/197
f 1429/1060/200 1417/1049/197 1418/1050/197
f 1430/1061/200 1418/1050/197 1419/1052/197
f 1431/1062/201 1419/1052/197 1420/1063/202
f 1421/1053/199 1431/1062/201 1420/1063/202
f 1422/1054/199 1432/1064/203 1421/1053/199
f 1423/1055/199 1433/1065/203 1422/1054/199
f 1424/1056/199 1434/1066/203 1423/1055/199
f 1425/1057/199 1435/1067/203 1424/1056/199
f 1427/1058/200 1437/1068/204 1426/1069/200
f 1428/1059/200 1438/1070/204 1427/1058/200
f 1429/1060/200 1439/1071/204 1428/1059/200
f 1430/1061/200 1440/1072/204 1429/1060/200
f 1431/1062/201 1441/1073/204 1430/1061/200
f 1443/1074/205 1431/1062/201 1432/1064/203
f 1444/1075/205 1432/1064/203 1433/1065/203
f 1445/1076/205 1433/1065/203 1434/1066/203
f 1446/1077/205 1434/1066/203 1435/1067/203
f 1447/1078/205 1435/1067/203 1436/1079/203
f 1449/1080/206 1437/1068/204 1438/1070/204
f 1450/1081/206 1438/1070/204 1439/1071/204
f 1451/1082/207 1439/1071/204 1440/1072/204
f 1452/1083/206 1440/1072/204 1441/1073/204
f 1453/1084/208 1441/1073/204 1442/1085/209
f 1443/1074/205 1453/1084/208 1442/1085/209
f 1444/1075/205 1454/1086/210 1443/1074/205
f 1445/1076/205 1455/1087/211 1444/1075/205
f 1446/1077/205 1456/1088/210 1445/1076/205
f 1447/1078/205 1457/1089/210 1446/1077/205
f 1460/1090/212 1448/1091/206 1449/1080/206
f 1461/1092/212 1449/1080/206 1450/1081/206
f 1462/1093/212 1450/1081/206 1451/1082/207
f 1463/1094/212 1451/1082/207 1452/1083/206
f 1464/1095/213 1452/1083/206 1453/1084/208
f 1454/1086/210 1464/1095/213 1453/1084/208
f 1455/1087/211 1465/1096/214 1454/1086/210
f 1456/1088/210 1466/1097/214 1455/1087/211
f 1457/1089/210 1467/1098/214 1456/1088/210
f 1458/1099/210 1468/1100/214 1457/1089/210
f 1471/1101/215 1459/1102/212 1460/1090/212
f 1472/1103/215 1460/1090/212 1461/1092/212
f 1473/1104/215 1461/1092/212 1462/1093/212
f 1474/1105/215 1462/1093/212 1463/1094/212
f 1475/1106/216 1463/1094/212 1464/1095/213
f 1465/1096/214 1475/1106/216 1464/1095/213
f 1466/1097/214 1476/1107/217 1465/1096/214
f 1467/1098/214 1477/1108/217 1466/1097/214
f 1468/1100/214 1478/1109/217 1467/1098/214
f 1469/1110/214 1479/1111/217 1468/1100/214
f 1482/1112/218 1470/1113/215 1471/1101/215
f 1483/1114/218 1471/1101/215 1472/1103/215
f 1484/1115/218 1472/1103/215 1473/1104/215
f 1485/1116/218 1473/1104/215 1474/1105/215
f 1486/1117/219 1474/1105/215 1475/1106/216
f 1476/1107/217 1486/1117/219 1475/1106/216
f 1477/1108/217 1487/1118/220 1476/1107/217
f 1478/1109/217 1488/1119/220 1477/1108/217
f 1479/1111/217 1489/1120/220 1478/1109/217
f 1480/1121/217 1490/1122/220 1479/1111/217
f 1493/1123/221 1481/1124/218 1482/1112/218
f 1494/1125/221 1482/1112/218 1483/1114/218
f 1495/1126/221 1483/1114/218 1484/1115/218
f 1496/1127/221 1484/1115/218 1485/1116/218
f 1497/1128/222 1485/1116/218 1486/1117/219
f 1487/1118/220 1497/1128/222 1486/1117/219
f 1488/1119/220 1498/1129/223 1487/1118/220
f 1489/1120/220 1499/1130/223 1488/1119/220
f 1490/1122/220 1500/1131/223 1489/1120/220
f 1491/1132/220 1501/1133/223 1490/1122/220
f 1504/1134/224 1492/1135/221 1493/1123/221
f 1505/1136/225 1493/1123/221 1494/1125/221
f 1506/1137/225 1494/1125/221 1495/1126/221
f 1507/1138/224 1495/1126/221 1496/1127/221
f 1508/1139/226 1496/1127/221 1497/1128/222
f 1498/1129/223 1508/1139/226 1497/1128/222
f 1499/1130/223 1509/1140/227 1498/1129/223
f 1500/1131/223 1510/1141/228 1499/1130/223
f 1501/1133/223 1511/1142/228 1500/1131/223
f 1502/1143/223 1512/1144/227 1501/1133/223
f 1504/1134/224 1514/1145/229 1503/1146/225
f 1505/1136/225 1515/1147/229 1504/1134/224
f 1506/1137/225 1516/1148/229 1505/1136/225
f 1507/1138/224 1517/1149/229 1506/1137/225
f 1508/1139/226 1518/1150/229 1507/1138/224
f 1520/1151/230 1508/1139/226 1509/1140/227
f 1521/1152/230 1509/1140/227 1510/1141/228
f 1522/1153/230 1510/1141/228 1511/1142/228
f 1523/1154/230 1511/1142/228 1512/1144/227
f 1524/1155/230 1512/1144/227 1513/1156/228
f 1515/1147/229 1525/1157/231 1514/1145/229
f 1516/1148/229 1526/1158/231 1515/1147/229
f 1517/1149/229 1527/1159/231 1516/1148/229
f 1518/1150/229 1528/1160/231 1517/1149/229
f 1519/1161/232 1529/1162/231 1518/1150/229
f 1531/1163/233 1519/1161/232 1520/1151/230
f 1532/1164/233 1520/1151/230 1521/1152/230
f 1533/1165/233 1521/1152/230 1522/1153/230
f 1534/1166/233 1522/1153/230 1523/1154/230
f 1535/1167/233 1523/1154/230 1524/1155/230
f 1526/1158/231 1536/1168/234 1525/1157/231
f 1527/1159/231 1537/1169/234 1526/1158/231
f 1528/1160/231 1538/1170/234 1527/1159/231
f 1529/1162/231 1539/1171/234 1528/1160/231
f 1530/1172/235 1540/1173/234 1529/1162/231
f 1542/1174/236 1530/1172/235 1531/1163/233
f 1543/1175/236 1531/1163/233 1532/1164/233
f 1544/1176/236 1532/1164/233 1533/1165/233
f 1545/1177/236 1533/1165/233 1534/1166/233
f 1546/1178/236 1534/1166/233 1535/1167/233
f 1537/1169/234 1547/1179/237 1536/1168/234
f 1538/1170/234 1548/1180/237 1537/1169/234
f 1539/1171/234 1549/1181/237 1538/1170/234
f 1540/1173/234 1550/1182/237 1539/1171/234
f 1541/1183/238 1551/1184/237 1540/1173/234
f 1553/1185/239 1541/1183/238 1542/1174/236
f 1554/1186/239 1542/1174/236 1543/1175/236
f 1555/1187/239 1543/1175/236 1544/1176/236
f 1556/1188/239 1544/1176/236 1545/1177/236
f 1557/1189/239 1545/1177/236 1546/1178/236
f 1548/1180/237 1558/1190/240 1547/1179/237
f 1549/1181/237 1559/1191/240 1548/1180/237
f 1550/1182/237 1560/1192/240 1549/1181/237
f 1551/1184/237 1561/1193/241 1550/1182/237
f 1552/1194/242 1562/1195/240 1551/1184/237
f 1564/1196/243 1552/1194/242 1553/1185/239
f 1565/1197/244 1553/1185/239 1554/1186/239
f 1566/1198/244 1554/1186/239 1555/1187/239
f 1567/1199/245 1555/1187/239 1556/1188/239
f 1568/1200/245 1556/1188/239 1557/1189/239
f 1559/1191/240 1569/1201/246 1558/1190/240
f 1560/1192/240 1570/1202/247 1559/1191/240
f 1561/1193/241 1571/1203/247 1560/1192/240
f 1562/1195/240 1572/1204/247 1561/1193/241
f 1563/1205/248 1573/1206/247 1562/1195/240
f 1575/1207/249 1563/1205/248 1564/1196/243
f 1576/1208/249 1564/1196/243 1565/1197/244
f 1577/1209/249 1565/1197/244 1566/1198/244
f 1578/1210/249 1566/1198/244 1567/1199/245
f 1579/1211/250 1567/1199/245 1568/1200/245
f 1581/1212/251 1569/1201/246 1570/1202/247
f 1582/1213/252 1570/1202/247 1571/1203/247
f 1583/1214/253 1571/1203/247 1572/1204/247
f 1584/1215/254 1572/1204/247 1573/1206/247
f 1585/1216/255 1573/1206/247 1574/1217/256
f 1575/1207/249 1585/1216/255 1574/1217/256
f 1576/1208/249 1586/1218/257 1575/1207/249
f 1577/1209/249 1587/1219/257 1576/1208/249
f 1578/1210/249 1588/1220/257 1577/1209/249
f 1579/1211/250 1589/1221/258 1578/1210/249
f 1592/1222/259 1580/1223/252 1581/1212/251
f 1593/1224/259 1581/1212/251 1582/1213/252
f 1594/1225/259 1582/1213/252 1583/1214/253
f 1595/1226/259 1583/1214/253 1584/1215/254
f 1596/1227/260 1584/1215/254 1585/1216/255
f 1586/1218/257 1596/1227/260 1585/1216/255
f 1587/1219/257 1597/1228/261 1586/1218/257
f 1588/1220/257 1598/1229/261 1587/1219/257
f 1589/1221/258 1599/1230/261 1588/1220/257
f 1590/1231/257 1600/1232/261 1589/1221/258
f 1603/1233/262 1591/1234/259 1592/1222/259
f 1604/1235/262 1592/1222/259 1593/1224/259
f 1605/1236/262 1593/1224/259 1594/1225/259
f 1606/1237/262 1594/1225/259 1595/1226/259
f 1607/1238/263 1595/1226/259 1596/1227/260
f 1597/1228/261 1607/1238/263 1596/1227/260
f 1598/1229/261 1608/1239/264 1597/1228/261
f 1599/1230/261 1609/1240/264 1598/1229/261
f 1600/1232/261 1610/1241/265 1599/1230/261
f 1601/1242/266 1611/1243/264 1600/1232/261
f 1614/1244/267 1602/1245/268 1603/1233/262
f 1615/1246/267 1603/1233/262 1604/1235/262
f 1616/1247/267 1604/1235/262 1605/1236/262
f 1617/1248/267 1605/1236/262 1606/1237/262
f 1618/1249/269 1606/1237/262 1607/1238/263
f 1608/1239/264 1618/1249/269 1607/1238/263
f 1609/1240/264 1619/1250/270 1608/1239/264
f 1610/1241/265 1620/1251/271 1609/1240/264
f 1611/1243/264 1621/1252/270 1610/1241/265
f 1612/1253/264 1622/1254/270 1611/1243/264
f 1625/1255/272 1613/1256/267 1614/1244/267
f 1626/1257/272 1614/1244/267 1615/1246/267
f 1627/1258/272 1615/1246/267 1616/1247/267
f 1628/1259/272 1616/1247/267 1617/1248/267
f 1629/1260/273 1617/1248/267 1618/1249/269
f 1619/1250/270 1629/1260/273 1618/1249/269
f 1620/1251/271 1630/1261/274 1619/1250/270
f 1621/1252/270 1631/1262/274 1620/1251/271
f 1622/1254/270 1632/1263/274 1621/1252/270
f 1623/1264/270 1633/1265/274 1622/1254/270
f 1636/1266/275 1624/1267/272 1625/1255/272
f 1637/1268/275 1625/1255/272 1626/1257/272
f 1638/1269/275 1626/1257/272 1627/1258/272
f 1639/1270/275 1627/1258/272 1628/1259/272
f 1629/1260/273 1639/1270/275 1628/1259/272
f 1641/1271/276 1629/1260/273 1630/1261/274
f 1631/1262/274 1641/1271/276 1630/1261/274
f 1632/1263/274 1642/1272/276 1631/1262/274
f 1644/1273/276 1632/1263/274 1633/1265/274
f 1645/1274/276 1633/1265/274 1634/1275/274
f 1636/1266/275 1646/1276/277 1635/1277/275
f 1637/1268/275 1647/1278/277 1636/1266/275
f 1638/1269/275 1648/1279/277 1637/1268/275
f 1639/1270/275 1649/1280/277 1638/1269/275
f 1640/1281/278 1650/1282/277 1639/1270/275
f 1652/1283/279 1640/1281/278 1641/1271/276
f 1653/1284/279 1641/1271/276 1642/1272/276
f 1654/1285/279 1642/1272/276 1643/1286/276
f 1655/1287/279 1643/1286/276 1644/1273/276
f 1656/1288/279 1644/1273/276 1645/1274/276
f 1647/1278/277 1657/1289/280 1646/1276/277
f 1648/1279/277 1658/1290/280 1647/1278/277
f 1649/1280/277 1659/1291/280 1648/1279/277
f 1650/1282/277 1660/1292/280 1649/1280/277
f 1651/1293/281 1661/1294/280 1650/1282/277
f 1663/1295/282 1651/1293/281 1652/1283/279
f 1664/1296/282 1652/1283/279 1653/1284/279
f 1665/1297/282 1653/1284/279 1654/1285/279
f 1666/1298/282 1654/1285/279 1655/1287/279
f 1667/1299/282 1655/1287/279 1656/1288/279
f 1658/1290/280 1668/1300/283 1657/1289/280
f 1659/1291/280 1669/1301/283 1658/1290/280
f 1660/1292/280 1670/1302/284 1659/1291/280
f 1661/1294/280 1671/1303/284 1660/1292/280
f 1662/1304/285 1672/1305/284 1661/1294/280
f 1674/1306/286 1662/1304/285 1663/1295/282
f 1675/1307/286 1663/1295/282 1664/1296/282
f 1676/1308/286 1664/1296/282 1665/1297/282
f 1677/1309/287 1665/1297/282 1666/1298/282
f 1678/1310/287 1666/1298/282 1667/1299/282
f 1669/1301/283 1679/1311/288 1668/1300/283
f 1670/1302/284 1680/1312/288 1669/1301/283
f 1671/1303/284 1681/1313/288 1670/1302/284
f 1672/1305/284 1682/1314/288 1671/1303/284
f 1673/1315/289 1683/1316/288 1672/1305/284
f 1685/1317/290 1673/1315/289 1674/1306/286
f 1686/1318/290 1674/1306/286 1675/1307/286
f 1687/1319/290 1675/1307/286 1676/1308/286
f 1688/1320/290 1676/1308/286 1677/1309/287
f 1689/1321/290 1677/1309/287 1678/1310/287
f 1680/1312/288 1690/1322/291 1679/1311/288
f 1681/1313/288 1691/1323/291 1680/1312/288
f 1682/1314/288 1692/1324/291 1681/1313/288
f 1683/1316/288 1693/1325/291 1682/1314/288
f 1684/1326/292 1694/1327/291 1683/1316/288
f 1696/1328/293 1684/1326/292 1685/1317/290
f 1697/1329/293 1685/1317/290 1686/1318/290
f 1698/1330/293 1686/1318/290 1687/1319/290
f 1699/1331/293 1687/1319/290 1688/1320/290
f 1700/1332/293 1688/1320/290 1689/1321/290
f 1702/1333/294 1690/1322/291 1691/1323/291
f 1703/1334/294 1691/1323/291 1692/1324/291
f 1704/1335/294 1692/1324/291 1693/1325/291
f 1705/1336/294 1693/1325/291 1694/1327/291
f 1706/1337/295 1694/1327/291 1695/1338/296
f 1696/1328/293 1706/1337/295 1695/1338/296
f 1697/1329/293 1707/1339/297 1696/1328/293
f 1698/1330/293 1708/1340/297 1697/1329/293
f 1699/1331/293 1709/1341/297 1698/1330/293
f 1700/1332/293 1710/1342/297 1699/1331/293
f 1713/1343/298 1701/1344/294 1702/1333/294
f 1714/1345/298 1702/1333/294 1703/1334/294
f 1715/1346/298 1703/1334/294 1704/1335/294
f 1716/1347/298 1704/1335/294 1705/1336/294
f 1717/1348/299 1705/1336/294 1706/1337/295
f 1707/1339/297 1717/1348/299 1706/1337/295
f 1708/1340/297 1718/1349/300 1707/1339/297
f 1709/1341/297 1719/1350/300 1708/1340/297
f 1710/1342/297 1720/1351/300 1709/1341/297
f 1711/1352/297 1721/1353/300 1710/1342/297
f 1724/1354/301 1712/1355/298 1713/1343/298
f 1714/1345/298 1724/1354/301 1713/1343/298
f 1726/1356/301 1714/1345/298 1715/1346/298
f 1716/1347/298 1726/1356/301 1715/1346/298
f 1728/1357/302 1716/1347/298 1717/1348/299
f 1718/1349/300 1728/1357/302 1717/1348/299
f 1730/1358/303 1718/1349/300 1719/1350/300
f 1720/1351/300 1730/1358/303 1719/1350/300
f 1732/1359/303 1720/1351/300 1721/1353/300
f 1722/1360/300 1732/1359/303 1721/1353/300
f 1724/1354/301 1734/1361/304 1723/1362/301
f 1725/1363/301 1735/1364/304 1724/1354/301
f 1726/1356/301 1736/1365/304 1725/1363/301
f 1727/1366/301 1737/1367/304 1726/1356/301
f 1728/1357/302 1738/1368/304 1727/1366/301
f 1740/1369/305 1728/1357/302 1729/1370/303
f 1741/1371/305 1729/1370/303 1730/1358/303
f 1742/1372/305 1730/1358/303 1731/1373/303
f 1743/1374/305 1731/1373/303 1732/1359/303
f 1744/1375/305 1732/1359/303 1733/1376/303
f 1735/1364/304 1745/1377/306 1734/1361/304
f 1736/1365/304 1746/1378/306 1735/1364/304
f 1737/1367/304 1747/1379/306 1736/1365/304
f 1738/1368/304 1748/1380/306 1737/1367/304
f 1739/1381/307 1749/1382/306 1738/1368/304
f 1751/1383/308 1739/1381/307 1740/1369/305
f 1752/1384/308 1740/1369/305 1741/1371/305
f 1753/1385/308 1741/1371/305 1742/1372/305
f 1754/1386/308 1742/1372/305 1743/1374/305
f 1755/1387/308 1743/1374/305 1744/1375/305
f 1746/1378/306 1756/1388/309 1745/1377/306
f 1747/1379/306 1757/1389/309 1746/1378/306
f 1748/1380/306 1758/1390/309 1747/1379/306
f 1749/1382/306 1759/1391/309 1748/1380/306
f 1750/1392/310 1760/1393/309 1749/1382/306
f 1762/1394/311 1750/1392/310 1751/1383/308
f 1763/1395/311 1751/1383/308 1752/1384/308
f 1764/1396/311 1752/1384/308 1753/1385/308
f 1765/1397/311 1753/1385/308 1754/1386/308
f 1766/1398/311 1754/1386/308 1755/1387/308
f 1757/1389/309 1767/1399/312 1756/1388/309
f 1758/1390/309 1768/1400/312 1757/1389/309
f 1759/1391/309 1769/1401/312 1758/1390/309
f 1760/1393/309 1770/1402/312 1759/1391/309
f 1761/1403/313 1771/1404/312 1760/1393/309
f 1773/1405/314 1761/1403/313 1762/1394/311
f 1774/1406/314 1762/1394/311 1763/1395/311
f 1775/1407/314 1763/1395/311 1764/1396/311
f 1776/1408/314 1764/1396/311 1765/1397/311
f 1777/1409/314 1765/1397/311 1766/1398/311
f 1768/1400/312 1778/1410/315 1767/1399/312
f 1769/1401/312 1779/1411/315 1768/1400/312
f 1770/1402/312 1780/1412/315 1769/1401/312
f 1771/1404/312 1781/1413/315 1770/1402/312
f 1772/1414/316 1782/1415/315 1771/1404/312
f 1784/1416/317 1772/1414/316 1773/1405/314
f 1785/1417/317 1773/1405/314 1774/1406/314
f 1786/1418/317 1774/1406/314 1775/1407/314
f 1787/1419/317 1775/1407/314 1776/1408/314
f 1788/1420/317 1776/1408/314 1777/1409/314
f 1779/1411/315 1789/1421/318 1778/1410/315
f 1780/1412/315 1790/1422/318 1779/1411/315
f 1781/1413/315 1791/1423/318 1780/1412/315
f 1782/1415/315 1792/1424/318 1781/1413/315
f 1783/1425/319 1793/1426/318 1782/1415/315
f 1795/1427/320 1783/1425/319 1784/1416/317
f 1796/1428/320 1784/1416/317 1785/1417/317
f 1797/1429/320 1785/1417/317 1786/1418/317
f 1798/1430/320 1786/1418/317 1787/1419/317
f 1799/1431/320 1787/1419/317 1788/1420/317
f 1790/1422/318 1800/1432/321 1789/1421/318
f 1791/1423/318 1801/1433/321 1790/1422/318
f 1792/1424/318 1802/1434/321 1791/1423/318
f 1793/1426/318 1803/1435/321 1792/1424/318
f 1794/1436/322 1804/1437/321 1793/1426/318
f 1806/1438/323 1794/1436/322 1795/1427/320
f 1807/1439/323 1795/1427/320 1796/1428/320
f 1808/1440/323 1796/1428/320 1797/1429/320
f 1809/1441/323 1797/1429/320 1798/1430/320
f 1810/1442/323 1798/1430/320 1799/1431/320
f 1801/1433/321 1811/1443/324 1800/1432/321
f 1802/1434/321 1812/1444/324 1801/1433/321
f 1803/1435/321 1813/1445/325 1802/1434/321
f 1804/1437/321 1814/1446/325 1803/1435/321
f 1805/1447/326 1815/1448/325 1804/1437/321
f 1817/1449/327 1805/1447/326 1806/1438/323
f 1818/1450/327 1806/1438/323 1807/1439/323
f 1819/1451/327 1807/1439/323 1808/1440/323
f 1820/1452/328 1808/1440/323 1809/1441/323
f 1821/1453/327 1809/1441/323 1810/1442/323
f 1812/1444/324 1822/1454/329 1811/1443/324
f 1813/1445/325 1823/1455/329 1812/1444/324
f 1814/1446/325 1824/1456/329 1813/1445/325
f 1815/1448/325 1825/1457/329 1814/1446/325
f 1816/1458/330 1826/1459/329 1815/1448/325
f 1828/1460/331 1816/1458/330 1817/1449/327
f 1829/1461/331 1817/1449/327 1818/1450/327
f 1830/1462/331 1818/1450/327 1819/1451/327
f 1831/1463/331 1819/1451/327 1820/1452/328
f 1832/1464/331 1820/1452/328 1821/1453/327
f 1823/1455/329 1833/1465/332 1822/1454/329
f 1824/1456/329 1834/1466/333 1823/1455/329
f 1825/1457/329 1835/1467/333 1824/1456/329
f 1826/1459/329 1836/1468/332 1825/1457/329
f 1827/1469/334 1837/1470/333 1826/1459/329
f 1839/1471/335 1827/1469/334 1828/1460/331
f 1840/1472/336 1828/1460/331 1829/1461/331
f 1841/1473/335 1829/1461/331 1830/1462/331
f 1842/1474/335 1830/1462/331 1831/1463/331
f 1843/1475/335 1831/1463/331 1832/1464/331
f 1834/1466/333 1844/1476/337 1833/1465/332
f 1835/1467/333 1845/1477/337 1834/1466/333
f 1836/1468/332 1846/1478/337 1835/1467/333
f 1837/1470/333 1847/1479/337 1836/1468/332
f 1838/1480/338 1848/1481/337 1837/1470/333
f 1850/1482/339 1838/1480/338 1839/1471/335
f 1851/1483/339 1839/1471/335 1840/1472/336
f 1852/1484/339 1840/1472/336 1841/1473/335
f 1853/1485/339 1841/1473/335 1842/1474/335
f 1854/1486/339 1842/1474/335 1843/1475/335
f 1845/1477/337 1855/1487/340 1844/1476/337
f 1846/1478/337 1856/1488/340 1845/1477/337
f 1847/1479/337 1857/1489/340 1846/1478/337
f 1848/1481/337 1858/1490/340 1847/1479/337
f 1849/1491/341 1859/1492/340 1848/1481/337
f 1861/1493/342 1849/1491/341 1850/1482/339
f 1862/1494/342 1850/1482/339 1851/1483/339
f 1863/1495/342 1851/1483/339 1852/1484/339
f 1864/1496/342 1852/1484/339 1853/1485/339
f 1865/1497/342 1853/1485/339 1854/1486/339
f 1856/1488/340 1866/1498/343 1855/1487/340
f 1857/1489/340 1867/1499/343 1856/1488/340
f 1858/1490/340 1868/1500/343 1857/1489/340
f 1859/1492/340 1869/1501/343 1858/1490/340
f 1860/1502/344 1870/1503/343 1859/1492/340
f 1872/1504/345 1860/1502/344 1861/1493/342
f 1873/1505/345 1861/1493/342 1862/1494/342
f 1874/1506/345 1862/1494/342 1863/1495/342
f 1875/1507/345 1863/1495/342 1864/1496/342
f 1876/1508/345 1864/1496/342 1865/1497/342
f 1867/1499/343 1877/1509/346 1866/1498/343
f 1868/1500/343 1878/1510/346 1867/1499/343
f 1869/1501/343 1879/1511/346 1868/1500/343
f 1870/1503/343 1880/1512/346 1869/1501/343
f 1871/1513/347 1881/1514/346 1870/1503/343
f 1883/1515/348 1871/1513/347 1872/1504/345
f 1884/1516/348 1872/1504/345 1873/1505/345
f 1885/1517/348 1873/1505/345 1874/1506/345
f 1886/1518/348 1874/1506/345 1875/1507/345
f 1887/1519/348 1875/1507/345 1876/1508/345
f 1878/1510/346 1888/1520/349 1877/1509/346
f 1879/1511/346 1889/1521/349 1878/1510/346
f 1880/1512/346 1890/1522/349 1879/1511/346
f 1881/1514/346 1891/1523/349 1880/1512/346
f 1882/1524/350 1892/1525/349 1881/1514/346
f 1894/1526/351 1882/1524/350 1883/1515/348
f 1895/1527/351 1883/1515/348 1884/1516/348
f 1896/1528/351 1884/1516/348 1885/1517/348
f 1897/1529/351 1885/1517/348 1886/1518/348
f 1898/1530/351 1886/1518/348 1887/1519/348
f 1889/1521/349 1899/1531/352 1888/1520/349
f 1890/1522/349 1900/1532/352 1889/1521/349
f 1891/1523/349 1901/1533/352 1890/1522/349
f 1892/1525/349 1902/1534/352 1891/1523/349
f 1893/1535/353 1903/1536/352 1892/1525/349
f 1905/1537/354 1893/1535/353 1894/1526/351
f 1906/1538/354 1894/1526/351 1895/1527/351
f 1907/1539/354 1895/1527/351 1896/1528/351
f 1908/1540/354 1896/1528/351 1897/1529/351
f 1909/1541/354 1897/1529/351 1898/1530/351
f 1900/1532/352 1910/1542/355 1899/1531/352
f 1901/1533/352 1911/1543/355 1900/1532/352
f 1902/1534/352 1912/1544/355 1901/1533/352
f 1903/1536/352 1913/1545/355 1902/1534/352
f 1904/1546/356 1914/1547/355 1903/1536/352
f 1916/1548/357 1904/1546/356 1905/1537/354
f 1917/1549/357 1905/1537/354 1906/1538/354
f 1918/1550/357 1906/1538/354 1907/1539/354
f 1919/1551/357 1907/1539/354 1908/1540/354
f 1920/1552/357 1908/1540/354 1909/1541/354
f 1911/1543/355 1921/1553/358 1910/1542/355
f 1912/1544/355 1922/1554/359 1911/1543/355
f 1913/1545/355 1923/1555/359 1912/1544/355
f 1914/1547/355 1924/1556/359 1913/1545/355
f 1915/1557/360 1925/1558/359 1914/1547/355
f 1927/1559/361 1915/1557/360 1916/1548/357
f 1928/1560/361 1916/1548/357 1917/1549/357
f 1929/1561/361 1917/1549/357 1918/1550/357
f 1930/1562/361 1918/1550/357 1919/1551/357
f 1931/1563/362 1919/1551/357 1920/1552/357
f 1922/1554/359 1932/1564/363 1921/1553/358
f 1923/1555/359 1933/1565/363 1922/1554/359
f 1924/1556/359 1934/1566/363 1923/1555/359
f 1925/1558/359 1935/1567/363 1924/1556/359
f 1926/1568/364 1936/1569/363 1925/1558/359
f 1938/1570/365 1926/1568/364 1927/1559/361
f 1939/1571/365 1927/1559/361 1928/1560/361
f 1940/1572/365 1928/1560/361 1929/1561/361
f 1941/1573/365 1929/1561/361 1930/1562/361
f 1942/1574/365 1930/1562/361 1931/1563/362
f 1933/1565/363 1943/1575/366 1932/1564/363
f 1934/1566/363 1944/1576/367 1933/1565/363
f 1935/1567/363 1945/1577/367 1934/1566/363
f 1936/1569/363 1946/1578/367 1935/1567/363
f 1937/1579/368 1947/1580/367 1936/1569/363
f 1949/1581/369 1937/1579/368 1938/1570/365
f 1950/1582/369 1938/1570/365 1939/1571/365
f 1951/1583/369 1939/1571/365 1940/1572/365
f 1952/1584/370 1940/1572/365 1941/1573/365
f 1953/1585/370 1941/1573/365 1942/1574/365
f 1955/1586/371 1943/1575/366 1944/1576/367
f 1956/1587/371 1944/1576/367 1945/1577/367
f 1957/1588/371 1945/1577/367 1946/1578/367
f 1958/1589/371 1946/1578/367 1947/1580/367
f 1959/1590/372 1947/1580/367 1948/1591/373
f 1949/1581/369 1959/1590/372 1948/1591/373
f 1950/1582/369 1960/1592/374 1949/1581/369
f 1951/1583/369 1961/1593/374 1950/1582/369
f 1952/1584/370 1962/1594/374 1951/1583/369
f 1953/1585/370 1963/1595/374 1952/1584/370
f 1966/1596/375 1954/1597/371 1955/1586/371
f 1967/1598/375 1955/1586/371 1956/1587/371
f 1968/1599/375 1956/1587/371 1957/1588/371
f 1969/1600/375 1957/1588/371 1958/1589/371
f 1970/1601/376 1958/1589/371 1959/1590/372
f 1960/1592/374 1970/1601/376 1959/1590/372
f 1961/1593/374 1971/1602/377 1960/1592/374
f 1962/1594/374 1972/1603/377 1961/1593/374
f 1963/1595/374 1973/1604/377 1962/1594/374
f 1964/1605/374 1974/1606/377 1963/1595/374
f 1977/1607/378 1965/1608/375 1966/1596/375
f 1978/1609/378 1966/1596/375 1967/1598/375
f 1979/1610/378 1967/1598/375 1968/1599/375
f 1980/1611/378 1968/1599/375 1969/1600/375
f 1981/1612/379 1969/1600/375 1970/1601/376
f 1971/1602/377 1981/1612/379 1970/1601/376
f 1972/1603/377 1982/1613/380 1971/1602/377
f 1973/1604/377 1983/1614/380 1972/1603/377
f 1974/1606/377 1984/1615/380 1973/1604/377
f 1975/1616/377 1985/1617/380 1974/1606/377
f 1988/1618/381 1976/1619/378 1977/1607/378
f 1989/1620/381 1977/1607/378 1978/1609/378
f 1990/1621/381 1978/1609/378 1979/1610/378
f 1991/1622/381 1979/1610/378 1980/1611/378
f 1992/1623/382 1980/1611/378 1981/1612/379
f 1982/1613/380 1992/1623/382 1981/1612/379
f 1983/1614/380 1993/1624/383 1982/1613/380
f 1984/1615/380 1994/1625/383 1983/1614/380
f 1985/1617/380 1995/1626/383 1984/1615/380
f 1986/1627/380 1996/1628/383 1985/1617/380
f 1999/1629/384 1987/1630/381 1988/1618/381
f 2000/1631/384 1988/1618/381 1989/1620/381
f 2001/1632/384 1989/1620/381 1990/1621/381
f 2002/1633/384 1990/1621/381 1991/1622/381
f 2003/1634/385 1991/1622/381 1992/1623/382
f 1993/1624/383 2003/1634/385 1992/1623/382
f 1994/1625/383 2004/1635/386 1993/1624/383
f 1995/1626/383 2005/1636/386 1994/1625/383
f 1996/1628/383 2006/1637/386 1995/1626/383
f 1997/1638/383 2007/1639/386 1996/1628/383
f 2010/1640/387 1998/1641/384 1999/1629/384
f 2011/1642/387 1999/1629/384 2000/1631/384
f 2012/1643/387 2000/1631/384 2001/1632/384
f 2013/1644/387 2001/1632/384 2002/1633/384
f 2014/1645/388 2002/1633/384 2003/1634/385
f 2004/1635/386 2014/1645/388 2003/1634/385
f 2005/1636/386 2015/1646/389 2004/1635/386
f 2006/1637/386 2016/1647/389 2005/1636/386
f 2007/1639/386 2017/1648/389 2006/1637/386
f 2008/1649/386 2018/1650/389 2007/1639/386
f 2021/1651/390 2009/1652/387 2010/1640/387
f 2022/1653/390 2010/1640/387 2011/1642/387
f 2023/1654/390 2011/1642/387 2012/1643/387
f 2024/1655/390 2012/1643/387 2013/1644/387
f 2025/1656/391 2013/1644/387 2014/1645/388
f 2015/1646/389 2025/1656/391 2014/1645/388
f 2016/1647/389 2026/1657/392 2015/1646/389
f 2017/1648/389 2027/1658/392 2016/1647/389
f 2018/1650/389 2028/1659/392 2017/1648/389
f 2019/1660/389 2029/1661/392 2018/1650/389
f 2032/1662/393 2020/1663/390 2021/1651/390
f 2033/1664/393 2021/1651/390 2022/1653/390
f 2034/1665/393 2022/1653/390 2023/1654/390
f 2035/1666/393 2023/1654/390 2024/1655/390
f 2036/1667/394 2024/1655/390 2025/1656/391
f 2026/1657/392 2036/1667/394 2025/1656/391
f 2027/1658/392 2037/1668/395 2026/1657/392
f 2028/1659/392 2038/1669/395 2027/1658/392
f 2029/1661/392 2039/1670/395 2028/1659/392
f 2030/1671/392 2040/1672/395 2029/1661/392
f 2032/1662/393 2042/1673/396 2031/1674/393
f 2033/1664/393 2043/1675/397 2032/1662/393
f 2034/1665/393 2044/1676/397 2033/1664/393
f 2035/1666/393 2045/1677/396 2034/1665/393
f 2036/1667/394 2046/1678/397 2035/1666/393
f 2048/1679/398 2036/1667/394 2037/1668/395
f 2049/1680/399 2037/1668/395 2038/1669/395
f 2050/1681/399 2038/1669/395 2039/1670/395
f 2051/1682/398 2039/1670/395 2040/1672/395
f 2052/1683/399 2040/1672/395 2041/1684/395
f 2043/1675/397 2053/1685/400 2042/1673/396
f 2044/1676/397 2054/1686/400 2043/1675/397
f 2045/1677/396 2055/1687/400 2044/1676/397
f 2046/1678/397 2056/1688/400 2045/1677/396
f 2047/1689/401 2057/1690/400 2046/1678/397
f 2059/1691/402 2047/1689/401 2048/1679/398
f 2060/1692/402 2048/1679/398 2049/1680/399
f 2061/1693/402 2049/1680/399 2050/1681/399
f 2062/1694/402 2050/1681/399 2051/1682/398
f 2063/1695/402 2051/1682/398 2052/1683/399
f 2054/1686/400 2064/1696/403 2053/1685/400
f 2055/1687/400 2065/1697/403 2054/1686/400
f 2056/1688/400 2066/1698/403 2055/1687/400
f 2057/1690/400 2067/1699/403 2056/1688/400
f 2058/1700/404 2068/1701/403 2057/1690/400
f 2070/1702/405 2058/1700/404 2059/1691/402
f 2071/1703/405 2059/1691/402 2060/1692/402
f 2072/1704/405 2060/1692/402 2061/1693/402
f 2073/1705/405 2061/1693/402 2062/1694/402
f 2074/1706/405 2062/1694/402 2063/1695/402
f 2065/1697/403 2075/1707/406 2064/1696/403
f 2066/1698/403 2076/1708/406 2065/1697/403
f 2067/1699/403 2077/1709/406 2066/1698/403
f 2068/1701/403 2078/1710/406 2067/1699/403
f 2069/1711/407 2079/1712/406 2068/1701/403
f 2081/1713/408 2069/1711/407 2070/1702/405
f 2082/1714/408 2070/1702/405 2071/1703/405
f 2083/1715/408 2071/1703/405 2072/1704/405
f 2084/1716/408 2072/1704/405 2073/1705/405
f 2085/1717/408 2073/1705/405 2074/1706/405
f 2076/1708/406 2086/1718/409 2075/1707/406
f 2077/1709/406 2087/1719/409 2076/1708/406
f 2078/1710/406 2088/1720/409 2077/1709/406
f 2079/1712/406 2089/1721/409 2078/1710/406
f 2080/1722/410 2090/1723/409 2079/1712/406
f 2092/1724/411 2080/1722/410 2081/1713/408
f 2093/1725/411 2081/1713/408 2082/1714/408
f 2094/1726/411 2082/1714/408 2083/1715/408
f 2095/1727/411 2083/1715/408 2084/1716/408
f 2096/1728/411 2084/1716/408 2085/1717/408
f 2087/1719/409 2097/1729/412 2086/1718/409
f 2088/1720/409 2098/1730/412 2087/1719/409
f 2089/1721/409 2099/1731/412 2088/1720/409
f 2090/1723/409 2100/1732/412 2089/1721/409
f 2091/1733/413 2101/1734/412 2090/1723/409
f 2103/1735/414 2091/1733/413 2092/1724/411
f 2104/1736/414 2092/1724/411 2093/1725/411
f 2105/1737/414 2093/1725/411 2094/1726/411
f 2106/1738/414 2094/1726/411 2095/1727/411
f 2107/1739/414 2095/1727/411 2096/1728/411
f 2109/1740/415 2097/1729/412 2098/1730/412
f 2110/1741/415 2098/1730/412 2099/1731/412
f 2111/1742/415 2099/1731/412 2100/1732/412
f 2112/1743/415 2100/1732/412 2101/1734/412
f 2113/1744/416 2101/1734/412 2102/1745/417
f 2103/1735/414 2113/1744/416 2102/1745/417
f 2104/1736/414 2114/1746/418 2103/1735/414
f 2105/1737/414 2115/1747/418 2104/1736/414
f 2106/1738/414 2116/1748/418 2105/1737/414
f 2107/1739/414 2117/1749/418 2106/1738/414
f 2120/1750/419 2108/1751/415 2109/1740/415
f 2121/1752/420 2109/1740/415 2110/1741/415
f 2122/1753/419 2110/1741/415 2111/1742/415
f 2123/1754/419 2111/1742/415 2112/1743/415
f 2124/1755/421 2112/1743/415 2113/1744/416
f 2114/1746/418 2124/1755/421 2113/1744/416
f 2115/1747/418 2125/1756/422 2114/1746/418
f 2116/1748/418 2126/1757/422 2115/1747/418
f 2117/1749/418 2127/1758/422 2116/1748/418
f 2118/1759/418 2128/1760/422 2117/1749/418
f 2131/1761/423 2119/1762/419 2120/1750/419
f 2132/1763/423 2120/1750/419 2121/1752/420
f 2133/1764/423 2121/1752/420 2122/1753/419
f 2134/1765/423 2122/1753/419 2123/1754/419
f 2135/1766/424 2123/1754/419 2124/1755/421
f 2125/1756/422 2135/1766/424 2124/1755/421
f 2126/1757/422 2136/1767/425 2125/1756/422
f 2127/1758/422 2137/1768/425 2126/1757/422
f 2128/1760/422 2138/1769/425 2127/1758/422
f 2129/1770/422 2139/1771/425 2128/1760/422
f 2142/1772/426 2130/1773/427 2131/1761/423
f 2143/1774/426 2131/1761/423 2132/1763/423
f 2144/1775/426 2132/1763/423 2133/1764/423
f 2145/1776/426 2133/1764/423 2134/1765/423
f 2146/1777/428 2134/1765/423 2135/1766/424
f 2136/1767/425 2146/1777/428 2135/1766/424
f 2137/1768/425 2147/1778/429 2136/1767/425
f 2138/1769/425 2148/1779/429 2137/1768/425
f 2139/1771/425 2149/1780/429 2138/1769/425
f 2140/1781/425 2150/1782/430 2139/1771/425
f 2153/1783/431 2141/1784/426 2142/1772/426
f 2154/1785/431 2142/1772/426 2143/1774/426
f 2155/1786/432 2143/1774/426 2144/1775/426
f 2156/1787/431 2144/1775/426 2145/1776/426
f 2157/1788/433 2145/1776/426 2146/1777/428
f 2147/1778/429 2157/1788/433 2146/1777/428
f 2148/1779/429 2158/1789/434 2147/1778/429
f 2149/1780/429 2159/1790/435 2148/1779/429
f 2150/1782/430 2160/1791/434 2149/1780/429
f 2151/1792/430 2161/1793/434 2150/1782/430
f 2164/1794/436 2152/1795/432 2153/1783/431
f 2165/1796/436 2153/1783/431 2154/1785/431
f 2166/1797/436 2154/1785/431 2155/1786/432
f 2167/1798/437 2155/1786/432 2156/1787/431
f 2168/1799/438 2156/1787/431 2157/1788/433
f 2158/1789/434 2168/1799/438 2157/1788/433
f 2159/1790/435 2169/1800/439 2158/1789/434
f 2160/1791/434 2170/1801/439 2159/1790/435
f 2161/1793/434 2171/1802/440 2160/1791/434
f 2162/1803/435 2172/1804/439 2161/1793/434
f 2175/1805/441 2163/1806/436 2164/1794/436
f 2176/1807/442 2164/1794/436 2165/1796/436
f 2177/1808/441 2165/1796/436 2166/1797/436
f 2178/1809/441 2166/1797/436 2167/1798/437
f 2179/1810/443 2167/1798/437 2168/1799/438
f 2169/1800/439 2179/1810/443 2168/1799/438
f 2170/1801/439 2180/1811/444 2169/1800/439
f 2171/1802/440 2181/1812/444 2170/1801/439
f 2172/1804/439 2182/1813/444 2171/1802/440
f 2173/1814/439 2183/1815/444 2172/1804/439
f 2186/1816/445 2174/1817/441 2175/1805/441
f 2187/1818/445 2175/1805/441 2176/1807/442
f 2188/1819/445 2176/1807/442 2177/1808/441
f 2189/1820/446 2177/1808/441 2178/1809/441
f 2190/1821/447 2178/1809/441 2179/1810/443
f 2180/1811/444 2190/1821/447 2179/1810/443
f 2181/1812/444 2191/1822/448 2180/1811/444
f 2182/1813/444 2192/1823/448 2181/1812/444
f 2183/1815/444 2193/1824/449 2182/1813/444
f 2184/1825/444 2194/1826/450 2183/1815/444
f 2197/1827/451 2185/1828/452 2186/1816/445
f 2198/1829/451 2186/1816/445 2187/1818/445
f 2199/1830/453 2187/1818/445 2188/1819/445
f 2200/1831/453 2188/1819/445 2189/1820/446
f 2201/1832/454 2189/1820/446 2190/1821/447
f 2191/1822/448 2201/1832/454 2190/1821/447
f 2192/1823/448 2202/1833/455 2191/1822/448
f 2193/1824/449 2203/1834/455 2192/1823/448
f 2194/1826/450 2204/1835/456 2193/1824/449
f 2195/1836/449 2205/1837/455 2194/1826/450
f 2208/1838/457 2196/1839/451 2197/1827/451
f 2209/1840/458 2197/1827/451 2198/1829/451
f 2210/1841/458 2198/1829/451 2199/1830/453
f 2211/1842/457 2199/1830/453 2200/1831/453
f 2212/1843/459 2200/1831/453 2201/1832/454
f 2213/1844/460 2201/1832/454 2202/1833/455
f 2203/1834/455 2213/1844/460 2202/1833/455
f 2215/1845/461 2203/1834/455 2204/1835/456
f 2205/1837/455 2215/1845/461 2204/1835/456
f 2206/1846/456 2216/1847/460 2205/1837/455
f 2208/1838/457 2218/1848/462 2207/1849/457
f 2209/1840/458 2219/1850/462 2208/1838/457
f 2210/1841/458 2220/1851/463 2209/1840/458
f 2211/1842/457 2221/1852/462 2210/1841/458
f 2212/1843/459 2222/1853/462 2211/1842/457
f 2224/1854/464 2212/1843/459 2213/1844/460
f 2225/1855/464 2213/1844/460 2214/1856/461
f 2226/1857/465 2214/1856/461 2215/1845/461
f 2227/1858/464 2215/1845/461 2216/1847/460
f 2228/1859/464 2216/1847/460 2217/1860/460
f 2230/1861/466 2218/1848/462 2219/1850/462
f 2231/1862/466 2219/1850/462 2220/1851/463
f 2232/1863/466 2220/1851/463 2221/1852/462
f 2233/1864/467 2221/1852/462 2222/1853/462
f 2234/1865/468 2222/1853/462 2223/1866/469
f 2224/1854/464 2234/1865/468 2223/1866/469
f 2225/1855/464 2235/1867/470 2224/1854/464
f 2226/1857/465 2236/1868/470 2225/1855/464
f 2227/1858/464 2237/1869/471 2226/1857/465
f 2228/1859/464 2238/1870/470 2227/1858/464
f 2241/1871/472 2229/1872/466 2230/1861/466
f 2242/1873/472 2230/1861/466 2231/1862/466
f 2243/1874/472 2231/1862/466 2232/1863/466
f 2244/1875/472 2232/1863/466 2233/1864/467
f 2245/1876/473 2233/1864/467 2234/1865/468
f 2235/1867/470 2245/1876/473 2234/1865/468
f 2236/1868/470 2246/1877/474 2235/1867/470
f 2237/1869/471 2247/1878/475 2236/1868/470
f 2238/1870/470 2248/1879/474 2237/1869/471
f 2239/1880/471 2249/1881/474 2238/1870/470
f 2252/1882/476 2240/1883/477 2241/1871/472
f 2253/1884/478 2241/1871/472 2242/1873/472
f 2254/1885/478 2242/1873/472 2243/1874/472
f 2255/1886/478 2243/1874/472 2244/1875/472
f 2256/1887/479 2244/1875/472 2245/1876/473
f 2246/1877/474 2256/1887/479 2245/1876/473
f 2247/1878/475 2257/1888/480 2246/1877/474
f 2248/1879/474 2258/1889/480 2247/1878/475
f 2249/1881/474 2259/1890/480 2248/1879/474
f 2250/1891/475 2260/1892/480 2249/1881/474
f 2263/1893/481 2251/1894/476 2252/1882/476
f 2264/1895/481 2252/1882/476 2253/1884/478
f 2265/1896/481 2253/1884/478 2254/1885/478
f 2266/1897/481 2254/1885/478 2255/1886/478
f 2267/1898/482 2255/1886/478 2256/1887/479
f 2257/1888/480 2267/1898/482 2256/1887/479
f 2258/1889/480 2268/1899/483 2257/1888/480
f 2259/1890/480 2269/1900/483 2258/1889/480
f 2260/1892/480 2270/1901/483 2259/1890/480
f 2261/1902/484 2271/1903/483 2260/1892/480
f 2274/1904/485 2262/1905/486 2263/1893/481
f 2275/1906/485 2263/1893/481 2264/1895/481
f 2276/1907/485 2264/1895/481 2265/1896/481
f 2277/1908/485 2265/1896/481 2266/1897/481
f 2278/1909/487 2266/1897/481 2267/1898/482
f 2268/1899/483 2278/1909/487 2267/1898/482
f 2269/1900/483 2279/1910/488 2268/1899/483
f 2270/1901/483 2280/1911/488 2269/1900/483
f 2271/1903/483 2281/1912/489 2270/1901/483
f 2272/1913/483 2282/1914/488 2271/1903/483
f 2285/1915/490 2273/1916/485 2274/1904/485
f 2286/1917/491 2274/1904/485 2275/1906/485
f 2287/1918/491 2275/1906/485 2276/1907/485
f 2288/1919/491 2276/1907/485 2277/1908/485
f 2289/1920/492 2277/1908/485 2278/1909/487
f 2279/1910/488 2289/1920/492 2278/1909/487
f 2280/1911/488 2290/1921/493 2279/1910/488
f 2281/1912/489 2291/1922/493 2280/1911/488
f 2282/1914/488 2292/1923/493 2281/1912/489
f 2283/1924/488 2293/1925/494 2282/1914/488
f 2296/1926/495 2284/1927/491 2285/1915/490
f 2297/1928/495 2285/1915/490 2286/1917/491
f 2298/1929/495 2286/1917/491 2287/1918/491
f 2299/1930/495 2287/1918/491 2288/1919/491
f 2300/1931/496 2288/1919/491 2289/1920/492
f 2290/1921/493 2300/1931/496 2289/1920/492
f 2291/1922/493 2301/1932/497 2290/1921/493
f 2292/1923/493 2302/1933/497 2291/1922/493
f 2293/1925/494 2303/1934/497 2292/1923/493
f 2294/1935/493 2304/1936/497 2293/1925/494
f 2307/1937/498 2295/1938/495 2296/1926/495
f 2308/1939/498 2296/1926/495 2297/1928/495
f 2309/1940/498 2297/1928/495 2298/1929/495
f 2310/1941/499 2298/1929/495 2299/1930/495
f 2311/1942/500 2299/1930/495 2300/1931/496
f 2301/1932/497 2311/1942/500 2300/1931/496
f 2302/1933/497 2312/1943/501 2301/1932/497
f 2303/1934/497 2313/1944/501 2302/1933/497
f 2304/1936/497 2314/1945/502 2303/1934/497
f 2305/1946/497 2315/1947/502 2304/1936/497
f 2318/1948/503 2306/1949/498 2307/1937/498
f 2319/1950/503 2307/1937/498 2308/1939/498
f 2320/1951/503 2308/1939/498 2309/1940/498
f 2321/1952/503 2309/1940/498 2310/1941/499
f 2322/1953/504 2310/1941/499 2311/1942/500
f 2312/1943/501 2322/1953/504 2311/1942/500
f 2313/1944/501 2323/1954/505 2312/1943/501
f 2314/1945/502 2324/1955/505 2313/1944/501
f 2315/1947/502 2325/1956/505 2314/1945/502
f 2316/1957/501 2326/1958/505 2315/1947/502
f 2329/1959/506 2317/1960/503 2318/1948/503
f 2330/1961/506 2318/1948/503 2319/1950/503
f 2331/1962/506 2319/1950/503 2320/1951/503
f 2332/1963/506 2320/1951/503 2321/1952/503
f 2333/1964/507 2321/1952/503 2322/1953/504
f 2323/1954/505 2333/1964/507 2322/1953/504
f 2324/1955/505 2334/1965/508 2323/1954/505
f 2325/1956/505 2335/1966/508 2324/1955/505
f 2326/1958/505 2336/1967/508 2325/1956/505
f 2327/1968/505 2337/1969/508 2326/1958/505
f 2340/1970/509 2328/1971/506 2329/1959/506
f 2341/1972/510 2329/1959/506 2330/1961/506
f 2342/1973/509 2330/1961/506 2331/1962/506
f 2343/1974/509 2331/1962/506 2332/1963/506
f 2344/1975/511 2332/1963/506 2333/1964/507
f 2334/1965/508 2344/1975/511 2333/1964/507
f 2335/1966/508 2345/1976/512 2334/1965/508
f 2336/1967/508 2346/1977/512 2335/1966/508
f 2337/1969/508 2347/1978/513 2336/1967/508
f 2338/1979/508 2348/1980/513 2337/1969/508
f 2340/1970/509 2350/1981/514 2339/1982/509
f 2341/1972/510 2351/1983/514 2340/1970/509
f 2342/1973/509 2352/1984/514 2341/1972/510
f 2343/1974/509 2353/1985/514 2342/1973/509
f 2344/1975/511 2354/1986/514 2343/1974/509
f 2356/1987/515 2344/1975/511 2345/1976/512
f 2357/1988/515 2345/1976/512 2346/1977/512
f 2358/1989/515 2346/1977/512 2347/1978/513
f 2359/1990/515 2347/1978/513 2348/1980/513
f 2360/1991/515 2348/1980/513 2349/1992/512
f 2351/1983/514 2361/1993/516 2350/1981/514
f 2352/1984/514 2362/1994/516 2351/1983/514
f 2353/1985/514 2363/1995/516 2352/1984/514
f 2354/1986/514 2364/1996/516 2353/1985/514
f 2355/1997/517 2365/1998/516 2354/1986/514
f 2367/1999/518 2355/1997/517 2356/1987/515
f 2368/2000/518 2356/1987/515 2357/1988/515
f 2369/2001/518 2357/1988/515 2358/1989/515
f 2370/2002/518 2358/1989/515 2359/1990/515
f 2371/2003/518 2359/1990/515 2360/1991/515
f 2362/1994/516 2372/2004/519 2361/1993/516
f 2363/1995/516 2373/2005/519 2362/1994/516
f 2364/1996/516 2374/2006/519 2363/1995/516
f 2365/1998/516 2375/2007/519 2364/1996/516
f 2366/2008/520 2376/2009/519 2365/1998/516
f 2378/2010/521 2366/2008/520 2367/1999/518
f 2379/2011/521 2367/1999/518 2368/2000/518
f 2380/2012/521 2368/2000/518 2369/2001/518
f 2381/2013/521 2369/2001/518 2370/2002/518
f 2382/2014/521 2370/2002/518 2371/2003/518
f 2373/2005/519 2383/2015/522 2372/2004/519
f 2374/2006/519 2384/2016/522 2373/2005/519
f 2375/2007/519 2385/2017/522 2374/2006/519
f 2376/2009/519 2386/2018/522 2375/2007/519
f 2377/2019/523 2387/2020/522 2376/2009/519
f 2389/2021/524 2377/2019/523 2378/2010/521
f 2390/2022/524 2378/2010/521 2379/2011/521
f 2391/2023/524 2379/2011/521 2380/2012/521
f 2392/2024/524 2380/2012/521 2381/2013/521
f 2393/2025/524 2381/2013/521 2382/2014/521
f 2384/2016/522 2394/2026/525 2383/2015/522
f 2385/2017/522 2395/2027/525 2384/2016/522
f 2386/2018/522 2396/2028/525 2385/2017/522
f 2387/2020/522 2397/2029/525 2386/2018/522
f 2388/2030/526 2398/2031/525 2387/2020/522
f 2400/2032/527 2388/2030/526 2389/2021/524
f 2401/2033/527 2389/2021/524 2390/2022/524
f 2402/2034/527 2390/2022/524 2391/2023/524
f 2403/2035/527 2391/2023/524 2392/2024/524
f 2404/2036/527 2392/2024/524 2393/2025/524
f 2395/2027/525 2405/2037/528 2394/2026/525
f 2396/2028/525 2406/2038/528 2395/2027/525
f 2397/2029/525 2407/2039/528 2396/2028/525
f 2398/2031/525 2408/2040/528 2397/2029/525
f 2399/2041/529 2409/2042/528 2398/2031/525
f 2411/2043/530 2399/2041/529 2400/2032/527
f 2412/2044/530 2400/2032/527 2401/2033/527
f 2413/2045/530 2401/2033/527 2402/2034/527
f 2414/2046/530 2402/2034/527 2403/2035/527
f 2415/2047/530 2403/2035/527 2404/2036/527
f 2406/2038/528 2416/2048/531 2405/2037/528
f 2407/2039/528 2417/2049/531 2406/2038/528
f 2408/2040/528 2418/2050/531 2407/2039/528
f 2409/2042/528 2419/2051/531 2408/2040/528
f 2410/2052/532 2420/2053/531 2409/2042/528
f 2422/2054/533 2410/2052/532 2411/2043/530
f 2423/2055/533 2411/2043/530 2412/2044/530
f 2424/2056/533 2412/2044/530 2413/2045/530
f 2425/2057/533 2413/2045/530 2414/2046/530
f 2426/2058/533 2414/2046/530 2415/2047/530
f 2417/2049/531 2427/2059/534 2416/2048/531
f 2418/2050/531 2428/2060/534 2417/2049/531
f 2419/2051/531 2429/2061/534 2418/2050/531
f 2420/2053/531 2430/2062/534 2419/2051/531
f 2421/2063/535 2431/2064/534 2420/2053/531
f 2433/2065/536 2421/2063/535 2422/2054/533
f 2434/2066/536 2422/2054/533 2423/2055/533
f 2435/2067/536 2423/2055/533 2424/2056/533
f 2436/2068/536 2424/2056/533 2425/2057/533
f 2437/2069/536 2425/2057/533 2426/2058/533
f 2428/2060/534 2438/2070/537 2427/2059/534
f 2429/2061/534 2439/2071/537 2428/2060/534
f 2430/2062/534 2440/2072/537 2429/2061/534
f 2431/2064/534 2441/2073/537 2430/2062/534
f 2432/2074/538 2442/2075/537 2431/2064/534
f 2444/2076/539 2432/2074/538 2433/2065/536
f 2445/2077/539 2433/2065/536 2434/2066/536
f 2446/2078/539 2434/2066/536 2435/2067/536
f 2447/2079/539 2435/2067/536 2436/2068/536
f 2448/2080/539 2436/2068/536 2437/2069/536
f 2439/2071/537 2449/2081/540 2438/2070/537
f 2440/2072/537 2450/2082/540 2439/2071/537
f 2441/2073/537 2451/2083/540 2440/2072/537
f 2442/2075/537 2452/2084/540 2441/2073/537
f 2443/2085/541 2453/2086/540 2442/2075/537
f 2455/2087/542 2443/2085/541 2444/2076/539
f 2456/2088/542 2444/2076/539 2445/2077/539
f 2457/2089/542 2445/2077/539 2446/2078/539
f 2458/2090/542 2446/2078/539 2447/2079/539
f 2459/2091/542 2447/2079/539 2448/2080/539
f 2450/2082/540 2460/2092/543 2449/2081/540
f 2451/2083/540 2461/2093/543 2450/2082/540
f 2452/2084/540 2462/2094/543 2451/2083/540
f 2453/2086/540 2463/2095/543 2452/2084/540
f 2454/2096/544 2464/2097/543 2453/2086/540
f 2466/2098/545 2454/2096/544 2455/2087/542
f 2467/2099/545 2455/2087/542 2456/2088/542
f 2468/2100/545 2456/2088/542 2457/2089/542
f 2469/2101/545 2457/2089/542 2458/2090/542
f 2470/2102/545 2458/2090/542 2459/2091/542
f 2461/2093/543 2471/2103/546 2460/2092/543
f 2462/2094/543 2472/2104/547 2461/2093/543
f 2463/2095/543 2473/2105/547 2462/2094/543
f 2464/2097/543 2474/2106/547 2463/2095/543
f 2465/2107/548 2475/2108/546 2464/2097/543
f 2477/2109/549 2465/2107/548 2466/2098/545
f 2478/2110/550 2466/2098/545 2467/2099/545
f 2479/2111/550 2467/2099/545 2468/2100/545
f 2480/2112/549 2468/2100/545 2469/2101/545
f 2481/2113/549 2469/2101/545 2470/2102/545
f 2472/2104/547 2482/2114/551 2471/2103/546
f 2473/2105/547 2483/2115/551 2472/2104/547
f 2474/2106/547 2484/2116/551 2473/2105/547
f 2475/2108/546 2485/2117/551 2474/2106/547
f 2476/2118/552 2486/2119/551 2475/2108/546
f 2488/2120/553 2476/2118/552 2477/2109/549
f 2489/2121/553 2477/2109/549 2478/2110/550
f 2490/2122/553 2478/2110/550 2479/2111/550
f 2491/2123/553 2479/2111/550 2480/2112/549
f 2492/2124/553 2480/2112/549 2481/2113/549
f 2483/2115/551 2493/2125/554 2482/2114/551
f 2484/2116/551 2494/2126/554 2483/2115/551
f 2485/2117/551 2495/2127/554 2484/2116/551
f 2486/2119/551 2496/2128/554 2485/2117/551
f 2487/2129/555 2497/2130/554 2486/2119/551
f 2499/2131/556 2487/2129/555 2488/2120/553
f 2500/2132/556 2488/2120/553 2489/2121/553
f 2501/2133/556 2489/2121/553 2490/2122/553
f 2502/2134/556 2490/2122/553 2491/2123/553
f 2503/2135/556 2491/2123/553 2492/2124/553
f 2505/2136/557 2493/2125/554 2494/2126/554
f 2506/2137/557 2494/2126/554 2495/2127/554
f 2507/2138/557 2495/2127/554 2496/2128/554
f 2508/2139/557 2496/2128/554 2497/2130/554
f 2509/2140/558 2497/2130/554 2498/2141/559
f 2499/2131/556 2509/2140/558 2498/2141/559
f 2500/2132/556 2510/2142/560 2499/2131/556
f 2501/2133/556 2511/2143/560 2500/2132/556
f 2502/2134/556 2512/2144/560 2501/2133/556
f 2503/2135/556 2513/2145/560 2502/2134/556
f 2505/2136/557 2515/2146/561 2504/2147/557
f 2506/2137/557 2516/2148/561 2505/2136/557
f 2507/2138/557 2517/2149/561 2506/2137/557
f 2508/2139/557 2518/2150/561 2507/2138/557
f 2509/2140/558 2519/2151/561 2508/2139/557
f 2521/2152/562 2509/2140/558 2510/2142/560
f 2522/2153/562 2510/2142/560 2511/2143/560
f 2523/2154/562 2511/2143/560 2512/2144/560
f 2524/2155/562 2512/2144/560 2513/2145/560
f 2525/2156/562 2513/2145/560 2514/2157/560
f 2516/2148/561 2526/2158/563 2515/2146/561
f 2517/2149/561 2527/2159/563 2516/2148/561
f 2518/2150/561 2528/2160/564 2517/2149/561
f 2519/2151/561 2529/2161/564 2518/2150/561
f 2520/2162/565 2530/2163/564 2519/2151/561
f 2532/2164/566 2520/2162/565 2521/2152/562
f 2533/2165/566 2521/2152/562 2522/2153/562
f 2534/2166/566 2522/2153/562 2523/2154/562
f 2535/2167/567 2523/2154/562 2524/2155/562
f 2536/2168/567 2524/2155/562 2525/2156/562
f 2527/2159/563 2537/2169/568 2526/2158/563
f 2528/2160/564 2538/2170/568 2527/2159/563
f 2529/2161/564 2539/2171/568 2528/2160/564
f 2530/2163/564 2540/2172/568 2529/2161/564
f 2531/2173/569 2541/2174/568 2530/2163/564
f 2543/2175/570 2531/2173/569 2532/2164/566
f 2544/2176/570 2532/2164/566 2533/2165/566
f 2545/2177/570 2533/2165/566 2534/2166/566
f 2546/2178/570 2534/2166/566 2535/2167/567
f 2547/2179/570 2535/2167/567 2536/2168/567
f 2538/2170/568 2548/2180/571 2537/2169/568
f 2539/2171/568 2549/2181/571 2538/2170/568
f 2540/2172/568 2550/2182/571 2539/2171/568
f 2541/2174/568 2551/2183/571 2540/2172/568
f 2542/2184/572 2552/2185/571 2541/2174/568
f 2554/2186/573 2542/2184/572 2543/2175/570
f 2555/2187/573 2543/2175/570 2544/2176/570
f 2556/2188/573 2544/2176/570 2545/2177/570
f 2557/2189/573 2545/2177/570 2546/2178/570
f 2558/2190/573 2546/2178/570 2547/2179/570
f 2549/2181/571 2559/2191/574 2548/2180/571
f 2550/2182/571 2560/2192/574 2549/2181/571
f 2551/2183/571 2561/2193/574 2550/2182/571
f 2552/2185/571 2562/2194/574 2551/2183/571
f 2553/2195/575 2563/2196/574 2552/2185/571
f 2565/2197/576 2553/2195/575 2554/2186/573
f 2566/2198/576 2554/2186/573 2555/2187/573
f 2567/2199/576 2555/2187/573 2556/2188/573
f 2568/2200/576 2556/2188/573 2557/2189/573
f 2569/2201/576 2557/2189/573 2558/2190/573
f 2560/2192/574 2570/2202/577 2559/2191/574
f 2561/2193/574 2571/2203/577 2560/2192/574
f 2562/2194/574 2572/2204/577 2561/2193/574
f 2563/2196/574 2573/2205/577 2562/2194/574
f 2564/2206/578 2574/2207/577 2563/2196/574
f 2576/2208/579 2564/2206/578 2565/2197/576
f 2577/2209/579 2565/2197/576 2566/2198/576
f 2578/2210/579 2566/2198/576 2567/2199/576
f 2579/2211/579 2567/2199/576 2568/2200/576
f 2580/2212/579 2568/2200/576 2569/2201/576
f 2571/2203/577 2581/2213/580 2570/2202/577
f 2572/2204/577 2582/2214/580 2571/2203/577
f 2573/2205/577 2583/2215/580 2572/2204/577
f 2574/2207/577 2584/2216/580 2573/2205/577
f 2575/2217/581 2585/2218/580 2574/2207/577
f 2587/2219/582 2575/2217/581 2576/2208/579
f 2588/2220/582 2576/2208/579 2577/2209/579
f 2589/2221/582 2577/2209/579 2578/2210/579
f 2590/2222/582 2578/2210/579 2579/2211/579
f 2591/2223/582 2579/2211/579 2580/2212/579
f 2582/2214/580 2592/2224/583 2581/2213/580
f 2583/2215/580 2593/2225/583 2582/2214/580
f 2584/2216/580 2594/2226/583 2583/2215/580
f 2585/2218/580 2595/2227/583 2584/2216/580
f 2586/2228/584 2596/2229/583 2585/2218/580
f 2598/2230/585 2586/2228/584 2587/2219/582
f 2599/2231/585 2587/2219/582 2588/2220/582
f 2600/2232/585 2588/2220/582 2589/2221/582
f 2601/2233/585 2589/2221/582 2590/2222/582
f 2602/2234/585 2590/2222/582 2591/2223/582
f 2593/2225/583 2603/2235/586 2592/2224/583
f 2594/2226/583 2604/2236/586 2593/2225/583
f 2595/2227/583 2605/2237/586 2594/2226/583
f 2596/2229/583 2606/2238/586 2595/2227/583
f 2597/2239/587 2607/2240/586 2596/2229/583
f 2609/2241/588 2597/2239/587 2598/2230/585
f 2610/2242/588 2598/2230/585 2599/2231/585
f 2611/2243/588 2599/2231/585 2600/2232/585
f 2612/2244/588 2600/2232/585 2601/2233/585
f 2613/2245/588 2601/2233/585 2602/2234/585
f 2604/2236/586 2614/2246/589 2603/2235/586
f 2605/2237/586 2615/2247/589 2604/2236/586
f 2606/2238/586 2616/2248/589 2605/2237/586
f 2607/2240/586 2617/2249/589 2606/2238/586
f 2608/2250/590 2618/2251/589 2607/2240/586
f 2620/2252/591 2608/2250/590 2609/2241/588
f 2621/2253/591 2609/2241/588 2610/2242/588
f 2622/2254/591 2610/2242/588 2611/2243/588
f 2623/2255/591 2611/2243/588 2612/2244/588
f 2624/2256/591 2612/2244/588 2613/2245/588
f 2615/2247/589 2625/2257/592 2614/2246/589
f 2616/2248/589 2626/2258/592 2615/2247/589
f 2617/2249/589 2627/2259/592 2616/2248/589
f 2618/2251/589 2628/2260/593 2617/2249/589
f 2619/2261/594 2629/2262/593 2618/2251/589
f 2631/2263/595 2619/2261/594 2620/2252/591
f 2632/2264/596 2620/2252/591 2621/2253/591
f 2633/2265/596 2621/2253/591 2622/2254/591
f 2634/2266/596 2622/2254/591 2623/2255/591
f 2635/2267/596 2623/2255/591 2624/2256/591
f 2626/2258/592 2636/2268/597 2625/2257/592
f 2627/2259/592 2637/2269/597 2626/2258/592
f 2628/2260/593 2638/2270/597 2627/2259/592
f 2629/2262/593 2639/2271/597 2628/2260/593
f 2630/2272/598 2640/2273/597 2629/2262/593
f 2642/2274/599 2630/2272/598 2631/2263/595
f 2643/2275/599 2631/2263/595 2632/2264/596
f 2644/2276/599 2632/2264/596 2633/2265/596
f 2645/2277/599 2633/2265/596 2634/2266/596
f 2646/2278/599 2634/2266/596 2635/2267/596
f 2637/2269/597 2647/2279/600 2636/2268/597
f 2638/2270/597 2648/2280/600 2637/2269/597
f 2639/2271/597 2649/2281/600 2638/2270/597
f 2640/2273/597 2650/2282/600 2639/2271/597
f 2641/2283/601 2651/2284/600 2640/2273/597
f 2653/2285/602 2641/2283/601 2642/2274/599
f 2654/2286/602 2642/2274/599 2643/2275/599
f 2655/2287/602 2643/2275/599 2644/2276/599
f 2656/2288/602 2644/2276/599 2645/2277/599
f 2657/2289/602 2645/2277/599 2646/2278/599
f 2648/2280/600 2658/2290/603 2647/2279/600
f 2649/2281/600 2659/2291/603 2648/2280/600
f 2650/2282/600 2660/2292/603 2649/2281/600
f 2651/2284/600 2661/2293/603 2650/2282/600
f 2652/2294/604 2662/2295/603 2651/2284/600
f 2664/2296/605 2652/2294/604 2653/2285/602
f 2665/2297/605 2653/2285/602 2654/2286/602
f 2666/2298/605 2654/2286/602 2655/2287/602
f 2667/2299/605 2655/2287/602 2656/2288/602
f 2668/2300/605 2656/2288/602 2657/2289/602
f 2659/2291/603 2669/2301/606 2658/2290/603
f 2660/2292/603 2670/2302/606 2659/2291/603
f 2661/2293/603 2671/2303/606 2660/2292/603
f 2662/2295/603 2672/2304/606 2661/2293/603
f 2663/2305/607 2673/2306/606 2662/2295/603
f 2675/2307/608 2663/2305/607 2664/2296/605
f 2676/2308/608 2664/2296/605 2665/2297/605
f 2677/2309/608 2665/2297/605 2666/2298/605
f 2678/2310/608 2666/2298/605 2667/2299/605
f 2679/2311/608 2667/2299/605 2668/2300/605
f 2681/2312/609 2669/2301/606 2670/2302/606
f 2682/2313/609 2670/2302/606 2671/2303/606
f 2683/2314/609 2671/2303/606 2672/2304/606
f 2684/2315/609 2672/2304/606 2673/2306/606
f 2685/2316/610 2673/2306/606 2674/2317/611
f 2675/2307/608 2685/2316/610 2674/2317/611
f 2676/2308/608 2686/2318/612 2675/2307/608
f 2677/2309/608 2687/2319/612 2676/2308/608
f 2678/2310/608 2688/2320/612 2677/2309/608
f 2679/2311/608 2689/2321/612 2678/2310/608
f 2692/2322/613 2680/2323/609 2681/2312/609
f 2693/2324/613 2681/2312/609 2682/2313/609
f 2694/2325/613 2682/2313/609 2683/2314/609
f 2695/2326/613 2683/2314/609 2684/2315/609
f 2696/2327/614 2684/2315/609 2685/2316/610
f 2686/2318/612 2696/2327/614 2685/2316/610
f 2687/2319/612 2697/2328/615 2686/2318/612
f 2688/2320/612 2698/2329/615 2687/2319/612
f 2689/2321/612 2699/2330/615 2688/2320/612
f 2690/2331/612 2700/2332/615 2689/2321/612
f 2703/2333/616 2691/2334/613 2692/2322/613
f 2704/2335/616 2692/2322/613 2693/2324/613
f 2705/2336/616 2693/2324/613 2694/2325/613
f 2706/2337/616 2694/2325/613 2695/2326/613
f 2707/2338/617 2695/2326/613 2696/2327/614
f 2697/2328/615 2707/2338/617 2696/2327/614
f 2698/2329/615 2708/2339/618 2697/2328/615
f 2699/2330/615 2709/2340/618 2698/2329/615
f 2700/2332/615 2710/2341/618 2699/2330/615
f 2701/2342/615 2711/2343/618 2700/2332/615
f 2714/2344/619 2702/2345/616 2703/2333/616
f 2715/2346/619 2703/2333/616 2704/2335/616
f 2716/2347/619 2704/2335/616 2705/2336/616
f 2717/2348/619 2705/2336/616 2706/2337/616
f 2718/2349/620 2706/2337/616 2707/2338/617
f 2708/2339/618 2718/2349/620 2707/2338/617
f 2709/2340/618 2719/2350/621 2708/2339/618
f 2710/2341/618 2720/2351/621 2709/2340/618
f 2711/2343/618 2721/2352/621 2710/2341/618
f 2712/2353/618 2722/2354/621 2711/2343/618
f 2725/2355/622 2713/2356/619 2714/2344/619
f 2726/2357/622 2714/2344/619 2715/2346/619
f 2727/2358/622 2715/2346/619 2716/2347/619
f 2728/2359/622 2716/2347/619 2717/2348/619
f 2729/2360/623 2717/2348/619 2718/2349/620
f 2719/2350/621 2729/2360/623 2718/2349/620
f 2720/2351/621 2730/2361/624 2719/2350/621
f 2721/2352/621 2731/2362/624 2720/2351/621
f 2722/2354/621 2732/2363/624 2721/2352/621
f 2723/2364/621 2733/2365/624 2722/2354/621
f 2736/2366/625 2724/2367/622 2725/2355/622
f 2737/2368/625 2725/2355/622 2726/2357/622
f 2738/2369/625 2726/2357/622 2727/2358/622
f 2739/2370/625 2727/2358/622 2728/2359/622
f 2740/2371/626 2728/2359/622 2729/2360/623
f 2730/2361/624 2740/2371/626 2729/2360/623
f 2731/2362/624 2741/2372/627 2730/2361/624
f 2732/2363/624 2742/2373/627 2731/2362/624
f 2733/2365/624 2743/2374/627 2732/2363/624
f 2734/2375/624 2744/2376/627 2733/2365/624
f 2747/2377/628 2735/2378/629 2736/2366/625
f 2748/2379/628 2736/2366/625 2737/2368/625
f 2749/2380/628 2737/2368/625 2738/2369/625
f 2750/2381/628 2738/2369/625 2739/2370/625
f 2751/2382/630 2739/2370/625 2740/2371/626
f 2741/2372/627 2751/2382/630 2740/2371/626
f 2742/2373/627 2752/2383/631 2741/2372/627
f 2743/2374/627 2753/2384/631 2742/2373/627
f 2744/2376/627 2754/2385/631 2743/2374/627
f 2745/2386/632 2755/2387/631 2744/2376/627
f 2758/2388/633 2746/2389/628 2747/2377/628
f 2759/2390/633 2747/2377/628 2748/2379/628
f 2760/2391/633 2748/2379/628 2749/2380/628
f 2761/2392/633 2749/2380/628 2750/2381/628
f 2762/2393/634 2750/2381/628 2751/2382/630
f 2752/2383/631 2762/2393/634 2751/2382/630
f 2753/2384/631 2763/2394/635 2752/2383/631
f 2754/2385/631 2764/2395/635 2753/2384/631
f 2755/2387/631 2765/2396/635 2754/2385/631
f 2756/2397/631 2766/2398/635 2755/2387/631
f 2758/2388/633 2768/2399/636 2757/2400/633
f 2770/2401/636 2758/2388/633 2759/2390/633
f 2771/2402/636 2759/2390/633 2760/2391/633
f 2761/2392/633 2771/2402/636 2760/2391/633
f 2762/2393/634 2772/2403/636 2761/2392/633
f 2774/2404/637 2762/2393/634 2763/2394/635
f 2775/2405/637 2763/2394/635 2764/2395/635
f 2765/2396/635 2775/2405/637 2764/2395/635
f 2777/2406/637 2765/2396/635 2766/2398/635
f 2778/2407/637 2766/2398/635 2767/2408/635
f 2780/2409/638 2768/2399/636 2769/2410/636
f 2781/2411/638 2769/2410/636 2770/2401/636
f 2782/2412/638 2770/2401/636 2771/2402/636
f 2783/2413/638 2771/2402/636 2772/2403/636
f 2784/2414/639 2772/2403/636 2773/2415/640
f 2774/2404/637 2784/2414/639 2773/2415/640
f 2786/2416/641 2774/2404/637 2775/2405/637
f 2776/2417/637 2786/2416/641 2775/2405/637
f 2777/2406/637 2787/2418/641 2776/2417/637
f 2778/2407/637 2788/2419/641 2777/2406/637
f 2791/2420/642 2779/2421/638 2780/2409/638
f 2792/2422/642 2780/2409/638 2781/2411/638
f 2793/2423/642 2781/2411/638 2782/2412/638
f 2794/2424/642 2782/2412/638 2783/2413/638
f 2795/2425/643 2783/2413/638 2784/2414/639
f 2785/2426/641 2795/2425/643 2784/2414/639
f 2786/2416/641 2796/2427/644 2785/2426/641
f 2787/2418/641 2797/2428/644 2786/2416/641
f 2788/2419/641 2798/2429/644 2787/2418/641
f 2789/2430/641 2799/2431/644 2788/2419/641
f 2802/2432/645 2790/2433/642 2791/2420/642
f 2803/2434/645 2791/2420/642 2792/2422/642
f 2804/2435/645 2792/2422/642 2793/2423/642
f 2805/2436/645 2793/2423/642 2794/2424/642
f 2806/2437/646 2794/2424/642 2795/2425/643
f 2796/2427/644 2806/2437/646 2795/2425/643
f 2797/2428/644 2807/2438/647 2796/2427/644
f 2798/2429/644 2808/2439/647 2797/2428/644
f 2799/2431/644 2809/2440/647 2798/2429/644
f 2800/2441/644 2810/2442/647 2799/2431/644
f 2813/2443/648 2801/2444/645 2802/2432/645
f 2814/2445/648 2802/2432/645 2803/2434/645
f 2815/2446/648 2803/2434/645 2804/2435/645
f 2816/2447/648 2804/2435/645 2805/2436/645
f 2817/2448/649 2805/2436/645 2806/2437/646
f 2807/2438/647 2817/2448/649 2806/2437/646
f 2808/2439/647 2818/2449/650 2807/2438/647
f 2809/2440/647 2819/2450/650 2808/2439/647
f 2810/2442/647 2820/2451/650 2809/2440/647
f 2811/2452/647 2821/2453/650 2810/2442/647
f 2824/2454/651 2812/2455/648 2813/2443/648
f 2825/2456/651 2813/2443/648 2814/2445/648
f 2826/2457/651 2814/2445/648 2815/2446/648
f 2827/2458/651 2815/2446/648 2816/2447/648
f 2828/2459/652 2816/2447/648 2817/2448/649
f 2818/2449/650 2828/2459/652 2817/2448/649
f 2819/2450/650 2829/2460/653 2818/2449/650
f 2820/2451/650 2830/2461/653 2819/2450/650
f 2821/2453/650 2831/2462/653 2820/2451/650
f 2822/2463/650 2832/2464/653 2821/2453/650
f 2835/2465/654 2823/2466/651 2824/2454/651
f 2836/2467/654 2824/2454/651 2825/2456/651
f 2837/2468/654 2825/2456/651 2826/2457/651
f 2838/2469/654 2826/2457/651 2827/2458/651
f 2839/2470/655 2827/2458/651 2828/2459/652
f 2829/2460/653 2839/2470/655 2828/2459/652
f 2830/2461/653 2840/2471/656 2829/2460/653
f 2831/2462/653 2841/2472/656 2830/2461/653
f 2832/2464/653 2842/2473/656 2831/2462/653
f 2833/2474/653 2843/2475/656 2832/2464/653
f 2846/2476/657 2834/2477/654 2835/2465/654
f 2847/2478/657 2835/2465/654 2836/2467/654
f 2848/2479/657 2836/2467/654 2837/2468/654
f 2849/2480/657 2837/2468/654 2838/2469/654
f 2850/2481/658 2838/2469/654 2839/2470/655
f 2840/2471/656 2850/2481/658 2839/2470/655
f 2841/2472/656 2851/2482/659 2840/2471/656
f 2842/2473/656 2852/2483/659 2841/2472/656
f 2843/2475/656 2853/2484/659 2842/2473/656
f 2844/2485/656 2854/2486/659 2843/2475/656
f 2857/2487/660 2845/2488/657 2846/2476/657
f 2858/2489/660 2846/2476/657 2847/2478/657
f 2859/2490/660 2847/2478/657 2848/2479/657
f 2860/2491/660 2848/2479/657 2849/2480/657
f 2861/2492/661 2849/2480/657 2850/2481/658
f 2851/2482/659 2861/2492/661 2850/2481/658
f 2852/2483/659 2862/2493/662 2851/2482/659
f 2853/2484/659 2863/2494/662 2852/2483/659
f 2854/2486/659 2864/2495/662 2853/2484/659
f 2855/2496/659 2865/2497/662 2854/2486/659
f 2868/2498/663 2856/2499/660 2857/2487/660
f 2869/2500/663 2857/2487/660 2858/2489/660
f 2870/2501/664 2858/2489/660 2859/2490/660
f 2871/2502/663 2859/2490/660 2860/2491/660
f 2872/2503/665 2860/2491/660 2861/2492/661
f 2862/2493/662 2872/2503/665 2861/2492/661
f 2863/2494/662 2873/2504/666 2862/2493/662
f 2864/2495/662 2874/2505/667 2863/2494/662
f 2865/2497/662 2875/2506/666 2864/2495/662
f 2866/2507/662 2876/2508/666 2865/2497/662
f 2879/2509/668 2867/2510/664 2868/2498/663
f 2880/2511/668 2868/2498/663 2869/2500/663
f 2881/2512/668 2869/2500/663 2870/2501/664
f 2882/2513/668 2870/2501/664 2871/2502/663
f 2883/2514/669 2871/2502/663 2872/2503/665
f 2873/2504/666 2883/2514/669 2872/2503/665
f 2874/2505/667 2884/2515/670 2873/2504/666
f 2875/2506/666 2885/2516/670 2874/2505/667
f 2876/2508/666 2886/2517/670 2875/2506/666
f 2877/2518/667 2887/2519/670 2876/2508/666
f 2890/2520/671 2878/2521/668 2879/2509/668
f 2891/2522/671 2879/2509/668 2880/2511/668
f 2892/2523/671 2880/2511/668 2881/2512/668
f 2893/2524/671 2881/2512/668 2882/2513/668
f 2894/2525/672 2882/2513/668 2883/2514/669
f 2884/2515/670 2894/2525/672 2883/2514/669
f 2885/2516/670 2895/2526/673 2884/2515/670
f 2886/2517/670 2896/2527/673 2885/2516/670
f 2887/2519/670 2897/2528/673 2886/2517/670
f 2888/2529/670 2898/2530/673 2887/2519/670
f 2901/2531/674 2889/2532/671 2890/2520/671
f 2902/2533/674 2890/2520/671 2891/2522/671
f 2903/2534/674 2891/2522/671 2892/2523/671
f 2904/2535/674 2892/2523/671 2893/2524/671
f 2905/2536/675 2893/2524/671 2894/2525/672
f 2895/2526/673 2905/2536/675 2894/2525/672
f 2896/2527/673 2906/2537/676 2895/2526/673
f 2897/2528/673 2907/2538/676 2896/2527/673
f 2898/2530/673 2908/2539/676 2897/2528/673
f 2899/2540/673 2909/2541/676 2898/2530/673
f 2912/2542/677 2900/2543/674 2901/2531/674
f 2913/2544/677 2901/2531/674 2902/2533/674
f 2914/2545/677 2902/2533/674 2903/2534/674
f 2915/2546/677 2903/2534/674 2904/2535/674
f 2916/2547/678 2904/2535/674 2905/2536/675
f 2906/2537/676 2916/2547/678 2905/2536/675
f 2907/2538/676 2917/2548/679 2906/2537/676
f 2908/2539/676 2918/2549/679 2907/2538/676
f 2920/2550/679 2908/2539/676 2909/2541/676
f 2910/2551/676 2920/2550/679 2909/2541/676
f 2923/2552/680 2911/2553/677 2912/2542/677
f 2924/2554/680 2912/2542/677 2913/2544/677
f 2925/2555/681 2913/2544/677 2914/2545/677
f 2926/2556/681 2914/2545/677 2915/2546/677
f 2927/2557/682 2915/2546/677 2916/2547/678
f 2917/2548/679 2927/2557/682 2916/2547/678
f 2918/2549/679 2928/2558/683 2917/2548/679
f 2919/2559/679 2929/2560/683 2918/2549/679
f 2920/2550/679 2930/2561/684 2919/2559/679
f 2921/2562/679 2931/2563/684 2920/2550/679
f 2934/2564/685 2922/2565/681 2923/2552/680
f 2935/2566/686 2923/2552/680 2924/2554/680
f 2936/2567/686 2924/2554/680 2925/2555/681
f 2937/2568/686 2925/2555/681 2926/2556/681
f 2938/2569/687 2926/2556/681 2927/2557/682
f 2928/2558/683 2938/2569/687 2927/2557/682
f 2929/2560/683 2939/2570/688 2928/2558/683
f 2930/2561/684 2940/2571/688 2929/2560/683
f 2931/2563/684 2941/2572/688 2930/2561/684
f 2932/2573/683 2942/2574/689 2931/2563/684
f 2945/2575/690 2933/2576/685 2934/2564/685
f 2946/2577/691 2934/2564/685 2935/2566/686
f 2947/2578/691 2935/2566/686 2936/2567/686
f 2948/2579/691 2936/2567/686 2937/2568/686
f 2949/2580/692 2937/2568/686 2938/2569/687
f 2939/2570/688 2949/2580/692 2938/2569/687
f 2940/2571/688 2950/2581/693 2939/2570/688
f 2941/2572/688 2951/2582/693 2940/2571/688
f 2942/2574/689 2952/2583/694 2941/2572/688
f 2943/2584/689 2953/2585/694 2942/2574/689
f 2956/2586/695 2944/2587/691 2945/2575/690
f 2957/2588/695 2945/2575/690 2946/2577/691
f 2958/2589/695 2946/2577/691 2947/2578/691
f 2959/2590/695 2947/2578/691 2948/2579/691
f 2960/2591/696 2948/2579/691 2949/2580/692
f 2950/2581/693 2960/2591/696 2949/2580/692
f 2951/2582/693 2961/2592/697 2950/2581/693
f 2952/2583/694 2962/2593/698 2951/2582/693
f 2953/2585/694 2963/2594/698 2952/2583/694
f 2954/2595/693 2964/2596/698 2953/2585/694
f 2967/2597/699 2955/2598/695 2956/2586/695
f 2968/2599/700 2956/2586/695 2957/2588/695
f 2969/2600/700 2957/2588/695 2958/2589/695
f 2970/2601/699 2958/2589/695 2959/2590/695
f 2971/2602/701 2959/2590/695 2960/2591/696
f 2961/2592/697 2971/2602/701 2960/2591/696
f 2962/2593/698 2972/2603/702 2961/2592/697
f 2963/2594/698 2973/2604/703 2962/2593/698
f 2964/2596/698 2974/2605/703 2963/2594/698
f 2965/2606/698 2975/2607/702 2964/2596/698
f 2978/2608/704 2966/2609/699 2967/2597/699
f 2979/2610/705 2967/2597/699 2968/2599/700
f 2980/2611/704 2968/2599/700 2969/2600/700
f 2981/2612/704 2969/2600/700 2970/2601/699
f 2982/2613/706 2970/2601/699 2971/2602/701
f 2972/2603/702 2982/2613/706 2971/2602/701
f 2973/2604/703 2983/2614/707 2972/2603/702
f 2974/2605/703 2984/2615/707 2973/2604/703
f 2975/2607/702 2985/2616/708 2974/2605/703
f 2976/2617/702 2986/2618/707 2975/2607/702
f 2989/2619/709 2977/2620/704 2978/2608/704
f 2990/2621/709 2978/2608/704 2979/2610/705
f 2991/2622/709 2979/2610/705 2980/2611/704
f 2992/2623/709 2980/2611/704 2981/2612/704
f 2993/2624/710 2981/2612/704 2982/2613/706
f 2983/2614/707 2993/2624/710 2982/2613/706
f 2984/2615/707 2994/2625/711 2983/2614/707
f 2985/2616/708 2995/2626/711 2984/2615/707
f 2986/2618/707 2996/2627/711 2985/2616/708
f 2987/2628/707 2997/2629/711 2986/2618/707
f 3000/2630/712 2988/2631/709 2989/2619/709
f 3001/2632/712 2989/2619/709 2990/2621/709
f 3002/2633/712 2990/2621/709 2991/2622/709
f 3003/2634/712 2991/2622/709 2992/2623/709
f 3004/2635/713 2992/2623/709 2993/2624/710
f 2994/2625/711 3004/2635/713 2993/2624/710
f 2995/2626/711 3005/2636/714 2994/2625/711
f 2996/2627/711 3006/2637/714 2995/2626/711
f 2997/2629/711 3007/2638/714 2996/2627/711
f 2998/2639/711 3008/2640/714 2997/2629/711
f 3011/2641/715 2999/2642/712 3000/2630/712
f 3012/2643/715 3000/2630/712 3001/2632/712
f 3013/2644/715 3001/2632/712 3002/2633/712
f 3014/2645/715 3002/2633/712 3003/2634/712
f 3015/2646/716 3003/2634/712 3004/2635/713
f 3005/2636/714 3015/2646/716 3004/2635/713
f 3006/2637/714 3016/2647/717 3005/2636/714
f 3007/2638/714 3017/2648/717 3006/2637/714
f 3008/2640/714 3018/2649/717 3007/2638/714
f 3009/2650/714 3019/2651/717 3008/2640/714
f 3011/2641/715 3021/2652/718 3010/2653/715
f 3012/2643/715 3022/2654/718 3011/2641/715
f 3013/2644/715 3023/2655/718 3012/2643/715
f 3014/2645/715 3024/2656/718 3013/2644/715
f 3015/2646/716 3025/2657/718 3014/2645/715
f 3027/2658/719 3015/2646/716 3016/2647/717
f 3028/2659/719 3016/2647/717 3017/2648/717
f 3029/2660/719 3017/2648/717 3018/2649/717
f 3030/2661/719 3018/2649/717 3019/2651/717
f 3031/2662/719 3019/2651/717 3020/2663/717
f 3022/2654/718 3032/2664/720 3021/2652/718
f 3023/2655/718 3033/2665/720 3022/2654/718
f 3024/2656/718 3034/2666/720 3023/2655/718
f 3025/2657/718 3035/2667/720 3024/2656/718
f 3026/2668/721 3036/2669/720 3025/2657/718
f 3038/2670/722 3026/2668/721 3027/2658/719
f 3039/2671/722 3027/2658/719 3028/2659/719
f 3040/2672/722 3028/2659/719 3029/2660/719
f 3041/2673/722 3029/2660/719 3030/2661/719
f 3042/2674/722 3030/2661/719 3031/2662/719
f 3033/2665/720 3043/2675/723 3032/2664/720
f 3034/2666/720 3044/2676/723 3033/2665/720
f 3035/2667/720 3045/2677/723 3034/2666/720
f 3036/2669/720 3046/2678/723 3035/2667/720
f 3037/2679/724 3047/2680/723 3036/2669/720
f 3049/2681/725 3037/2679/724 3038/2670/722
f 3050/2682/725 3038/2670/722 3039/2671/722
f 3051/2683/725 3039/2671/722 3040/2672/722
f 3052/2684/725 3040/2672/722 3041/2673/722
f 3053/2685/725 3041/2673/722 3042/2674/722
f 3044/2676/723 3054/2686/726 3043/2675/723
f 3045/2677/723 3055/2687/726 3044/2676/723
f 3046/2678/723 3056/2688/726 3045/2677/723
f 3047/2680/723 3057/2689/726 3046/2678/723
f 3048/2690/727 3058/2691/726 3047/2680/723
f 3060/2692/728 3048/2690/727 3049/2681/725
f 3061/2693/728 3049/2681/725 3050/2682/725
f 3062/2694/728 3050/2682/725 3051/2683/725
f 3063/2695/728 3051/2683/725 3052/2684/725
f 3064/2696/728 3052/2684/725 3053/2685/725
f 3055/2687/726 3065/2697/729 3054/2686/726
f 3056/2688/726 3066/2698/729 3055/2687/726
f 3057/2689/726 3067/2699/729 3056/2688/726
f 3058/2691/726 3068/2700/729 3057/2689/726
f 3059/2701/730 3069/2702/729 3058/2691/726
f 3071/2703/731 3059/2701/730 3060/2692/728
f 3072/2704/731 3060/2692/728 3061/2693/728
f 3073/2705/731 3061/2693/728 3062/2694/728
f 3074/2706/731 3062/2694/728 3063/2695/728
f 3075/2707/731 3063/2695/728 3064/2696/728
f 3066/2698/729 3076/2708/732 3065/2697/729
f 3067/2699/729 3077/2709/732 3066/2698/729
f 3068/2700/729 3078/2710/733 3067/2699/729
f 3069/2702/729 3079/2711/732 3068/2700/729
f 3070/2712/734 3080/2713/732 3069/2702/729
f 3082/2714/735 3070/2712/734 3071/2703/731
f 3083/2715/735 3071/2703/731 3072/2704/731
f 3084/2716/735 3072/2704/731 3073/2705/731
f 3085/2717/735 3073/2705/731 3074/2706/731
f 3086/2718/735 3074/2706/731 3075/2707/731
f 3077/2709/732 3087/2719/736 3076/2708/732
f 3078/2710/733 3088/2720/736 3077/2709/732
f 3079/2711/732 3089/2721/736 3078/2710/733
f 3080/2713/732 3090/2722/736 3079/2711/732
f 3081/2723/737 3091/2724/738 3080/2713/732
f 3093/2725/739 3081/2723/737 3082/2714/735
f 3094/2726/739 3082/2714/735 3083/2715/735
f 3095/2727/739 3083/2715/735 3084/2716/735
f 3096/2728/739 3084/2716/735 3085/2717/735
f 3097/2729/739 3085/2717/735 3086/2718/735
f 3088/2720/736 3098/2730/740 3087/2719/736
f 3089/2721/736 3099/2731/740 3088/2720/736
f 3090/2722/736 3100/2732/740 3089/2721/736
f 3091/2724/738 3101/2733/740 3090/2722/736
f 3092/2734/741 3102/2735/740 3091/2724/738
f 3104/2736/742 3092/2734/741 3093/2725/739
f 3105/2737/742 3093/2725/739 3094/2726/739
f 3106/2738/743 3094/2726/739 3095/2727/739
f 3107/2739/743 3095/2727/739 3096/2728/739
f 3108/2740/742 3096/2728/739 3097/2729/739
f 3110/2741/744 3098/2730/740 3099/2731/740
f 3111/2742/744 3099/2731/740 3100/2732/740
f 3112/2743/744 3100/2732/740 3101/2733/740
f 3113/2744/744 3101/2733/740 3102/2735/740
f 3114/2745/745 3102/2735/740 3103/2746/746
f 3104/2736/742 3114/2745/745 3103/2746/746
f 3105/2737/742 3115/2747/747 3104/2736/742
f 3106/2738/743 3116/2748/747 3105/2737/742
f 3107/2739/743 3117/2749/747 3106/2738/743
f 3108/2740/742 3118/2750/747 3107/2739/743
f 3121/2751/748 3109/2752/744 3110/2741/744
f 3122/2753/748 3110/2741/744 3111/2742/744
f 3123/2754/748 3111/2742/744 3112/2743/744
f 3124/2755/748 3112/2743/744 3113/2744/744
f 3125/2756/749 3113/2744/744 3114/2745/745
f 3115/2747/747 3125/2756/749 3114/2745/745
f 3116/2748/747 3126/2757/750 3115/2747/747
f 3117/2749/747 3127/2758/750 3116/2748/747
f 3118/2750/747 3128/2759/750 3117/2749/747
f 3119/2760/747 3129/2761/750 3118/2750/747
f 3132/2762/751 3120/2763/748 3121/2751/748
f 3133/2764/751 3121/2751/748 3122/2753/748
f 3134/2765/751 3122/2753/748 3123/2754/748
f 3135/2766/751 3123/2754/748 3124/2755/748
f 3136/2767/752 3124/2755/748 3125/2756/749
f 3126/2757/750 3136/2767/752 3125/2756/749
f 3127/2758/750 3137/2768/753 3126/2757/750
f 3128/2759/750 3138/2769/753 3127/2758/750
f 3129/2761/750 3139/2770/753 3128/2759/750
f 3130/2771/750 3140/2772/753 3129/2761/750
f 3143/2773/754 3131/2774/751 3132/2762/751
f 3144/2775/755 3132/2762/751 3133/2764/751
f 3145/2776/755 3133/2764/751 3134/2765/751
f 3146/2777/754 3134/2765/751 3135/2766/751
f 3147/2778/756 3135/2766/751 3136/2767/752
f 3137/2768/753 3147/2778/756 3136/2767/752
f 3138/2769/753 3148/2779/757 3137/2768/753
f 3139/2770/753 3149/2780/758 3138/2769/753
f 3140/2772/753 3150/2781/758 3139/2770/753
f 3141/2782/753 3151/2783/757 3140/2772/753
f 3143/2773/754 3153/2784/759 3142/2785/755
f 3144/2775/755 3154/2786/759 3143/2773/754
f 3145/2776/755 3155/2787/759 3144/2775/755
f 3146/2777/754 3156/2788/759 3145/2776/755
f 3147/2778/756 3157/2789/759 3146/2777/754
f 3159/2790/760 3147/2778/756 3148/2779/757
f 3160/2791/760 3148/2779/757 3149/2780/758
f 3161/2792/760 3149/2780/758 3150/2781/758
f 3162/2793/760 3150/2781/758 3151/2783/757
f 3163/2794/760 3151/2783/757 3152/2795/758
f 3165/2796/761 3153/2784/759 3154/2786/759
f 3166/2797/761 3154/2786/759 3155/2787/759
f 3167/2798/761 3155/2787/759 3156/2788/759
f 3168/2799/761 3156/2788/759 3157/2789/759
f 3169/2800/762 3157/2789/759 3158/2801/763
f 3159/2790/760 3169/2800/762 3158/2801/763
f 3160/2791/760 3170/2802/764 3159/2790/760
f 3161/2792/760 3171/2803/764 3160/2791/760
f 3162/2793/760 3172/2804/764 3161/2792/760
f 3163/2794/760 3173/2805/764 3162/2793/760
f 3165/2796/761 3175/2806/765 3164/2807/761
f 3166/2797/761 3176/2808/765 3165/2796/761
f 3167/2798/761 3177/2809/765 3166/2797/761
f 3168/2799/761 3178/2810/765 3167/2798/761
f 3169/2800/762 3179/2811/765 3168/2799/761
f 3181/2812/766 3169/2800/762 3170/2802/764
f 3182/2813/766 3170/2802/764 3171/2803/764
f 3183/2814/766 3171/2803/764 3172/2804/764
f 3184/2815/766 3172/2804/764 3173/2805/764
f 3185/2816/766 3173/2805/764 3174/2817/764
f 3176/2808/765 3186/2818/767 3175/2806/765
f 3177/2809/765 3187/2819/767 3176/2808/765
f 3178/2810/765 3188/2820/767 3177/2809/765
f 3179/2811/765 3189/2821/767 3178/2810/765
f 3180/2822/768 3190/2823/767 3179/2811/765
f 3192/2824/769 3180/2822/768 3181/2812/766
f 3193/2825/769 3181/2812/766 3182/2813/766
f 3194/2826/769 3182/2813/766 3183/2814/766
f 3195/2827/769 3183/2814/766 3184/2815/766
f 3196/2828/769 3184/2815/766 3185/2816/766
f 3198/2829/770 3186/2818/767 3187/2819/767
f 3199/2830/770 3187/2819/767 3188/2820/767
f 3200/2831/770 3188/2820/767 3189/2821/767
f 3201/2832/770 3189/2821/767 3190/2823/767
f 3202/2833/771 3190/2823/767 3191/2834/772
f 3192/2824/769 3202/2833/771 3191/2834/772
f 3193/2825/769 3203/2835/773 3192/2824/769
f 3194/2826/769 3204/2836/773 3193/2825/769
f 3195/2827/769 3205/2837/773 3194/2826/769
f 3196/2828/769 3206/2838/773 3195/2827/769
f 3209/2839/774 3197/2840/770 3198/2829/770
f 3210/2841/774 3198/2829/770 3199/2830/770
f 3211/2842/774 3199/2830/770 3200/2831/770
f 3212/2843/774 3200/2831/770 3201/2832/770
f 3213/2844/775 3201/2832/770 3202/2833/771
f 3203/2835/773 3213/2844/775 3202/2833/771
f 3204/2836/773 3214/2845/776 3203/2835/773
f 3205/2837/773 3215/2846/776 3204/2836/773
f 3206/2838/773 3216/2847/776 3205/2837/773
f 3207/2848/773 3217/2849/776 3206/2838/773
f 3220/2850/777 3208/2851/774 3209/2839/774
f 3221/2852/777 3209/2839/774 3210/2841/774
f 3222/2853/777 3210/2841/774 3211/2842/774
f 3223/2854/777 3211/2842/774 3212/2843/774
f 3224/2855/778 3212/2843/774 3213/2844/775
f 3214/2845/776 3224/2855/778 3213/2844/775
f 3215/2846/776 3225/2856/779 3214/2845/776
f 3216/2847/776 3226/2857/779 3215/2846/776
f 3217/2849/776 3227/2858/779 3216/2847/776
f 3218/2859/780 3228/2860/779 3217/2849/776
f 3231/2861/781 3219/2862/777 3220/2850/777
f 3232/2863/781 3220/2850/777 3221/2852/777
f 3233/2864/781 3221/2852/777 3222/2853/777
f 3234/2865/781 3222/2853/777 3223/2854/777
f 3235/2866/782 3223/2854/777 3224/2855/778
f 3225/2856/779 3235/2866/782 3224/2855/778
f 3226/2857/779 3236/2867/783 3225/2856/779
f 3227/2858/779 3237/2868/783 3226/2857/779
f 3228/2860/779 3238/2869/783 3227/2858/779
f 3229/2870/779 3239/2871/783 3228/2860/779
f 3242/2872/784 3230/2873/785 3231/2861/781
f 3243/2874/784 3231/2861/781 3232/2863/781
f 3244/2875/784 3232/2863/781 3233/2864/781
f 3245/2876/784 3233/2864/781 3234/2865/781
f 3246/2877/786 3234/2865/781 3235/2866/782
f 3236/2867/783 3246/2877/786 3235/2866/782
f 3237/2868/783 3247/2878/787 3236/2867/783
f 3238/2869/783 3248/2879/787 3237/2868/783
f 3239/2871/783 3249/2880/787 3238/2869/783
f 3240/2881/788 3250/2882/787 3239/2871/783
f 3253/2883/789 3241/2884/784 3242/2872/784
f 3254/2885/789 3242/2872/784 3243/2874/784
f 3255/2886/789 3243/2874/784 3244/2875/784
f 3256/2887/789 3244/2875/784 3245/2876/784
f 3257/2888/790 3245/2876/784 3246/2877/786
f 3247/2878/787 3257/2888/790 3246/2877/786
f 3248/2879/787 3258/2889/791 3247/2878/787
f 3249/2880/787 3259/2890/791 3248/2879/787
f 3250/2882/787 3260/2891/791 3249/2880/787
f 3251/2892/787 3261/2893/791 3250/2882/787
f 3264/2894/792 3252/2895/789 3253/2883/789
f 3265/2896/792 3253/2883/789 3254/2885/789
f 3266/2897/792 3254/2885/789 3255/2886/789
f 3267/2898/792 3255/2886/789 3256/2887/789
f 3268/2899/793 3256/2887/789 3257/2888/790
f 3258/2889/791 3268/2899/793 3257/2888/790
f 3259/2890/791 3269/2900/794 3258/2889/791
f 3260/2891/791 3270/2901/794 3259/2890/791
f 3261/2893/791 3271/2902/794 3260/2891/791
f 3262/2903/791 3272/2904/794 3261/2893/791
f 3275/2905/795 3263/2906/792 3264/2894/792
f 3276/2907/795 3264/2894/792 3265/2896/792
f 3277/2908/795 3265/2896/792 3266/2897/792
f 3278/2909/795 3266/2897/792 3267/2898/792
f 3279/2910/541 3267/2898/792 3268/2899/793
f 3269/2900/794 3279/2910/541 3268/2899/793
f 3270/2901/794 3280/2911/796 3269/2900/794
f 3271/2902/794 3281/2912/796 3270/2901/794
f 3272/2904/794 3282/2913/796 3271/2902/794
f 3273/2914/794 3283/2915/796 3272/2904/794
f 3286/2916/797 3274/2917/795 3275/2905/795
f 3287/2918/797 3275/2905/795 3276/2907/795
f 3288/2919/797 3276/2907/795 3277/2908/795
f 3289/2920/797 3277/2908/795 3278/2909/795
f 3290/2921/798 3278/2909/795 3279/2910/541
f 3280/2911/796 3290/2921/798 3279/2910/541
f 3281/2912/796 3291/2922/799 3280/2911/796
f 3282/2913/796 3292/2923/799 3281/2912/796
f 3283/2915/796 3293/2924/799 3282/2913/796
f 3284/2925/796 3294/2926/799 3283/2915/796
f 3297/2927/800 3285/2928/797 3286/2916/797
f 3298/2929/801 3286/2916/797 3287/2918/797
f 3299/2930/800 3287/2918/797 3288/2919/797
f 3300/2931/800 3288/2919/797 3289/2920/797
f 3301/2932/802 3289/2920/797 3290/2921/798
f 3291/2922/799 3301/2932/802 3290/2921/798
f 3292/2923/799 3302/2933/803 3291/2922/799
f 3293/2924/799 3303/2934/803 3292/2923/799
f 3294/2926/799 3304/2935/803 3293/2924/799
f 3295/2936/799 3305/2937/803 3294/2926/799
f 3297/2927/800 3307/2938/804 3296/2939/800
f 3298/2929/801 3308/2940/805 3297/2927/800
f 3299/2930/800 3309/2941/805 3298/2929/801
f 3300/2931/800 3310/2942/805 3299/2930/800
f 3301/2932/802 3311/2943/805 3300/2931/800
f 3313/2944/806 3301/2932/802 3302/2933/803
f 3314/2945/806 3302/2933/803 3303/2934/803
f 3315/2946/806 3303/2934/803 3304/2935/803
f 3316/2947/806 3304/2935/803 3305/2937/803
f 3317/2948/807 3305/2937/803 3306/2949/803
f 3308/2940/805 3318/2950/808 3307/2938/804
f 3309/2941/805 3319/2951/808 3308/2940/805
f 3310/2942/805 3320/2952/808 3309/2941/805
f 3311/2943/805 3321/2953/808 3310/2942/805
f 3312/2954/809 3322/2955/808 3311/2943/805
f 3324/2956/810 3312/2954/809 3313/2944/806
f 3325/2957/810 3313/2944/806 3314/2945/806
f 3326/2958/811 3314/2945/806 3315/2946/806
f 3327/2959/810 3315/2946/806 3316/2947/806
f 3328/2960/810 3316/2947/806 3317/2948/807
f 3319/2951/808 3329/2961/812 3318/2950/808
f 3320/2952/808 3330/2962/812 3319/2951/808
f 3321/2953/808 3331/2963/812 3320/2952/808
f 3322/2955/808 3332/2964/812 3321/2953/808
f 3323/2965/813 3333/2966/814 3322/2955/808
f 3335/2967/815 3323/2965/813 3324/2956/810
f 3336/2968/816 3324/2956/810 3325/2957/810
f 3337/2969/816 3325/2957/810 3326/2958/811
f 3338/2970/817 3326/2958/811 3327/2959/810
f 3339/2971/817 3327/2959/810 3328/2960/810
f 3330/2962/812 3340/2972/818 3329/2961/812
f 3331/2963/812 3341/2973/818 3330/2962/812
f 3332/2964/812 3342/2974/819 3331/2963/812
f 3333/2966/814 3343/2975/819 3332/2964/812
f 3334/2976/820 3344/2977/819 3333/2966/814
f 3346/2978/821 3334/2976/820 3335/2967/815
f 3347/2979/821 3335/2967/815 3336/2968/816
f 3348/2980/821 3336/2968/816 3337/2969/816
f 3349/2981/821 3337/2969/816 3338/2970/817
f 3350/2982/822 3338/2970/817 3339/2971/817
f 3341/2973/818 3351/2983/823 3340/2972/818
f 3342/2974/819 3352/2984/824 3341/2973/818
f 3343/2975/819 3353/2985/823 3342/2974/819
f 3344/2977/819 3354/2986/823 3343/2975/819
f 3345/2987/825 3355/2988/823 3344/2977/819
f 3357/2989/826 3345/2987/825 3346/2978/821
f 3358/2990/826 3346/2978/821 3347/2979/821
f 3359/2991/827 3347/2979/821 3348/2980/821
f 3360/2992/827 3348/2980/821 3349/2981/821
f 3361/2993/826 3349/2981/821 3350/2982/822
f 3352/2984/824 3362/2994/828 3351/2983/823
f 3353/2985/823 3363/2995/828 3352/2984/824
f 3354/2986/823 3364/2996/828 3353/2985/823
f 3355/2988/823 3365/2997/828 3354/2986/823
f 3356/2998/829 3366/2999/830 3355/2988/823
f 3368/3000/831 3356/2998/829 3357/2989/826
f 3369/3001/832 3357/2989/826 3358/2990/826
f 3370/3002/832 3358/2990/826 3359/2991/827
f 3371/3003/832 3359/2991/827 3360/2992/827
f 3372/3004/832 3360/2992/827 3361/2993/826
f 3363/2995/828 3373/3005/833 3362/2994/828
f 3364/2996/828 3374/3006/834 3363/2995/828
f 3365/2997/828 3375/3007/833 3364/2996/828
f 3366/2999/830 3376/3008/833 3365/2997/828
f 3367/3009/835 3377/3010/833 3366/2999/830
f 3379/3011/836 3367/3009/835 3368/3000/831
f 3380/3012/837 3368/3000/831 3369/3001/832
f 3381/3013/836 3369/3001/832 3370/3002/832
f 3382/3014/836 3370/3002/832 3371/3003/832
f 3383/3015/837 3371/3003/832 3372/3004/832
f 3374/3006/834 3384/3016/838 3373/3005/833
f 3375/3007/833 3385/3017/838 3374/3006/834
f 3376/3008/833 3386/3018/839 3375/3007/833
f 3377/3010/833 3387/3019/838 3376/3008/833
f 3378/3020/840 3388/3021/838 3377/3010/833
f 3390/3022/841 3378/3020/840 3379/3011/836
f 3391/3023/841 3379/3011/836 3380/3012/837
f 3392/3024/842 3380/3012/837 3381/3013/836
f 3393/3025/841 3381/3013/836 3382/3014/836
f 3394/3026/841 3382/3014/836 3383/3015/837
f 3385/3017/838 3395/3027/843 3384/3016/838
f 3386/3018/839 3396/3028/843 3385/3017/838
f 3387/3019/838 3397/3029/843 3386/3018/839
f 3388/3021/838 3398/3030/844 3387/3019/838
f 3389/3031/845 3399/3032/843 3388/3021/838
f 3401/3033/846 3389/3031/845 3390/3022/841
f 3402/3034/846 3390/3022/841 3391/3023/841
f 3403/3035/846 3391/3023/841 3392/3024/842
f 3404/3036/846 3392/3024/842 3393/3025/841
f 3405/3037/846 3393/3025/841 3394/3026/841
f 3396/3028/843 3406/3038/847 3395/3027/843
f 3397/3029/843 3407/3039/847 3396/3028/843
f 3398/3030/844 3408/3040/847 3397/3029/843
f 3399/3032/843 3409/3041/847 3398/3030/844
f 3400/3042/848 3410/3043/847 3399/3032/843
f 3412/3044/849 3400/3042/848 3401/3033/846
f 3413/3045/849 3401/3033/846 3402/3034/846
f 3414/3046/849 3402/3034/846 3403/3035/846
f 3415/3047/849 3403/3035/846 3404/3036/846
f 3416/3048/849 3404/3036/846 3405/3037/846
f 3407/3039/847 3417/3049/850 3406/3038/847
f 3408/3040/847 3418/3050/850 3407/3039/847
f 3409/3041/847 3419/3051/850 3408/3040/847
f 3410/3043/847 3420/3052/850 3409/3041/847
f 3411/3053/851 3421/3054/850 3410/3043/847
f 3423/3055/852 3411/3053/851 3412/3044/849
f 3424/3056/853 3412/3044/849 3413/3045/849
f 3425/3057/853 3413/3045/849 3414/3046/849
f 3426/3058/852 3414/3046/849 3415/3047/849
f 3427/3059/852 3415/3047/849 3416/3048/849
f 3418/3050/850 3428/3060/854 3417/3049/850
f 3419/3051/850 3429/3061/854 3418/3050/850
f 3420/3052/850 3430/3062/854 3419/3051/850
f 3421/3054/850 3431/3063/854 3420/3052/850
f 3422/3064/855 3432/3065/854 3421/3054/850
f 3434/3066/856 3422/3064/855 3423/3055/852
f 3435/3067/856 3423/3055/852 3424/3056/853
f 3436/3068/856 3424/3056/853 3425/3057/853
f 3437/3069/856 3425/3057/853 3426/3058/852
f 3438/3070/856 3426/3058/852 3427/3059/852
f 3429/3061/854 3439/3071/857 3428/3060/854
f 3430/3062/854 3440/3072/857 3429/3061/854
f 3431/3063/854 3441/3073/857 3430/3062/854
f 3432/3065/854 3442/3074/857 3431/3063/854
f 3433/3075/858 3443/3076/857 3432/3065/854
f 3445/3077/859 3433/3075/858 3434/3066/856
f 3446/3078/859 3434/3066/856 3435/3067/856
f 3447/3079/859 3435/3067/856 3436/3068/856
f 3448/3080/859 3436/3068/856 3437/3069/856
f 3449/3081/859 3437/3069/856 3438/3070/856
f 3440/3072/857 3450/3082/860 3439/3071/857
f 3441/3073/857 3451/3083/860 3440/3072/857
f 3442/3074/857 3452/3084/860 3441/3073/857
f 3443/3076/857 3453/3085/860 3442/3074/857
f 3444/3086/861 3454/3087/860 3443/3076/857
f 3456/3088/862 3444/3086/861 3445/3077/859
f 3457/3089/862 3445/3077/859 3446/3078/859
f 3458/3090/862 3446/3078/859 3447/3079/859
f 3459/3091/862 3447/3079/859 3448/3080/859
f 3460/3092/862 3448/3080/859 3449/3081/859
f 3451/3083/860 3461/3093/863 3450/3082/860
f 3452/3084/860 3462/3094/863 3451/3083/860
f 3453/3085/860 3463/3095/863 3452/3084/860
f 3454/3087/860 3464/3096/863 3453/3085/860
f 3455/3097/864 3465/3098/863 3454/3087/860
f 3467/3099/865 3455/3097/864 3456/3088/862
f 3468/3100/865 3456/3088/862 3457/3089/862
f 3469/3101/865 3457/3089/862 3458/3090/862
f 3470/3102/865 3458/3090/862 3459/3091/862
f 3471/3103/865 3459/3091/862 3460/3092/862
f 3462/3094/863 3472/3104/866 3461/3093/863
f 3463/3095/863 3473/3105/866 3462/3094/863
f 3464/3096/863 3474/3106/866 3463/3095/863
f 3465/3098/863 3475/3107/866 3464/3096/863
f 3466/3108/867 3476/3109/866 3465/3098/863
f 3478/3110/868 3466/3108/867 3467/3099/865
f 3479/3111/868 3467/3099/865 3468/3100/865
f 3480/3112/868 3468/3100/865 3469/3101/865
f 3481/3113/868 3469/3101/865 3470/3102/865
f 3482/3114/868 3470/3102/865 3471/3103/865
f 3473/3105/866 3483/3115/869 3472/3104/866
f 3474/3106/866 3484/3116/870 3473/3105/866
f 3475/3107/866 3485/3117/869 3474/3106/866
f 3476/3109/866 3486/3118/869 3475/3107/866
f 3477/3119/871 3487/3120/870 3476/3109/866
f 3489/3121/872 3477/3119/871 3478/3110/868
f 3490/3122/872 3478/3110/868 3479/3111/868
f 3491/3123/872 3479/3111/868 3480/3112/868
f 3492/3124/873 3480/3112/868 3481/3113/868
f 3493/3125/872 3481/3113/868 3482/3114/868
f 3484/3116/870 3494/3126/874 3483/3115/869
f 3485/3117/869 3495/3127/874 3484/3116/870
f 3486/3118/869 3496/3128/874 3485/3117/869
f 3487/3120/870 3497/3129/874 3486/3118/869
f 3488/3130/875 3498/3131/874 3487/3120/870
f 3500/3132/876 3488/3130/875 3489/3121/872
f 3501/3133/876 3489/3121/872 3490/3122/872
f 3502/3134/876 3490/3122/872 3491/3123/872
f 3503/3135/876 3491/3123/872 3492/3124/873
f 3504/3136/876 3492/3124/873 3493/3125/872
f 3495/3127/874 3505/3137/877 3494/3126/874
f 3496/3128/874 3506/3138/877 3495/3127/874
f 3497/3129/874 3507/3139/877 3496/3128/874
f 3498/3131/874 3508/3140/877 3497/3129/874
f 3499/3141/878 3509/3142/877 3498/3131/874
f 3511/3143/879 3499/3141/878 3500/3132/876
f 3512/3144/879 3500/3132/876 3501/3133/876
f 3513/3145/879 3501/3133/876 3502/3134/876
f 3514/3146/879 3502/3134/876 3503/3135/876
f 3515/3147/879 3503/3135/876 3504/3136/876
f 3506/3138/877 3516/3148/880 3505/3137/877
f 3507/3139/877 3517/3149/880 3506/3138/877
f 3508/3140/877 3518/3150/880 3507/3139/877
f 3509/3142/877 3519/3151/880 3508/3140/877
f 3510/3152/881 3520/3153/880 3509/3142/877
f 3522/3154/882 3510/3152/881 3511/3143/879
f 3523/3155/882 3511/3143/879 3512/3144/879
f 3524/3156/882 3512/3144/879 3513/3145/879
f 3525/3157/882 3513/3145/879 3514/3146/879
f 3526/3158/882 3514/3146/879 3515/3147/879
f 3517/3149/880 3527/3159/883 3516/3148/880
f 3518/3150/880 3528/3160/883 3517/3149/880
f 3519/3151/880 3529/3161/883 3518/3150/880
f 3520/3153/880 3530/3162/883 3519/3151/880
f 3521/3163/884 3531/3164/883 3520/3153/880
f 3533/3165/885 3521/3163/884 3522/3154/882
f 3534/3166/885 3522/3154/882 3523/3155/882
f 3535/3167/885 3523/3155/882 3524/3156/882
f 3536/3168/885 3524/3156/882 3525/3157/882
f 3537/3169/885 3525/3157/882 3526/3158/882
f 3539/3170/886 3527/3159/883 3528/3160/883
f 3540/3171/886 3528/3160/883 3529/3161/883
f 3541/3172/886 3529/3161/883 3530/3162/883
f 3531/3164/883 3541/3172/886 3530/3162/883
f 3543/3173/887 3531/3164/883 3532/3174/888
f 3533/3165/885 3543/3173/887 3532/3174/888
f 3534/3166/885 3544/3175/889 3533/3165/885
f 3535/3167/885 3545/3176/889 3534/3166/885
f 3536/3168/885 3546/3177/889 3535/3167/885
f 3548/3178/890 3536/3168/885 3537/3169/885
f 3550/3179/891 3538/3180/892 3539/3170/886
f 3551/3181/891 3539/3170/886 3540/3171/886
f 3552/3182/891 3540/3171/886 3541/3172/886
f 3553/3183/891 3541/3172/886 3542/3184/886
f 3554/3185/893 3542/3184/886 3543/3173/887
f 3544/3175/889 3554/3185/893 3543/3173/887
f 3545/3176/889 3555/3186/894 3544/3175/889
f 3546/3177/889 3556/3187/894 3545/3176/889
f 3547/3188/889 3557/3189/894 3546/3177/889
f 3548/3178/890 3558/3190/894 3547/3188/889
f 3550/3179/891 3560/3191/895 3549/3192/891
f 3551/3181/891 3561/3193/895 3550/3179/891
f 3552/3182/891 3562/3194/895 3551/3181/891
f 3553/3183/891 3563/3195/895 3552/3182/891
f 3554/3185/893 3564/3196/895 3553/3183/891
f 3566/3197/896 3554/3185/893 3555/3186/894
f 3567/3198/896 3555/3186/894 3556/3187/894
f 3568/3199/896 3556/3187/894 3557/3189/894
f 3569/3200/896 3557/3189/894 3558/3190/894
f 3570/3201/896 3558/3190/894 3559/3202/894
f 3561/3193/895 3571/3203/897 3560/3191/895
f 3562/3194/895 3572/3204/897 3561/3193/895
f 3563/3195/895 3573/3205/897 3562/3194/895
f 3564/3196/895 3574/3206/897 3563/3195/895
f 3565/3207/898 3575/3208/897 3564/3196/895
f 3577/3209/899 3565/3207/898 3566/3197/896
f 3578/3210/899 3566/3197/896 3567/3198/896
f 3579/3211/899 3567/3198/896 3568/3199/896
f 3580/3212/899 3568/3199/896 3569/3200/896
f 3581/3213/899 3569/3200/896 3570/3201/896
f 3572/3204/897 3582/3214/900 3571/3203/897
f 3584/3215/900 3572/3204/897 3573/3205/897
f 3585/3216/900 3573/3205/897 3574/3206/897
f 3586/3217/900 3574/3206/897 3575/3208/897
f 3576/3218/901 3586/3217/900 3575/3208/897
f 3588/3219/902 3576/3218/901 3577/3209/899
f 3578/3210/899 3588/3219/902 3577/3209/899
f 3579/3211/899 3589/3220/902 3578/3210/899
f 3580/3212/899 3590/3221/902 3579/3211/899
f 3592/3222/902 3580/3212/899 3581/3213/899
f 3583/3223/900 3593/3224/903 3582/3214/900
f 3595/3225/904 3583/3223/900 3584/3215/900
f 3585/3216/900 3595/3225/904 3584/3215/900
f 3597/3226/904 3585/3216/900 3586/3217/900
f 3598/3227/905 3586/3217/900 3587/3228/906
f 3599/3229/907 3587/3228/906 3588/3219/902
f 3589/3220/902 3599/3229/907 3588/3219/902
f 3601/3230/908 3589/3220/902 3590/3221/902
f 3591/3231/902 3601/3230/908 3590/3221/902
f 3603/3232/908 3591/3231/902 3592/3222/902
f 3605/3233/909 3593/3224/903 3594/3234/904
f 3606/3235/909 3594/3234/904 3595/3225/904
f 3607/3236/909 3595/3225/904 3596/3237/903
f 3608/3238/909 3596/3237/903 3597/3226/904
f 3609/3239/910 3597/3226/904 3598/3227/905
f 3599/3229/907 3609/3239/910 3598/3227/905
f 3600/3240/908 3610/3241/911 3599/3229/907
f 3601/3230/908 3611/3242/911 3600/3240/908
f 3602/3243/907 3612/3244/911 3601/3230/908
f 3603/3232/908 3613/3245/911 3602/3243/907
f 3616/3246/912 3604/3247/909 3605/3233/909
f 3617/3248/912 3605/3233/909 3606/3235/909
f 3618/3249/912 3606/3235/909 3607/3236/909
f 3619/3250/912 3607/3236/909 3608/3238/909
f 3620/3251/913 3608/3238/909 3609/3239/910
f 3610/3241/911 3620/3251/913 3609/3239/910
f 3611/3242/911 3621/3252/914 3610/3241/911
f 3612/3244/911 3622/3253/914 3611/3242/911
f 3613/3245/911 3623/3254/915 3612/3244/911
f 3614/3255/911 3624/3256/914 3613/3245/911
f 3627/3257/916 3615/3258/912 3616/3246/912
f 3628/3259/916 3616/3246/912 3617/3248/912
f 3629/3260/916 3617/3248/912 3618/3249/912
f 3630/3261/916 3618/3249/912 3619/3250/912
f 3631/3262/917 3619/3250/912 3620/3251/913
f 3621/3252/914 3631/3262/917 3620/3251/913
f 3622/3253/914 3632/3263/918 3621/3252/914
f 3623/3254/915 3633/3264/918 3622/3253/914
f 3624/3256/914 3634/3265/918 3623/3254/915
f 3625/3266/914 3635/3267/918 3624/3256/914
f 3638/3268/919 3626/3269/920 3627/3257/916
f 3639/3270/919 3627/3257/916 3628/3259/916
f 3640/3271/919 3628/3259/916 3629/3260/916
f 3641/3272/919 3629/3260/916 3630/3261/916
f 3642/3273/921 3630/3261/916 3631/3262/917
f 3632/3263/918 3642/3273/921 3631/3262/917
f 3633/3264/918 3643/3274/922 3632/3263/918
f 3634/3265/918 3644/3275/922 3633/3264/918
f 3635/3267/918 3645/3276/922 3634/3265/918
f 3636/3277/923 3646/3278/922 3635/3267/918
f 3649/3279/924 3637/3280/919 3638/3268/919
f 3650/3281/925 3638/3268/919 3639/3270/919
f 3651/3282/925 3639/3270/919 3640/3271/919
f 3652/3283/926 3640/3271/919 3641/3272/919
f 3653/3284/927 3641/3272/919 3642/3273/921
f 3643/3274/922 3653/3284/927 3642/3273/921
f 3644/3275/922 3654/3285/928 3643/3274/922
f 3645/3276/922 3655/3286/929 3644/3275/922
f 3646/3278/922 3656/3287/930 3645/3276/922
f 3647/3288/922 3657/3289/928 3646/3278/922
f 3660/3290/931 3648/3291/924 3649/3279/924
f 3661/3292/931 3649/3279/924 3650/3281/925
f 3662/3293/931 3650/3281/925 3651/3282/925
f 3663/3294/931 3651/3282/925 3652/3283/926
f 3664/3295/932 3652/3283/926 3653/3284/927
f 3654/3285/928 3664/3295/932 3653/3284/927
f 3655/3286/929 3665/3296/933 3654/3285/928
f 3656/3287/930 3666/3297/933 3655/3286/929
f 3657/3289/928 3667/3298/933 3656/3287/930
f 3658/3299/928 3668/3300/934 3657/3289/928
f 3671/3301/935 3659/3302/936 3660/3290/931
f 3672/3303/935 3660/3290/931 3661/3292/931
f 3673/3304/937 3661/3292/931 3662/3293/931
f 3674/3305/937 3662/3293/931 3663/3294/931
f 3675/3306/938 3663/3294/931 3664/3295/932
f 3665/3296/933 3675/3306/938 3664/3295/932
f 3666/3297/933 3676/3307/939 3665/3296/933
f 3667/3298/933 3677/3308/939 3666/3297/933
f 3668/3300/934 3678/3309/940 3667/3298/933
f 3669/3310/934 3679/3311/940 3668/3300/934
f 3682/3312/941 3670/3313/937 3671/3301/935
f 3683/3314/941 3671/3301/935 3672/3303/935
f 3684/3315/941 3672/3303/935 3673/3304/937
f 3685/3316/941 3673/3304/937 3674/3305/937
f 3686/3317/942 3674/3305/937 3675/3306/938
f 3676/3307/939 3686/3317/942 3675/3306/938
f 3677/3308/939 3687/3318/943 3676/3307/939
f 3678/3309/940 3688/3319/943 3677/3308/939
f 3679/3311/940 3689/3320/943 3678/3309/940
f 3680/3321/939 3690/3322/943 3679/3311/940
f 3693/3323/944 3681/3324/941 3682/3312/941
f 3694/3325/944 3682/3312/941 3683/3314/941
f 3695/3326/945 3683/3314/941 3684/3315/941
f 3696/3327/944 3684/3315/941 3685/3316/941
f 3697/3328/946 3685/3316/941 3686/3317/942
f 3687/3318/943 3697/3328/946 3686/3317/942
f 3688/3319/943 3698/3329/947 3687/3318/943
f 3689/3320/943 3699/3330/948 3688/3319/943
f 3690/3322/943 3700/3331/947 3689/3320/943
f 3691/3332/949 3701/3333/947 3690/3322/943
f 3693/3323/944 3703/3334/950 3692/3335/944
f 3705/3336/950 3693/3323/944 3694/3325/944
f 3695/3326/945 3705/3336/950 3694/3325/944
f 3696/3327/944 3706/3337/950 3695/3326/945
f 3697/3328/946 3707/3338/950 3696/3327/944
f 3709/3339/951 3697/3328/946 3698/3329/947
f 3710/3340/951 3698/3329/947 3699/3330/948
f 3711/3341/951 3699/3330/948 3700/3331/947
f 3712/3342/951 3700/3331/947 3701/3333/947
f 3713/3343/951 3701/3333/947 3702/3344/947
f 3704/3345/950 3714/3346/952 3703/3334/950
f 3705/3336/950 3715/3347/952 3704/3345/950
f 3717/3348/952 3705/3336/950 3706/3337/950
f 3707/3338/950 3717/3348/952 3706/3337/950
f 3708/3349/953 3718/3350/952 3707/3338/950
f 3720/3351/954 3708/3349/953 3709/3339/951
f 3721/3352/954 3709/3339/951 3710/3340/951
f 3722/3353/954 3710/3340/951 3711/3341/951
f 3723/3354/954 3711/3341/951 3712/3342/951
f 3724/3355/954 3712/3342/951 3713/3343/951
f 3715/3347/952 3725/3356/955 3714/3346/952
f 3727/3357/955 3715/3347/952 3716/3358/956
f 3717/3348/952 3727/3357/955 3716/3358/956
f 3718/3350/952 3728/3359/955 3717/3348/952
f 3730/3360/957 3718/3350/952 3719/3361/958
f 3731/3362/959 3719/3361/958 3720/3351/954
f 3732/3363/959 3720/3351/954 3721/3352/954
f 3733/3364/959 3721/3352/954 3722/3353/954
f 3723/3354/954 3733/3364/959 3722/3353/954
f 3735/3365/959 3723/3354/954 3724/3355/954
f 3737/3366/960 3725/3356/955 3726/3367/955
f 3738/3368/960 3726/3367/955 3727/3357/955
f 3728/3359/955 3738/3368/960 3727/3357/955
f 3729/3369/955 3739/3370/960 3728/3359/955
f 3730/3360/957 3740/3371/961 3729/3369/955
f 3731/3362/959 3741/3372/962 3730/3360/957
f 3743/3373/963 3731/3362/959 3732/3363/959
f 3744/3374/963 3732/3363/959 3733/3364/959
f 3734/3375/959 3744/3374/963 3733/3364/959
f 3746/3376/963 3734/3375/959 3735/3365/959
f 3748/3377/964 3736/3378/960 3737/3366/960
f 3749/3379/964 3737/3366/960 3738/3368/960
f 3750/3380/964 3738/3368/960 3739/3370/960
f 3751/3381/964 3739/3370/960 3740/3371/961
f 3741/3372/962 3751/3381/964 3740/3371/961
f 3742/3382/963 3752/3383/965 3741/3372/962
f 3743/3373/963 3753/3384/966 3742/3382/963
f 3744/3374/963 3754/3385/966 3743/3373/963
f 3745/3386/963 3755/3387/967 3744/3374/963
f 3746/3376/963 3756/3388/967 3745/3386/963
f 3759/3389/968 3747/3390/964 3748/3377/964
f 3760/3391/968 3748/3377/964 3749/3379/964
f 3761/3392/968 3749/3379/964 3750/3380/964
f 3762/3393/968 3750/3380/964 3751/3381/964
f 3763/3394/969 3751/3381/964 3752/3383/965
f 3753/3384/966 3763/3394/969 3752/3383/965
f 3754/3385/966 3764/3395/970 3753/3384/966
f 3755/3387/967 3765/3396/970 3754/3385/966
f 3756/3388/967 3766/3397/970 3755/3387/967
f 3757/3398/967 3767/3399/970 3756/3388/967
f 3770/3400/971 3758/3401/968 3759/3389/968
f 3771/3402/971 3759/3389/968 3760/3391/968
f 3772/3403/971 3760/3391/968 3761/3392/968
f 3773/3404/971 3761/3392/968 3762/3393/968
f 3774/3405/972 3762/3393/968 3763/3394/969
f 3764/3395/970 3774/3405/972 3763/3394/969
f 3765/3396/970 3775/3406/973 3764/3395/970
f 3766/3397/970 3776/3407/973 3765/3396/970
f 3767/3399/970 3777/3408/973 3766/3397/970
f 3768/3409/970 3778/3410/973 3767/3399/970
f 3781/3411/974 3769/3412/975 3770/3400/971
f 3782/3413/974 3770/3400/971 3771/3402/971
f 3783/3414/974 3771/3402/971 3772/3403/971
f 3784/3415/974 3772/3403/971 3773/3404/971
f 3785/3416/976 3773/3404/971 3774/3405/972
f 3775/3406/973 3785/3416/976 3774/3405/972
f 3776/3407/973 3786/3417/977 3775/3406/973
f 3777/3408/973 3787/3418/977 3776/3407/973
f 3778/3410/973 3788/3419/977 3777/3408/973
f 3779/3420/978 3789/3421/977 3778/3410/973
f 3792/3422/979 3780/3423/974 3781/3411/974
f 3793/3424/979 3781/3411/974 3782/3413/974
f 3794/3425/979 3782/3413/974 3783/3414/974
f 3795/3426/979 3783/3414/974 3784/3415/974
f 3796/3427/980 3784/3415/974 3785/3416/976
f 3786/3417/977 3796/3427/980 3785/3416/976
f 3787/3418/977 3797/3428/981 3786/3417/977
f 3788/3419/977 3798/3429/981 3787/3418/977
f 3789/3421/977 3799/3430/981 3788/3419/977
f 3790/3431/977 3800/3432/981 3789/3421/977
f 3803/3433/982 3791/3434/979 3792/3422/979
f 3804/3435/982 3792/3422/979 3793/3424/979
f 3805/3436/982 3793/3424/979 3794/3425/979
f 3806/3437/982 3794/3425/979 3795/3426/979
f 3807/3438/983 3795/3426/979 3796/3427/980
f 3797/3428/981 3807/3438/983 3796/3427/980
f 3798/3429/981 3808/3439/984 3797/3428/981
f 3799/3430/981 3809/3440/984 3798/3429/981
f 3800/3432/981 3810/3441/984 3799/3430/981
f 3801/3442/981 3811/3443/984 3800/3432/981
f 3803/3433/982 3813/3444/985 3802/3445/982
f 3804/3435/982 3814/3446/985 3803/3433/982
f 3805/3436/982 3815/3447/985 3804/3435/982
f 3806/3437/982 3816/3448/985 3805/3436/982
f 3807/3438/983 3817/3449/985 3806/3437/982
f 3819/3450/986 3807/3438/983 3808/3439/984
f 3820/3451/986 3808/3439/984 3809/3440/984
f 3821/3452/986 3809/3440/984 3810/3441/984
f 3822/3453/986 3810/3441/984 3811/3443/984
f 3823/3454/986 3811/3443/984 3812/3455/984
f 3814/3446/985 3824/3456/987 3813/3444/985
f 3815/3447/985 3825/3457/987 3814/3446/985
f 3816/3448/985 3826/3458/987 3815/3447/985
f 3817/3449/985 3827/3459/987 3816/3448/985
f 3818/3460/988 3828/3461/987 3817/3449/985
f 3830/3462/989 3818/3460/988 3819/3450/986
f 3831/3463/989 3819/3450/986 3820/3451/986
f 3832/3464/989 3820/3451/986 3821/3452/986
f 3833/3465/989 3821/3452/986 3822/3453/986
f 3834/3466/989 3822/3453/986 3823/3454/986
f 3836/3467/990 3824/3456/987 3825/3457/987
f 3837/3468/990 3825/3457/987 3826/3458/987
f 3838/3469/990 3826/3458/987 3827/3459/987
f 3839/3470/990 3827/3459/987 3828/3461/987
f 3840/3471/991 3828/3461/987 3829/3472/992
f 3830/3462/989 3840/3471/991 3829/3472/992
f 3831/3463/989 3841/3473/993 3830/3462/989
f 3832/3464/989 3842/3474/993 3831/3463/989
f 3833/3465/989 3843/3475/993 3832/3464/989
f 3834/3466/989 3844/3476/993 3833/3465/989
f 3847/3477/994 3835/3478/995 3836/3467/990
f 3848/3479/994 3836/3467/990 3837/3468/990
f 3849/3480/994 3837/3468/990 3838/3469/990
f 3850/3481/994 3838/3469/990 3839/3470/990
f 3851/3482/996 3839/3470/990 3840/3471/991
f 3841/3473/993 3851/3482/996 3840/3471/991
f 3842/3474/993 3852/3483/997 3841/3473/993
f 3843/3475/993 3853/3484/997 3842/3474/993
f 3844/3476/993 3854/3485/997 3843/3475/993
f 3845/3486/998 3855/3487/997 3844/3476/993
f 3858/3488/999 3846/3489/994 3847/3477/994
f 3859/3490/999 3847/3477/994 3848/3479/994
f 3860/3491/999 3848/3479/994 3849/3480/994
f 3861/3492/999 3849/3480/994 3850/3481/994
f 3862/3493/1000 3850/3481/994 3851/3482/996
f 3852/3483/997 3862/3493/1000 3851/3482/996
f 3853/3484/997 3863/3494/1001 3852/3483/997
f 3854/3485/997 3864/3495/1001 3853/3484/997
f 3855/3487/997 3865/3496/1001 3854/3485/997
f 3856/3497/997 3866/3498/1001 3855/3487/997
f 3869/3499/1002 3857/3500/999 3858/3488/999
f 3870/3501/1002 3858/3488/999 3859/3490/999
f 3871/3502/1002 3859/3490/999 3860/3491/999
f 3872/3503/1002 3860/3491/999 3861/3492/999
f 3873/3504/1003 3861/3492/999 3862/3493/1000
f 3863/3494/1001 3873/3504/1003 3862/3493/1000
f 3864/3495/1001 3874/3505/1004 3863/3494/1001
f 3865/3496/1001 3875/3506/1004 3864/3495/1001
f 3866/3498/1001 3876/3507/1004 3865/3496/1001
f 3867/3508/1001 3877/3509/1004 3866/3498/1001
f 3880/3510/1005 3868/3511/1002 3869/3499/1002
f 3881/3512/1005 3869/3499/1002 3870/3501/1002
f 3882/3513/1005 3870/3501/1002 3871/3502/1002
f 3883/3514/1005 3871/3502/1002 3872/3503/1002
f 3884/3515/1006 3872/3503/1002 3873/3504/1003
f 3874/3505/1004 3884/3515/1006 3873/3504/1003
f 3875/3506/1004 3885/3516/1007 3874/3505/1004
f 3876/3507/1004 3886/3517/1007 3875/3506/1004
f 3877/3509/1004 3887/3518/1007 3876/3507/1004
f 3878/3519/1004 3888/3520/1007 3877/3509/1004
f 3891/3521/1008 3879/3522/1005 3880/3510/1005
f 3892/3523/1008 3880/3510/1005 3881/3512/1005
f 3893/3524/1008 3881/3512/1005 3882/3513/1005
f 3894/3525/1008 3882/3513/1005 3883/3514/1005
f 3895/3526/1009 3883/3514/1005 3884/3515/1006
f 3885/3516/1007 3895/3526/1009 3884/3515/1006
f 3886/3517/1007 3896/3527/1010 3885/3516/1007
f 3887/3518/1007 3897/3528/1010 3886/3517/1007
f 3888/3520/1007 3898/3529/1010 3887/3518/1007
f 3889/3530/1007 3899/3531/1010 3888/3520/1007
f 3902/3532/1011 3890/3533/1008 3891/3521/1008
f 3903/3534/1011 3891/3521/1008 3892/3523/1008
f 3904/3535/1011 3892/3523/1008 3893/3524/1008
f 3905/3536/1011 3893/3524/1008 3894/3525/1008
f 3906/3537/1012 3894/3525/1008 3895/3526/1009
f 3896/3527/1010 3906/3537/1012 3895/3526/1009
f 3897/3528/1010 3907/3538/1013 3896/3527/1010
f 3898/3529/1010 3908/3539/1013 3897/3528/1010
f 3899/3531/1010 3909/3540/1013 3898/3529/1010
f 3900/3541/1010 3910/3542/1013 3899/3531/1010
f 3913/3543/1014 3901/3544/1011 3902/3532/1011
f 3914/3545/1014 3902/3532/1011 3903/3534/1011
f 3915/3546/1014 3903/3534/1011 3904/3535/1011
f 3916/3547/1014 3904/3535/1011 3905/3536/1011
f 3917/3548/1015 3905/3536/1011 3906/3537/1012
f 3907/3538/1013 3917/3548/1015 3906/3537/1012
f 3908/3539/1013 3918/3549/1016 3907/3538/1013
f 3909/3540/1013 3919/3550/1016 3908/3539/1013
f 3910/3542/1013 3920/3551/1016 3909/3540/1013
f 3911/3552/1013 3921/3553/1016 3910/3542/1013
f 3924/3554/1017 3912/3555/1014 3913/3543/1014
f 3925/3556/1017 3913/3543/1014 3914/3545/1014
f 3926/3557/1017 3914/3545/1014 3915/3546/1014
f 3927/3558/1017 3915/3546/1014 3916/3547/1014
f 3928/3559/1018 3916/3547/1014 3917/3548/1015
f 3918/3549/1016 3928/3559/1018 3917/3548/1015
f 3919/3550/1016 3929/3560/1019 3918/3549/1016
f 3920/3551/1016 3930/3561/1019 3919/3550/1016
f 3921/3553/1016 3931/3562/1019 3920/3551/1016
f 3922/3563/1016 3932/3564/1019 3921/3553/1016
f 3935/3565/1020 3923/3566/1017 3924/3554/1017
f 3936/3567/1020 3924/3554/1017 3925/3556/1017
f 3937/3568/1020 3925/3556/1017 3926/3557/1017
f 3938/3569/1020 3926/3557/1017 3927/3558/1017
f 3939/3570/1021 3927/3558/1017 3928/3559/1018
f 3929/3560/1019 3939/3570/1021 3928/3559/1018
f 3930/3561/1019 3940/3571/1022 3929/3560/1019
f 3931/3562/1019 3941/3572/1022 3930/3561/1019
f 3932/3564/1019 3942/3573/1022 3931/3562/1019
f 3933/3574/1019 3943/3575/1022 3932/3564/1019
f 3946/3576/1023 3934/3577/1020 3935/3565/1020
f 3947/3578/1023 3935/3565/1020 3936/3567/1020
f 3948/3579/1023 3936/3567/1020 3937/3568/1020
f 3949/3580/1023 3937/3568/1020 3938/3569/1020
f 3950/3581/1024 3938/3569/1020 3939/3570/1021
f 3940/3571/1022 3950/3581/1024 3939/3570/1021
f 3941/3572/1022 3951/3582/1025 3940/3571/1022
f 3942/3573/1022 3952/3583/1025 3941/3572/1022
f 3943/3575/1022 3953/3584/1025 3942/3573/1022
f 3944/3585/1022 3954/3586/1025 3943/3575/1022
f 3957/3587/1026 3945/3588/1023 3946/3576/1023
f 3958/3589/1026 3946/3576/1023 3947/3578/1023
f 3959/3590/1026 3947/3578/1023 3948/3579/1023
f 3960/3591/1026 3948/3579/1023 3949/3580/1023
f 3961/3592/1027 3949/3580/1023 3950/3581/1024
f 3951/3582/1025 3961/3592/1027 3950/3581/1024
f 3952/3583/1025 3962/3593/1028 3951/3582/1025
f 3953/3584/1025 3963/3594/1028 3952/3583/1025
f 3954/3586/1025 3964/3595/1028 3953/3584/1025
f 3955/3596/1025 3965/3597/1028 3954/3586/1025
f 3968/3598/1029 3956/3599/1026 3957/3587/1026
f 3969/3600/1029 3957/3587/1026 3958/3589/1026
f 3970/3601/1030 3958/3589/1026 3959/3590/1026
f 3971/3602/1030 3959/3590/1026 3960/3591/1026
f 3972/3603/1031 3960/3591/1026 3961/3592/1027
f 3962/3593/1028 3972/3603/1031 3961/3592/1027
f 3963/3594/1028 3973/3604/1032 3962/3593/1028
f 3964/3595/1028 3974/3605/1033 3963/3594/1028
f 3965/3597/1028 3975/3606/1033 3964/3595/1028
f 3966/3607/1028 3976/3608/1033 3965/3597/1028
f 3979/3609/1034 3967/3610/1030 3968/3598/1029
f 3980/3611/1034 3968/3598/1029 3969/3600/1029
f 3981/3612/1034 3969/3600/1029 3970/3601/1030
f 3982/3613/1034 3970/3601/1030 3971/3602/1030
f 3983/3614/1035 3971/3602/1030 3972/3603/1031
f 3973/3604/1032 3983/3614/1035 3972/3603/1031
f 3974/3605/1033 3984/3615/1036 3973/3604/1032
f 3975/3606/1033 3985/3616/1036 3974/3605/1033
f 3976/3608/1033 3986/3617/1036 3975/3606/1033
f 3977/3618/1032 3987/3619/1036 3976/3608/1033
f 3990/3620/1037 3978/3621/1034 3979/3609/1034
f 3991/3622/1038 3979/3609/1034 3980/3611/1034
f 3992/3623/1037 3980/3611/1034 3981/3612/1034
f 3993/3624/1037 3981/3612/1034 3982/3613/1034
f 3994/3625/1039 3982/3613/1034 3983/3614/1035
f 3984/3615/1036 3994/3625/1039 3983/3614/1035
f 3985/3616/1036 3995/3626/1040 3984/3615/1036
f 3986/3617/1036 3996/3627/1040 3985/3616/1036
f 3987/3619/1036 3997/3628/1040 3986/3617/1036
f 3988/3629/1036 3998/3630/1040 3987/3619/1036
f 4001/3631/1041 3989/3632/1037 3990/3620/1037
f 4002/3633/1041 3990/3620/1037 3991/3622/1038
f 4003/3634/1041 3991/3622/1038 3992/3623/1037
f 4004/3635/1041 3992/3623/1037 3993/3624/1037
f 4005/3636/1042 3993/3624/1037 3994/3625/1039
f 3995/3626/1040 4005/3636/1042 3994/3625/1039
f 3996/3627/1040 4006/3637/1043 3995/3626/1040
f 3997/3628/1040 4007/3638/1043 3996/3627/1040
f 3998/3630/1040 4008/3639/1043 3997/3628/1040
f 3999/3640/1040 4009/3641/1043 3998/3630/1040
f 4012/3642/1044 4000/3643/1041 4001/3631/1041
f 4013/3644/1044 4001/3631/1041 4002/3633/1041
f 4014/3645/1044 4002/3633/1041 4003/3634/1041
f 4015/3646/1044 4003/3634/1041 4004/3635/1041
f 4016/3647/1045 4004/3635/1041 4005/3636/1042
f 4006/3637/1043 4016/3647/1045 4005/3636/1042
f 4007/3638/1043 4017/3648/1046 4006/3637/1043
f 4008/3639/1043 4018/3649/1046 4007/3638/1043
f 4009/3641/1043 4019/3650/1046 4008/3639/1043
f 4010/3651/1043 4020/3652/1046 4009/3641/1043
f 4023/3653/1047 4011/3654/1044 4012/3642/1044
f 4024/3655/1047 4012/3642/1044 4013/3644/1044
f 4025/3656/1047 4013/3644/1044 4014/3645/1044
f 4026/3657/1047 4014/3645/1044 4015/3646/1044
f 4027/3658/1048 4015/3646/1044 4016/3647/1045
f 4017/3648/1046 4027/3658/1048 4016/3647/1045
f 4018/3649/1046 4028/3659/1049 4017/3648/1046
f 4019/3650/1046 4029/3660/1049 4018/3649/1046
f 4020/3652/1046 4030/3661/1049 4019/3650/1046
f 4021/3662/1046 4031/3663/1049 4020/3652/1046
f 4034/3664/1050 4022/3665/1047 4023/3653/1047
f 4035/3666/1050 4023/3653/1047 4024/3655/1047
f 4036/3667/1050 4024/3655/1047 4025/3656/1047
f 4037/3668/1050 4025/3656/1047 4026/3657/1047
f 4038/3669/1051 4026/3657/1047 4027/3658/1048
f 4028/3659/1049 4038/3669/1051 4027/3658/1048
f 4029/3660/1049 4039/3670/1052 4028/3659/1049
f 4030/3661/1049 4040/3671/1052 4029/3660/1049
f 4031/3663/1049 4041/3672/1052 4030/3661/1049
f 4032/3673/1049 4042/3674/1052 4031/3663/1049
f 4045/3675/1053 4033/3676/1050 4034/3664/1050
f 4046/3677/1053 4034/3664/1050 4035/3666/1050
f 4047/3678/1053 4035/3666/1050 4036/3667/1050
f 4048/3679/1053 4036/3667/1050 4037/3668/1050
f 4049/3680/1054 4037/3668/1050 4038/3669/1051
f 4039/3670/1052 4049/3680/1054 4038/3669/1051
f 4040/3671/1052 4050/3681/1055 4039/3670/1052
f 4041/3672/1052 4051/3682/1055 4040/3671/1052
f 4042/3674/1052 4052/3683/1055 4041/3672/1052
f 4043/3684/1052 4053/3685/1055 4042/3674/1052
f 4056/3686/1056 4044/3687/1053 4045/3675/1053
f 4057/3688/1056 4045/3675/1053 4046/3677/1053
f 4058/3689/1056 4046/3677/1053 4047/3678/1053
f 4059/3690/1056 4047/3678/1053 4048/3679/1053
f 4060/3691/1057 4048/3679/1053 4049/3680/1054
f 4050/3681/1055 4060/3691/1057 4049/3680/1054
f 4051/3682/1055 4061/3692/1058 4050/3681/1055
f 4052/3683/1055 4062/3693/1058 4051/3682/1055
f 4053/3685/1055 4063/3694/1058 4052/3683/1055
f 4054/3695/1055 4064/3696/1058 4053/3685/1055
f 4067/3697/1059 4055/3698/1056 4056/3686/1056
f 4068/3699/1059 4056/3686/1056 4057/3688/1056
f 4069/3700/1059 4057/3688/1056 4058/3689/1056
f 4070/3701/1059 4058/3689/1056 4059/3690/1056
f 4071/3702/1060 4059/3690/1056 4060/3691/1057
f 4061/3692/1058 4071/3702/1060 4060/3691/1057
f 4062/3693/1058 4072/3703/1061 4061/3692/1058
f 4063/3694/1058 4073/3704/1061 4062/3693/1058
f 4064/3696/1058 4074/3705/1061 4063/3694/1058
f 4065/3706/1058 4075/3707/1061 4064/3696/1058
f 4078/3708/1062 4066/3709/1059 4067/3697/1059
f 4079/3710/1062 4067/3697/1059 4068/3699/1059
f 4080/3711/1062 4068/3699/1059 4069/3700/1059
f 4081/3712/1062 4069/3700/1059 4070/3701/1059
f 4082/3713/1063 4070/3701/1059 4071/3702/1060
f 4072/3703/1061 4082/3713/1063 4071/3702/1060
f 4073/3704/1061 4083/3714/1064 4072/3703/1061
f 4074/3705/1061 4084/3715/1064 4073/3704/1061
f 4075/3707/1061 4085/3716/1064 4074/3705/1061
f 4076/3717/1061 4086/3718/1064 4075/3707/1061
f 4089/3719/1065 4077/3720/1062 4078/3708/1062
f 4090/3721/1065 4078/3708/1062 4079/3710/1062
f 4091/3722/1065 4079/3710/1062 4080/3711/1062
f 4092/3723/1065 4080/3711/1062 4081/3712/1062
f 4093/3724/1066 4081/3712/1062 4082/3713/1063
f 4083/3714/1064 4093/3724/1066 4082/3713/1063
f 4084/3715/1064 4094/3725/1067 4083/3714/1064
f 4085/3716/1064 4095/3726/1067 4084/3715/1064
f 4086/3718/1064 4096/3727/1067 4085/3716/1064
f 4087/3728/1064 4097/3729/1067 4086/3718/1064
f 4100/3730/1068 4088/3731/1065 4089/3719/1065
f 4101/3732/1068 4089/3719/1065 4090/3721/1065
f 4102/3733/1068 4090/3721/1065 4091/3722/1065
f 4103/3734/1068 4091/3722/1065 4092/3723/1065
f 4104/3735/1069 4092/3723/1065 4093/3724/1066
f 4094/3725/1067 4104/3735/1069 4093/3724/1066
f 4095/3726/1067 4105/3736/1070 4094/3725/1067
f 4096/3727/1067 4106/3737/1070 4095/3726/1067
f 4097/3729/1067 4107/3738/1070 4096/3727/1067
f 4098/3739/1067 4108/3740/1070 4097/3729/1067
f 4111/3741/1071 4099/3742/1068 4100/3730/1068
f 4112/3743/1071 4100/3730/1068 4101/3732/1068
f 4113/3744/1071 4101/3732/1068 4102/3733/1068
f 4114/3745/1071 4102/3733/1068 4103/3734/1068
f 4115/3746/1072 4103/3734/1068 4104/3735/1069
f 4105/3736/1070 4115/3746/1072 4104/3735/1069
f 4106/3737/1070 4116/3747/1073 4105/3736/1070
f 4107/3738/1070 4117/3748/1073 4106/3737/1070
f 4108/3740/1070 4118/3749/1073 4107/3738/1070
f 4109/3750/1070 4119/3751/1073 4108/3740/1070
f 4122/3752/1074 4110/3753/1071 4111/3741/1071
f 4123/3754/1074 4111/3741/1071 4112/3743/1071
f 4124/3755/1074 4112/3743/1071 4113/3744/1071
f 4125/3756/1074 4113/3744/1071 4114/3745/1071
f 4126/3757/1075 4114/3745/1071 4115/3746/1072
f 4116/3747/1073 4126/3757/1075 4115/3746/1072
f 4117/3748/1073 4127/3758/1076 4116/3747/1073
f 4118/3749/1073 4128/3759/1076 4117/3748/1073
f 4119/3751/1073 4129/3760/1076 4118/3749/1073
f 4120/3761/1073 4130/3762/1076 4119/3751/1073
f 4133/3763/1077 4121/3764/1074 4122/3752/1074
f 4134/3765/1077 4122/3752/1074 4123/3754/1074
f 4135/3766/1077 4123/3754/1074 4124/3755/1074
f 4136/3767/1077 4124/3755/1074 4125/3756/1074
f 4137/3768/1078 4125/3756/1074 4126/3757/1075
f 4127/3758/1076 4137/3768/1078 4126/3757/1075
f 4128/3759/1076 4138/3769/1079 4127/3758/1076
f 4129/3760/1076 4139/3770/1079 4128/3759/1076
f 4130/3762/1076 4140/3771/1079 4129/3760/1076
f 4131/3772/1076 4141/3773/1079 4130/3762/1076
f 4144/3774/1080 4132/3775/1077 4133/3763/1077
f 4145/3776/1080 4133/3763/1077 4134/3765/1077
f 4146/3777/1080 4134/3765/1077 4135/3766/1077
f 4147/3778/1080 4135/3766/1077 4136/3767/1077
f 4148/3779/1081 4136/3767/1077 4137/3768/1078
f 4138/3769/1079 4148/3779/1081 4137/3768/1078
f 4139/3770/1079 4149/3780/1082 4138/3769/1079
f 4140/3771/1079 4150/3781/1082 4139/3770/1079
f 4141/3773/1079 4151/3782/1082 4140/3771/1079
f 4142/3783/1079 4152/3784/1082 4141/3773/1079
f 4155/3785/1083 4143/3786/1080 4144/3774/1080
f 4156/3787/1083 4144/3774/1080 4145/3776/1080
f 4157/3788/1083 4145/3776/1080 4146/3777/1080
f 4158/3789/1083 4146/3777/1080 4147/3778/1080
f 4159/3790/1084 4147/3778/1080 4148/3779/1081
f 4149/3780/1082 4159/3790/1084 4148/3779/1081
f 4150/3781/1082 4160/3791/1085 4149/3780/1082
f 4151/3782/1082 4161/3792/1085 4150/3781/1082
f 4152/3784/1082 4162/3793/1085 4151/3782/1082
f 4153/3794/1082 4163/3795/1085 4152/3784/1082
f 4166/3796/1086 4154/3797/1083 4155/3785/1083
f 4167/3798/1086 4155/3785/1083 4156/3787/1083
f 4168/3799/1086 4156/3787/1083 4157/3788/1083
f 4169/3800/1086 4157/3788/1083 4158/3789/1083
f 4170/3801/1087 4158/3789/1083 4159/3790/1084
f 4160/3791/1085 4170/3801/1087 4159/3790/1084
f 4161/3792/1085 4171/3802/1088 4160/3791/1085
f 4162/3793/1085 4172/3803/1088 4161/3792/1085
f 4163/3795/1085 4173/3804/1088 4162/3793/1085
f 4164/3805/1085 4174/3806/1088 4163/3795/1085
f 4177/3807/1089 4165/3808/1086 4166/3796/1086
f 4178/3809/1089 4166/3796/1086 4167/3798/1086
f 4179/3810/1089 4167/3798/1086 4168/3799/1086
f 4180/3811/1089 4168/3799/1086 4169/3800/1086
f 4181/3812/1090 4169/3800/1086 4170/3801/1087
f 4171/3802/1088 4181/3812/1090 4170/3801/1087
f 4172/3803/1088 4182/3813/1091 4171/3802/1088
f 4173/3804/1088 4183/3814/1091 4172/3803/1088
f 4174/3806/1088 4184/3815/1091 4173/3804/1088
f 4175/3816/1088 4185/3817/1091 4174/3806/1088
f 4188/3818/1092 4176/3819/1089 4177/3807/1089
f 4189/3820/1092 4177/3807/1089 4178/3809/1089
f 4190/3821/1092 4178/3809/1089 4179/3810/1089
f 4191/3822/1092 4179/3810/1089 4180/3811/1089
f 4192/3823/1093 4180/3811/1089 4181/3812/1090
f 4182/3813/1091 4192/3823/1093 4181/3812/1090
f 4183/3814/1091 4193/3824/1094 4182/3813/1091
f 4184/3815/1091 4194/3825/1094 4183/3814/1091
f 4185/3817/1091 4195/3826/1094 4184/3815/1091
f 4186/3827/1091 4196/3828/1094 4185/3817/1091
f 4199/3829/1095 4187/3830/1092 4188/3818/1092
f 4200/3831/1095 4188/3818/1092 4189/3820/1092
f 4201/3832/1095 4189/3820/1092 4190/3821/1092
f 4202/3833/1095 4190/3821/1092 4191/3822/1092
f 4203/3834/1096 4191/3822/1092 4192/3823/1093
f 4193/3824/1094 4203/3834/1096 4192/3823/1093
f 4194/3825/1094 4204/3835/1097 4193/3824/1094
f 4195/3826/1094 4205/3836/1097 4194/3825/1094
f 4196/3828/1094 4206/3837/1097 4195/3826/1094
f 4197/3838/1094 4207/3839/1097 4196/3828/1094
f 4199/3829/1095 4209/3840/1098 4198/3841/1095
f 4200/3831/1095 4210/3842/1098 4199/3829/1095
f 4201/3832/1095 4211/3843/1098 4200/3831/1095
f 4202/3833/1095 4212/3844/1098 4201/3832/1095
f 4203/3834/1096 4213/3845/1098 4202/3833/1095
f 4215/3846/1099 4203/3834/1096 4204/3835/1097
f 4216/3847/1099 4204/3835/1097 4205/3836/1097
f 4217/3848/1099 4205/3836/1097 4206/3837/1097
f 4218/3849/1099 4206/3837/1097 4207/3839/1097
f 4219/3850/1099 4207/3839/1097 4208/3851/1097
f 4221/3852/1100 4209/3840/1098 4210/3842/1098
f 4222/3853/1100 4210/3842/1098 4211/3843/1098
f 4223/3854/1100 4211/3843/1098 4212/3844/1098
f 4224/3855/1100 4212/3844/1098 4213/3845/1098
f 4225/3856/1101 4213/3845/1098 4214/3857/1102
f 4215/3846/1099 4225/3856/1101 4214/3857/1102
f 4216/3847/1099 4226/3858/1103 4215/3846/1099
f 4217/3848/1099 4227/3859/1103 4216/3847/1099
f 4218/3849/1099 4228/3860/1103 4217/3848/1099
f 4219/3850/1099 4229/3861/1103 4218/3849/1099
f 4232/3862/1104 4220/3863/1100 4221/3852/1100
f 4233/3864/1104 4221/3852/1100 4222/3853/1100
f 4234/3865/1104 4222/3853/1100 4223/3854/1100
f 4235/3866/1104 4223/3854/1100 4224/3855/1100
f 4236/3867/1105 4224/3855/1100 4225/3856/1101
f 4226/3858/1103 4236/3867/1105 4225/3856/1101
f 4227/3859/1103 4237/3868/1106 4226/3858/1103
f 4228/3860/1103 4238/3869/1106 4227/3859/1103
f 4229/3861/1103 4239/3870/1106 4228/3860/1103
f 4230/3871/1103 4240/3872/1106 4229/3861/1103
f 4243/3873/1107 4231/3874/1104 4232/3862/1104
f 4244/3875/1107 4232/3862/1104 4233/3864/1104
f 4245/3876/1107 4233/3864/1104 4234/3865/1104
f 4246/3877/1107 4234/3865/1104 4235/3866/1104
f 4247/3878/1108 4235/3866/1104 4236/3867/1105
f 4237/3868/1106 4247/3878/1108 4236/3867/1105
f 4238/3869/1106 4248/3879/1109 4237/3868/1106
f 4239/3870/1106 4249/3880/1109 4238/3869/1106
f 4240/3872/1106 4250/3881/1109 4239/3870/1106
f 4241/3882/1106 4251/3883/1109 4240/3872/1106
f 4254/3884/1110 4242/3885/1107 4243/3873/1107
f 4255/3886/1110 4243/3873/1107 4244/3875/1107
f 4256/3887/1110 4244/3875/1107 4245/3876/1107
f 4257/3888/1110 4245/3876/1107 4246/3877/1107
f 4258/3889/1111 4246/3877/1107 4247/3878/1108
f 4248/3879/1109 4258/3889/1111 4247/3878/1108
f 4249/3880/1109 4259/3890/1112 4248/3879/1109
f 4250/3881/1109 4260/3891/1112 4249/3880/1109
f 4251/3883/1109 4261/3892/1112 4250/3881/1109
f 4252/3893/1109 4262/3894/1112 4251/3883/1109
f 4265/3895/1095 4253/3896/1110 4254/3884/1110
f 4266/3897/1095 4254/3884/1110 4255/3886/1110
f 4267/3898/1095 4255/3886/1110 4256/3887/1110
f 4268/3899/1095 4256/3887/1110 4257/3888/1110
f 4269/3900/1113 4257/3888/1110 4258/3889/1111
f 4259/3890/1112 4269/3900/1113 4258/3889/1111
f 4260/3891/1112 4270/3901/1097 4259/3890/1112
f 4261/3892/1112 4271/3902/1097 4260/3891/1112
f 4262/3894/1112 4272/3903/1097 4261/3892/1112
f 4263/3904/1112 4273/3905/1097 4262/3894/1112
f 4276/3906/1114 4264/3907/1095 4265/3895/1095
f 4277/3908/1114 4265/3895/1095 4266/3897/1095
f 4278/3909/1114 4266/3897/1095 4267/3898/1095
f 4279/3910/1114 4267/3898/1095 4268/3899/1095
f 4280/3911/1115 4268/3899/1095 4269/3900/1113
f 4270/3901/1097 4280/3911/1115 4269/3900/1113
f 4271/3902/1097 4281/3912/1116 4270/3901/1097
f 4272/3903/1097 4282/3913/1116 4271/3902/1097
f 4273/3905/1097 4283/3914/1116 4272/3903/1097
f 4274/3915/1097 4284/3916/1116 4273/3905/1097
f 4287/3917/1117 4275/3918/1114 4276/3906/1114
f 4288/3919/1117 4276/3906/1114 4277/3908/1114
f 4289/3920/1117 4277/3908/1114 4278/3909/1114
f 4290/3921/1117 4278/3909/1114 4279/3910/1114
f 4291/3922/1118 4279/3910/1114 4280/3911/1115
f 4281/3912/1116 4291/3922/1118 4280/3911/1115
f 4282/3913/1116 4292/3923/1119 4281/3912/1116
f 4283/3914/1116 4293/3924/1119 4282/3913/1116
f 4284/3916/1116 4294/3925/1119 4283/3914/1116
f 4285/3926/1116 4295/3927/1119 4284/3916/1116
f 4298/3928/1120 4286/3929/1117 4287/3917/1117
f 4299/3930/1120 4287/3917/1117 4288/3919/1117
f 4300/3931/1120 4288/3919/1117 4289/3920/1117
f 4301/3932/1120 4289/3920/1117 4290/3921/1117
f 4302/3933/1121 4290/3921/1117 4291/3922/1118
f 4292/3923/1119 4302/3933/1121 4291/3922/1118
f 4293/3924/1119 4303/3934/1122 4292/3923/1119
f 4294/3925/1119 4304/3935/1122 4293/3924/1119
f 4295/3927/1119 4305/3936/1122 4294/3925/1119
f 4296/3937/1119 4306/3938/1122 4295/3927/1119
f 4309/3939/1123 4297/3940/1120 4298/3928/1120
f 4310/3941/1123 4298/3928/1120 4299/3930/1120
f 4311/3942/1123 4299/3930/1120 4300/3931/1120
f 4312/3943/1123 4300/3931/1120 4301/3932/1120
f 4313/3944/1124 4301/3932/1120 4302/3933/1121
f 4303/3934/1122 4313/3944/1124 4302/3933/1121
f 4304/3935/1122 4314/3945/1125 4303/3934/1122
f 4305/3936/1122 4315/3946/1125 4304/3935/1122
f 4306/3938/1122 4316/3947/1125 4305/3936/1122
f 4307/3948/1122 4317/3949/1125 4306/3938/1122
f 4320/3950/1126 4308/3951/1123 4309/3939/1123
f 4321/3952/1126 4309/3939/1123 4310/3941/1123
f 4322/3953/1126 4310/3941/1123 4311/3942/1123
f 4323/3954/1126 4311/3942/1123 4312/3943/1123
f 4324/3955/1127 4312/3943/1123 4313/3944/1124
f 4314/3945/1125 4324/3955/1127 4313/3944/1124
f 4315/3946/1125 4325/3956/1128 4314/3945/1125
f 4316/3947/1125 4326/3957/1128 4315/3946/1125
f 4317/3949/1125 4327/3958/1128 4316/3947/1125
f 4318/3959/1125 4328/3960/1128 4317/3949/1125
f 4331/3961/1129 4319/3962/1126 4320/3950/1126
f 4332/3963/1129 4320/3950/1126 4321/3952/1126
f 4333/3964/1130 4321/3952/1126 4322/3953/1126
f 4334/3965/1131 4322/3953/1126 4323/3954/1126
f 4335/3966/1132 4323/3954/1126 4324/3955/1127
f 4325/3956/1128 4335/3966/1132 4324/3955/1127
f 4326/3957/1128 4336/3967/1133 4325/3956/1128
f 4327/3958/1128 4337/3968/1134 4326/3957/1128
f 4328/3960/1128 4338/3969/1135 4327/3958/1128
f 4329/3970/1128 4339/3971/1136 4328/3960/1128
f 4342/3972/1137 4330/3973/1129 4331/3961/1129
f 4343/3974/1137 4331/3961/1129 4332/3963/1129
f 4333/3964/1130 4343/3974/1137 4332/3963/1129
f 4334/3965/1131 4344/3975/1138 4333/3964/1130
f 4335/3966/1132 4345/3976/1138 4334/3965/1131
f 4347/3977/1138 4335/3966/1132 4336/3967/1133
f 4348/3978/1138 4336/3967/1133 4337/3968/1134
f 4338/3969/1135 4348/3978/1138 4337/3968/1134
f 4339/3971/1136 4349/3979/1139 4338/3969/1135
f 4340/3980/1136 4350/3981/1139 4339/3971/1136
f 4342/3972/1137 4352/3982/1140 4341/3983/1137
f 4343/3974/1137 4353/3984/1140 4342/3972/1137
f 4344/3975/1138 4354/3985/1140 4343/3974/1137
f 4345/3976/1138 4355/3986/1140 4344/3975/1138
f 4346/3987/1141 4356/3988/1140 4345/3976/1138
f 4358/3989/1142 4346/3987/1141 4347/3977/1138
f 4359/3990/1142 4347/3977/1138 4348/3978/1138
f 4360/3991/1142 4348/3978/1138 4349/3979/1139
f 4361/3992/1142 4349/3979/1139 4350/3981/1139
f 4362/3993/1142 4350/3981/1139 4351/3994/1139
f 4364/3995/1143 4352/3982/1140 4353/3984/1140
f 4365/3996/1143 4353/3984/1140 4354/3985/1140
f 4366/3997/1143 4354/3985/1140 4355/3986/1140
f 4367/3998/1143 4355/3986/1140 4356/3988/1140
f 4368/3999/1144 4356/3988/1140 4357/4000/1145
f 4358/3989/1142 4368/3999/1144 4357/4000/1145
f 4359/3990/1142 4369/4001/1146 4358/3989/1142
f 4360/3991/1142 4370/4002/1146 4359/3990/1142
f 4361/3992/1142 4371/4003/1146 4360/3991/1142
f 4362/3993/1142 4372/4004/1146 4361/3992/1142
f 4375/4005/1147 4363/4006/1143 4364/3995/1143
f 4376/4007/1147 4364/3995/1143 4365/3996/1143
f 4377/4008/1147 4365/3996/1143 4366/3997/1143
f 4378/4009/1147 4366/3997/1143 4367/3998/1143
f 4379/4010/1148 4367/3998/1143 4368/3999/1144
f 4369/4001/1146 4379/4010/1148 4368/3999/1144
f 4370/4002/1146 4380/4011/1149 4369/4001/1146
f 4371/4003/1146 4381/4012/1149 4370/4002/1146
f 4372/4004/1146 4382/4013/1149 4371/4003/1146
f 4373/4014/1146 4383/4015/1149 4372/4004/1146
f 4386/4016/1150 4374/4017/1147 4375/4005/1147
f 4387/4018/1150 4375/4005/1147 4376/4007/1147
f 4388/4019/1150 4376/4007/1147 4377/4008/1147
f 4389/4020/1150 4377/4008/1147 4378/4009/1147
f 4390/4021/1151 4378/4009/1147 4379/4010/1148
f 4380/4011/1149 4390/4021/1151 4379/4010/1148
f 4381/4012/1149 4391/4022/1152 4380/4011/1149
f 4382/4013/1149 4392/4023/1153 4381/4012/1149
f 4383/4015/1149 4393/4024/1152 4382/4013/1149
f 4384/4025/1149 4394/4026/1152 4383/4015/1149
f 4397/4027/1154 4385/4028/1150 4386/4016/1150
f 4398/4029/1154 4386/4016/1150 4387/4018/1150
f 4399/4030/1154 4387/4018/1150 4388/4019/1150
f 4400/4031/1154 4388/4019/1150 4389/4020/1150
f 4401/4032/1155 4389/4020/1150 4390/4021/1151
f 4391/4022/1152 4401/4032/1155 4390/4021/1151
f 4392/4023/1153 4402/4033/1156 4391/4022/1152
f 4393/4024/1152 4403/4034/1156 4392/4023/1153
f 4394/4026/1152 4404/4035/1156 4393/4024/1152
f 4395/4036/1152 4405/4037/1156 4394/4026/1152
f 4408/4038/1157 4396/4039/1154 4397/4027/1154
f 4409/4040/1157 4397/4027/1154 4398/4029/1154
f 4410/4041/1157 4398/4029/1154 4399/4030/1154
f 4411/4042/1157 4399/4030/1154 4400/4031/1154
f 4412/4043/1158 4400/4031/1154 4401/4032/1155
f 4402/4033/1156 4412/4043/1158 4401/4032/1155
f 4403/4034/1156 4413/4044/1159 4402/4033/1156
f 4404/4035/1156 4414/4045/1159 4403/4034/1156
f 4405/4037/1156 4415/4046/1159 4404/4035/1156
f 4406/4047/1156 4416/4048/1159 4405/4037/1156
f 4419/4049/1160 4407/4050/1157 4408/4038/1157
f 4420/4051/1160 4408/4038/1157 4409/4040/1157
f 4421/4052/1160 4409/4040/1157 4410/4041/1157
f 4422/4053/1160 4410/4041/1157 4411/4042/1157
f 4423/4054/1161 4411/4042/1157 4412/4043/1158
f 4413/4044/1159 4423/4054/1161 4412/4043/1158
f 4414/4045/1159 4424/4055/1162 4413/4044/1159
f 4415/4046/1159 4425/4056/1162 4414/4045/1159
f 4416/4048/1159 4426/4057/1162 4415/4046/1159
f 4417/4058/1159 4427/4059/1162 4416/4048/1159
f 4430/4060/1163 4418/4061/1160 4419/4049/1160
f 4431/4062/1163 4419/4049/1160 4420/4051/1160
f 4432/4063/1163 4420/4051/1160 4421/4052/1160
f 4433/4064/1163 4421/4052/1160 4422/4053/1160
f 4434/4065/1164 4422/4053/1160 4423/4054/1161
f 4424/4055/1162 4434/4065/1164 4423/4054/1161
f 4425/4056/1162 4435/4066/1165 4424/4055/1162
f 4426/4057/1162 4436/4067/1165 4425/4056/1162
f 4427/4059/1162 4437/4068/1165 4426/4057/1162
f 4428/4069/1162 4438/4070/1165 4427/4059/1162
f 4441/4071/1166 4429/4072/1163 4430/4060/1163
f 4442/4073/1166 4430/4060/1163 4431/4062/1163
f 4443/4074/1166 4431/4062/1163 4432/4063/1163
f 4444/4075/1166 4432/4063/1163 4433/4064/1163
f 4445/4076/1167 4433/4064/1163 4434/4065/1164
f 4435/4066/1165 4445/4076/1167 4434/4065/1164
f 4436/4067/1165 4446/4077/1168 4435/4066/1165
f 4437/4068/1165 4447/4078/1168 4436/4067/1165
f 4438/4070/1165 4448/4079/1168 4437/4068/1165
f 4439/4080/1165 4449/4081/1168 4438/4070/1165
f 4452/4082/1169 4440/4083/1166 4441/4071/1166
f 4453/4084/1170 4441/4071/1166 4442/4073/1166
f 4454/4085/1169 4442/4073/1166 4443/4074/1166
f 4455/4086/1169 4443/4074/1166 4444/4075/1166
f 4456/4087/1171 4444/4075/1166 4445/4076/1167
f 4446/4077/1168 4456/4087/1171 4445/4076/1167
f 4447/4078/1168 4457/4088/1172 4446/4077/1168
f 4448/4079/1168 4458/4089/1172 4447/4078/1168
f 4449/4081/1168 4459/4090/1173 4448/4079/1168
f 4450/4091/1168 4460/4092/1173 4449/4081/1168
f 4463/4093/1174 4451/4094/1169 4452/4082/1169
f 4464/4095/1174 4452/4082/1169 4453/4084/1170
f 4465/4096/1174 4453/4084/1170 4454/4085/1169
f 4466/4097/1174 4454/4085/1169 4455/4086/1169
f 4467/4098/1175 4455/4086/1169 4456/4087/1171
f 4457/4088/1172 4467/4098/1175 4456/4087/1171
f 4458/4089/1172 4468/4099/1176 4457/4088/1172
f 4459/4090/1173 4469/4100/1176 4458/4089/1172
f 4460/4092/1173 4470/4101/1176 4459/4090/1173
f 4461/4102/1172 4471/4103/1176 4460/4092/1173
f 4474/4104/1177 4462/4105/1174 4463/4093/1174
f 4475/4106/1177 4463/4093/1174 4464/4095/1174
f 4476/4107/1177 4464/4095/1174 4465/4096/1174
f 4477/4108/1177 4465/4096/1174 4466/4097/1174
f 4478/4109/1178 4466/4097/1174 4467/4098/1175
f 4468/4099/1176 4478/4109/1178 4467/4098/1175
f 4469/4100/1176 4479/4110/1179 4468/4099/1176
f 4470/4101/1176 4480/4111/1179 4469/4100/1176
f 4471/4103/1176 4481/4112/1179 4470/4101/1176
f 4472/4113/1176 4482/4114/1179 4471/4103/1176
f 4474/4104/1177 4484/4115/1180 4473/4116/1177
f 4475/4106/1177 4485/4117/1180 4474/4104/1177
f 4476/4107/1177 4486/4118/1180 4475/4106/1177
f 4477/4108/1177 4487/4119/1180 4476/4107/1177
f 4478/4109/1178 4488/4120/1180 4477/4108/1177
f 4490/4121/1181 4478/4109/1178 4479/4110/1179
f 4491/4122/1181 4479/4110/1179 4480/4111/1179
f 4492/4123/1181 4480/4111/1179 4481/4112/1179
f 4493/4124/1181 4481/4112/1179 4482/4114/1179
f 4494/4125/1181 4482/4114/1179 4483/4126/1179
f 4496/4127/1182 4484/4115/1180 4485/4117/1180
f 4497/4128/1182 4485/4117/1180 4486/4118/1180
f 4498/4129/1182 4486/4118/1180 4487/4119/1180
f 4499/4130/1182 4487/4119/1180 4488/4120/1180
f 4500/4131/1183 4488/4120/1180 4489/4132/1184
f 4490/4121/1181 4500/4131/1183 4489/4132/1184
f 4491/4122/1181 4501/4133/1185 4490/4121/1181
f 4492/4123/1181 4502/4134/1185 4491/4122/1181
f 4493/4124/1181 4503/4135/1185 4492/4123/1181
f 4494/4125/1181 4504/4136/1185 4493/4124/1181
f 4507/4137/1186 4495/4138/1182 4496/4127/1182
f 4508/4139/1186 4496/4127/1182 4497/4128/1182
f 4509/4140/1186 4497/4128/1182 4498/4129/1182
f 4510/4141/1186 4498/4129/1182 4499/4130/1182
f 4511/4142/1187 4499/4130/1182 4500/4131/1183
f 4501/4133/1185 4511/4142/1187 4500/4131/1183
f 4502/4134/1185 4512/4143/1188 4501/4133/1185
f 4503/4135/1185 4513/4144/1188 4502/4134/1185
f 4504/4136/1185 4514/4145/1188 4503/4135/1185
f 4505/4146/1185 4515/4147/1188 4504/4136/1185
f 4518/4148/1189 4506/4149/1186 4507/4137/1186
f 4519/4150/1189 4507/4137/1186 4508/4139/1186
f 4520/4151/1189 4508/4139/1186 4509/4140/1186
f 4521/4152/1189 4509/4140/1186 4510/4141/1186
f 4522/4153/1190 4510/4141/1186 4511/4142/1187
f 4512/4143/1188 4522/4153/1190 4511/4142/1187
f 4513/4144/1188 4523/4154/1191 4512/4143/1188
f 4514/4145/1188 4524/4155/1191 4513/4144/1188
f 4515/4147/1188 4525/4156/1191 4514/4145/1188
f 4516/4157/1188 4526/4158/1191 4515/4147/1188
f 4529/4159/1192 4517/4160/1189 4518/4148/1189
f 4530/4161/1192 4518/4148/1189 4519/4150/1189
f 4531/4162/1192 4519/4150/1189 4520/4151/1189
f 4532/4163/1192 4520/4151/1189 4521/4152/1189
f 4533/4164/1193 4521/4152/1189 4522/4153/1190
f 4523/4154/1191 4533/4164/1193 4522/4153/1190
f 4524/4155/1191 4534/4165/1194 4523/4154/1191
f 4525/4156/1191 4535/4166/1194 4524/4155/1191
f 4526/4158/1191 4536/4167/1194 4525/4156/1191
f 4527/4168/1191 4537/4169/1194 4526/4158/1191
f 4540/4170/1195 4528/4171/1192 4529/4159/1192
f 4541/4172/1195 4529/4159/1192 4530/4161/1192
f 4542/4173/1195 4530/4161/1192 4531/4162/1192
f 4543/4174/1195 4531/4162/1192 4532/4163/1192
f 4544/4175/1196 4532/4163/1192 4533/4164/1193
f 4534/4165/1194 4544/4175/1196 4533/4164/1193
f 4535/4166/1194 4545/4176/1197 4534/4165/1194
f 4536/4167/1194 4546/4177/1197 4535/4166/1194
f 4537/4169/1194 4547/4178/1197 4536/4167/1194
f 4538/4179/1194 4548/4180/1198 4537/4169/1194
f 4551/4181/1199 4539/4182/1195 4540/4170/1195
f 4552/4183/1199 4540/4170/1195 4541/4172/1195
f 4553/4184/1199 4541/4172/1195 4542/4173/1195
f 4554/4185/1199 4542/4173/1195 4543/4174/1195
f 4555/4186/1200 4543/4174/1195 4544/4175/1196
f 4545/4176/1197 4555/4186/1200 4544/4175/1196
f 4546/4177/1197 4556/4187/1201 4545/4176/1197
f 4547/4178/1197 4557/4188/1201 4546/4177/1197
f 4548/4180/1198 4558/4189/1201 4547/4178/1197
f 4549/4190/1197 4559/4191/1201 4548/4180/1198
f 4562/4192/1202 4550/4193/1199 4551/4181/1199
f 4563/4194/1202 4551/4181/1199 4552/4183/1199
f 4564/4195/1202 4552/4183/1199 4553/4184/1199
f 4565/4196/1202 4553/4184/1199 4554/4185/1199
f 4566/4197/1203 4554/4185/1199 4555/4186/1200
f 4556/4187/1201 4566/4197/1203 4555/4186/1200
f 4557/4188/1201 4567/4198/1204 4556/4187/1201
f 4558/4189/1201 4568/4199/1204 4557/4188/1201
f 4559/4191/1201 4569/4200/1204 4558/4189/1201
f 4560/4201/1201 4570/4202/1204 4559/4191/1201
f 4573/4203/1205 4561/4204/1202 4562/4192/1202
f 4574/4205/1205 4562/4192/1202 4563/4194/1202
f 4575/4206/1205 4563/4194/1202 4564/4195/1202
f 4576/4207/1205 4564/4195/1202 4565/4196/1202
f 4577/4208/1206 4565/4196/1202 4566/4197/1203
f 4567/4198/1204 4577/4208/1206 4566/4197/1203
f 4568/4199/1204 4578/4209/1207 4567/4198/1204
f 4569/4200/1204 4579/4210/1207 4568/4199/1204
f 4570/4202/1204 4580/4211/1207 4569/4200/1204
f 4571/4212/1204 4581/4213/1207 4570/4202/1204
f 4573/4203/1205 4583/4214/1208 4572/4215/1205
f 4574/4205/1205 4584/4216/1208 4573/4203/1205
f 4575/4206/1205 4585/4217/1208 4574/4205/1205
f 4576/4207/1205 4586/4218/1208 4575/4206/1205
f 4577/4208/1206 4587/4219/1208 4576/4207/1205
f 4589/4220/1209 4577/4208/1206 4578/4209/1207
f 4590/4221/1209 4578/4209/1207 4579/4210/1207
f 4591/4222/1209 4579/4210/1207 4580/4211/1207
f 4592/4223/1209 4580/4211/1207 4581/4213/1207
f 4593/4224/1209 4581/4213/1207 4582/4225/1207
f 4584/4216/1208 4594/4226/1210 4583/4214/1208
f 4585/4217/1208 4595/4227/1210 4584/4216/1208
f 4586/4218/1208 4596/4228/1210 4585/4217/1208
f 4587/4219/1208 4597/4229/1210 4586/4218/1208
f 4588/4230/1211 4598/4231/1210 4587/4219/1208
f 4600/4232/1212 4588/4230/1211 4589/4220/1209
f 4601/4233/1212 4589/4220/1209 4590/4221/1209
f 4602/4234/1212 4590/4221/1209 4591/4222/1209
f 4603/4235/1212 4591/4222/1209 4592/4223/1209
f 4604/4236/1212 4592/4223/1209 4593/4224/1209
f 4595/4227/1210 4605/4237/1213 4594/4226/1210
f 4596/4228/1210 4606/4238/1213 4595/4227/1210
f 4597/4229/1210 4607/4239/1213 4596/4228/1210
f 4598/4231/1210 4608/4240/1213 4597/4229/1210
f 4599/4241/1214 4609/4242/1213 4598/4231/1210
f 4611/4243/1215 4599/4241/1214 4600/4232/1212
f 4612/4244/1215 4600/4232/1212 4601/4233/1212
f 4613/4245/1215 4601/4233/1212 4602/4234/1212
f 4614/4246/1215 4602/4234/1212 4603/4235/1212
f 4615/4247/1215 4603/4235/1212 4604/4236/1212
f 4606/4238/1213 4616/4248/1216 4605/4237/1213
f 4607/4239/1213 4617/4249/1216 4606/4238/1213
f 4608/4240/1213 4618/4250/1216 4607/4239/1213
f 4609/4242/1213 4619/4251/1216 4608/4240/1213
f 4610/4252/1217 4620/4253/1216 4609/4242/1213
f 4622/4254/1218 4610/4252/1217 4611/4243/1215
f 4623/4255/1218 4611/4243/1215 4612/4244/1215
f 4624/4256/1218 4612/4244/1215 4613/4245/1215
f 4625/4257/1218 4613/4245/1215 4614/4246/1215
f 4626/4258/1218 4614/4246/1215 4615/4247/1215
f 4628/4259/1219 4616/4248/1216 4617/4249/1216
f 4629/4260/1219 4617/4249/1216 4618/4250/1216
f 4630/4261/1219 4618/4250/1216 4619/4251/1216
f 4631/4262/1219 4619/4251/1216 4620/4253/1216
f 4632/4263/1220 4620/4253/1216 4621/4264/1221
f 4622/4254/1218 4632/4263/1220 4621/4264/1221
f 4623/4255/1218 4633/4265/1222 4622/4254/1218
f 4624/4256/1218 4634/4266/1222 4623/4255/1218
f 4625/4257/1218 4635/4267/1222 4624/4256/1218
f 4626/4258/1218 4636/4268/1222 4625/4257/1218
f 4628/4259/1219 4638/4269/1223 4627/4270/1219
f 4629/4260/1219 4639/4271/1223 4628/4259/1219
f 4630/4261/1219 4640/4272/1223 4629/4260/1219
f 4631/4262/1219 4641/4273/1223 4630/4261/1219
f 4632/4263/1220 4642/4274/1223 4631/4262/1219
f 4644/4275/1224 4632/4263/1220 4633/4265/1222
f 4645/4276/1224 4633/4265/1222 4634/4266/1222
f 4646/4277/1224 4634/4266/1222 4635/4267/1222
f 4647/4278/1224 4635/4267/1222 4636/4268/1222
f 4648/4279/1224 4636/4268/1222 4637/4280/1222
f 4639/4271/1223 4649/4281/1225 4638/4269/1223
f 4640/4272/1223 4650/4282/1225 4639/4271/1223
f 4641/4273/1223 4651/4283/1225 4640/4272/1223
f 4642/4274/1223 4652/4284/1225 4641/4273/1223
f 4643/4285/1226 4653/4286/1225 4642/4274/1223
f 4655/4287/1227 4643/4285/1226 4644/4275/1224
f 4656/4288/1227 4644/4275/1224 4645/4276/1224
f 4657/4289/1227 4645/4276/1224 4646/4277/1224
f 4658/4290/1227 4646/4277/1224 4647/4278/1224
f 4659/4291/1227 4647/4278/1224 4648/4279/1224
f 4650/4282/1225 4660/4292/1228 4649/4281/1225
f 4651/4283/1225 4661/4293/1228 4650/4282/1225
f 4652/4284/1225 4662/4294/1228 4651/4283/1225
f 4653/4286/1225 4663/4295/1228 4652/4284/1225
f 4654/4296/1229 4664/4297/1228 4653/4286/1225
f 4666/4298/1230 4654/4296/1229 4655/4287/1227
f 4667/4299/1230 4655/4287/1227 4656/4288/1227
f 4668/4300/1230 4656/4288/1227 4657/4289/1227
f 4669/4301/1230 4657/4289/1227 4658/4290/1227
f 4670/4302/1230 4658/4290/1227 4659/4291/1227
f 4661/4293/1228 4671/4303/1231 4660/4292/1228
f 4662/4294/1228 4672/4304/1231 4661/4293/1228
f 4663/4295/1228 4673/4305/1231 4662/4294/1228
f 4664/4297/1228 4674/4306/1231 4663/4295/1228
f 4665/4307/1232 4675/4308/1231 4664/4297/1228
f 4677/4309/1233 4665/4307/1232 4666/4298/1230
f 4678/4310/1233 4666/4298/1230 4667/4299/1230
f 4679/4311/1233 4667/4299/1230 4668/4300/1230
f 4680/4312/1233 4668/4300/1230 4669/4301/1230
f 4681/4313/1233 4669/4301/1230 4670/4302/1230
f 4672/4304/1231 4682/4314/1234 4671/4303/1231
f 4673/4305/1231 4683/4315/1235 4672/4304/1231
f 4674/4306/1231 4684/4316/1234 4673/4305/1231
f 4675/4308/1231 4685/4317/1234 4674/4306/1231
f 4676/4318/1236 4686/4319/1234 4675/4308/1231
f 4688/4320/1237 4676/4318/1236 4677/4309/1233
f 4689/4321/1237 4677/4309/1233 4678/4310/1233
f 4690/4322/1237 4678/4310/1233 4679/4311/1233
f 4691/4323/1238 4679/4311/1233 4680/4312/1233
f 4692/4324/1237 4680/4312/1233 4681/4313/1233
f 4683/4315/1235 4693/4325/1239 4682/4314/1234
f 4684/4316/1234 4694/4326/1239 4683/4315/1235
f 4685/4317/1234 4695/4327/1239 4684/4316/1234
f 4686/4319/1234 4696/4328/1239 4685/4317/1234
f 4687/4329/1240 4697/4330/1239 4686/4319/1234
f 4699/4331/1241 4687/4329/1240 4688/4320/1237
f 4700/4332/1241 4688/4320/1237 4689/4321/1237
f 4701/4333/1241 4689/4321/1237 4690/4322/1237
f 4702/4334/1241 4690/4322/1237 4691/4323/1238
f 4703/4335/1241 4691/4323/1238 4692/4324/1237
f 4694/4326/1239 4704/4336/1242 4693/4325/1239
f 4695/4327/1239 4705/4337/1242 4694/4326/1239
f 4696/4328/1239 4706/4338/1242 4695/4327/1239
f 4697/4330/1239 4707/4339/1242 4696/4328/1239
f 4698/4340/1243 4708/4341/1242 4697/4330/1239
f 4710/4342/1244 4698/4340/1243 4699/4331/1241
f 4711/4343/1244 4699/4331/1241 4700/4332/1241
f 4712/4344/1244 4700/4332/1241 4701/4333/1241
f 4713/4345/1244 4701/4333/1241 4702/4334/1241
f 4714/4346/1244 4702/4334/1241 4703/4335/1241
f 4705/4337/1242 4715/4347/1245 4704/4336/1242
f 4706/4338/1242 4716/4348/1245 4705/4337/1242
f 4707/4339/1242 4717/4349/1245 4706/4338/1242
f 4708/4341/1242 4718/4350/1245 4707/4339/1242
f 4709/4351/1246 4719/4352/1247 4708/4341/1242
f 4721/4353/1248 4709/4351/1246 4710/4342/1244
f 4722/4354/1248 4710/4342/1244 4711/4343/1244
f 4723/4355/1248 4711/4343/1244 4712/4344/1244
f 4724/4356/1248 4712/4344/1244 4713/4345/1244
f 4725/4357/1248 4713/4345/1244 4714/4346/1244
f 4716/4348/1245 4726/4358/1249 4715/4347/1245
f 4717/4349/1245 4727/4359/1249 4716/4348/1245
f 4718/4350/1245 4728/4360/1249 4717/4349/1245
f 4719/4352/1247 4729/4361/1249 4718/4350/1245
f 4720/4362/1250 4730/4363/1249 4719/4352/1247
f 4732/4364/1251 4720/4362/1250 4721/4353/1248
f 4733/4365/1251 4721/4353/1248 4722/4354/1248
f 4734/4366/1251 4722/4354/1248 4723/4355/1248
f 4735/4367/1251 4723/4355/1248 4724/4356/1248
f 4736/4368/1251 4724/4356/1248 4725/4357/1248
f 4727/4359/1249 4737/4369/1252 4726/4358/1249
f 4728/4360/1249 4738/4370/1252 4727/4359/1249
f 4729/4361/1249 4739/4371/1252 4728/4360/1249
f 4730/4363/1249 4740/4372/1252 4729/4361/1249
f 4731/4373/1253 4741/4374/1252 4730/4363/1249
f 4743/4375/1254 4731/4373/1253 4732/4364/1251
f 4744/4376/1254 4732/4364/1251 4733/4365/1251
f 4745/4377/1254 4733/4365/1251 4734/4366/1251
f 4746/4378/1254 4734/4366/1251 4735/4367/1251
f 4747/4379/1254 4735/4367/1251 4736/4368/1251
f 4738/4370/1252 4748/4380/1255 4737/4369/1252
f 4739/4371/1252 4749/4381/1255 4738/4370/1252
f 4740/4372/1252 4750/4382/1255 4739/4371/1252
f 4741/4374/1252 4751/4383/1255 4740/4372/1252
f 4742/4384/1256 4752/4385/1255 4741/4374/1252
f 4754/4386/1257 4742/4384/1256 4743/4375/1254
f 4755/4387/1257 4743/4375/1254 4744/4376/1254
f 4756/4388/1257 4744/4376/1254 4745/4377/1254
f 4757/4389/1257 4745/4377/1254 4746/4378/1254
f 4758/4390/1257 4746/4378/1254 4747/4379/1254
f 4749/4381/1255 733/303/4 4748/4380/1255
f 4750/4382/1255 734/4391/4 4749/4381/1255
f 4751/4383/1255 735/4392/4 4750/4382/1255
f 4752/4385/1255 736/4393/4 4751/4383/1255
f 4753/4394/1258 737/4395/4 4752/4385/1255
f 739/4396/7 4753/4394/1258 4754/4386/1257
f 740/4397/7 4754/4386/1257 4755/4387/1257
f 741/4398/7 4755/4387/1257 4756/4388/1257
f 742/4399/7 4756/4388/1257 4757/4389/1257
f 743/4400/7 4757/4389/1257 4758/4390/1257
f 745/367/3 744/387/3 733/302/4
f 746/369/3 745/367/3 734/368/4
f 747/371/3 746/369/3 735/370/4
f 748/373/3 747/371/3 736/372/4
f 749/375/5 748/373/3 737/374/4
f 739/377/7 750/379/8 749/375/5
f 740/378/7 751/381/8 750/379/8
f 741/380/7 752/383/8 751/381/8
f 742/382/7 753/385/8 752/383/8
f 743/384/7 754/397/8 753/385/8
f 745/367/3 756/388/9 755/386/9
f 746/369/3 757/389/9 756/388/9
f 747/371/3 758/390/9 757/389/9
f 748/373/3 759/391/9 758/390/9
f 749/375/5 760/403/13 759/391/9
f 761/392/10 760/403/13 749/375/5
f 762/393/10 761/392/10 750/379/8
f 763/394/10 762/393/10 751/381/8
f 764/395/10 763/394/10 752/383/8
f 765/396/10 764/395/10 753/385/8
f 767/398/11 766/409/11 755/386/9
f 768/399/11 767/398/11 756/388/9
f 769/400/11 768/399/11 757/389/9
f 770/401/11 769/400/11 758/390/9
f 771/402/12 770/401/11 759/391/9
f 761/392/10 772/404/14 771/402/12
f 762/393/10 773/405/14 772/404/14
f 763/394/10 774/406/14 773/405/14
f 764/395/10 775/407/14 774/406/14
f 765/396/10 776/417/14 775/407/14
f 778/408/15 777/420/15 766/409/11
f 779/410/15 778/408/15 767/398/11
f 780/411/15 779/410/15 768/399/11
f 781/412/15 780/411/15 769/400/11
f 782/413/16 781/412/15 770/401/11
f 772/404/14 783/414/17 782/413/16
f 773/405/14 784/415/17 783/414/17
f 774/406/14 785/416/17 784/415/17
f 775/407/14 786/418/17 785/416/17
f 776/417/14 787/430/17 786/418/17
f 778/408/15 789/421/18 788/419/18
f 779/410/15 790/422/18 789/421/18
f 780/411/15 791/423/18 790/422/18
f 781/412/15 792/424/18 791/423/18
f 782/413/16 793/435/21 792/424/18
f 794/425/19 793/435/21 782/413/16
f 795/426/19 794/425/19 783/414/17
f 796/427/19 795/426/19 784/415/17
f 797/428/19 796/427/19 785/416/17
f 798/429/19 797/428/19 786/418/17
f 789/421/18 800/432/20 799/431/20
f 790/422/18 801/433/20 800/432/20
f 791/423/18 802/434/20 801/433/20
f 792/424/18 803/436/20 802/434/20
f 793/435/21 804/446/24 803/436/20
f 805/437/22 804/446/24 793/435/21
f 806/438/22 805/437/22 794/425/19
f 807/439/22 806/438/22 795/426/19
f 808/440/22 807/439/22 796/427/19
f 809/441/22 808/440/22 797/428/19
f 800/432/20 811/443/23 810/442/23
f 801/433/20 812/444/23 811/443/23
f 802/434/20 813/445/23 812/444/23
f 803/436/20 814/447/23 813/445/23
f 804/446/24 815/457/27 814/447/23
f 816/448/25 815/457/27 804/446/24
f 817/449/25 816/448/25 805/437/22
f 818/450/25 817/449/25 806/438/22
f 819/451/25 818/450/25 807/439/22
f 820/452/25 819/451/25 808/440/22
f 811/443/23 822/454/26 821/453/26
f 812/444/23 823/455/26 822/454/26
f 813/445/23 824/456/26 823/455/26
f 814/447/23 825/458/26 824/456/26
f 815/457/27 826/468/30 825/458/26
f 827/459/28 826/468/30 815/457/27
f 828/460/28 827/459/28 816/448/25
f 829/461/28 828/460/28 817/449/25
f 830/462/28 829/461/28 818/450/25
f 831/463/28 830/462/28 819/451/25
f 822/454/26 833/465/29 832/464/29
f 823/455/26 834/466/29 833/465/29
f 824/456/26 835/467/29 834/466/29
f 825/458/26 836/469/29 835/467/29
f 826/468/30 837/479/33 836/469/29
f 838/470/31 837/479/33 826/468/30
f 839/471/31 838/470/31 827/459/28
f 840/472/31 839/471/31 828/460/28
f 841/473/31 840/472/31 829/461/28
f 842/474/31 841/473/31 830/462/28
f 833/465/29 844/476/32 843/475/32
f 834/466/29 845/477/32 844/476/32
f 835/467/29 846/478/32 845/477/32
f 836/469/29 847/480/32 846/478/32
f 837/479/33 848/490/36 847/480/32
f 849/481/34 848/490/36 837/479/33
f 850/482/34 849/481/34 838/470/31
f 851/483/34 850/482/34 839/471/31
f 852/484/34 851/483/34 840/472/31
f 853/485/34 852/484/34 841/473/31
f 844/476/32 855/487/35 854/486/35
f 845/477/32 856/488/35 855/487/35
f 846/478/32 857/489/35 856/488/35
f 847/480/32 858/491/35 857/489/35
f 848/490/36 859/501/39 858/491/35
f 860/492/37 859/501/39 848/490/36
f 861/493/37 860/492/37 849/481/34
f 862/494/37 861/493/37 850/482/34
f 863/495/37 862/494/37 851/483/34
f 864/496/37 863/495/37 852/484/34
f 855/487/35 866/498/38 865/497/38
f 856/488/35 867/499/38 866/498/38
f 857/489/35 868/500/38 867/499/38
f 858/491/35 869/502/38 868/500/38
f 859/501/39 870/512/42 869/502/38
f 871/503/40 870/512/42 859/501/39
f 872/504/40 871/503/40 860/492/37
f 873/505/40 872/504/40 861/493/37
f 874/506/40 873/505/40 862/494/37
f 875/507/40 874/506/40 863/495/37
f 866/498/38 877/509/41 876/508/41
f 867/499/38 878/510/41 877/509/41
f 868/500/38 879/511/41 878/510/41
f 869/502/38 880/513/41 879/511/41
f 870/512/42 881/523/45 880/513/41
f 882/514/43 881/523/45 870/512/42
f 883/515/43 882/514/43 871/503/40
f 884/516/43 883/515/43 872/504/40
f 885/517/43 884/516/43 873/505/40
f 886/518/43 885/517/43 874/506/40
f 877/509/41 888/520/44 887/519/44
f 878/510/41 889/521/44 888/520/44
f 879/511/41 890/522/44 889/521/44
f 880/513/41 891/524/44 890/522/44
f 881/523/45 892/534/48 891/524/44
f 893/525/46 892/534/48 881/523/45
f 894/526/46 893/525/46 882/514/43
f 895/527/46 894/526/46 883/515/43
f 896/528/46 895/527/46 884/516/43
f 897/529/46 896/528/46 885/517/43
f 888/520/44 899/531/47 898/530/47
f 889/521/44 900/532/47 899/531/47
f 890/522/44 901/533/47 900/532/47
f 891/524/44 902/535/47 901/533/47
f 892/534/48 903/546/52 902/535/47
f 904/536/49 903/546/52 892/534/48
f 905/537/49 904/536/49 893/525/46
f 906/538/49 905/537/49 894/526/46
f 907/539/49 906/538/49 895/527/46
f 908/540/49 907/539/49 896/528/46
f 910/541/50 909/552/50 898/530/47
f 911/542/50 910/541/50 899/531/47
f 912/543/50 911/542/50 900/532/47
f 913/544/50 912/543/50 901/533/47
f 914/545/51 913/544/50 902/535/47
f 904/536/49 915/547/53 914/545/51
f 905/537/49 916/548/53 915/547/53
f 906/538/49 917/549/53 916/548/53
f 907/539/49 918/550/53 917/549/53
f 908/540/49 919/560/53 918/550/53
f 921/551/54 920/563/54 909/552/50
f 922/553/54 921/551/54 910/541/50
f 923/554/54 922/553/54 911/542/50
f 924/555/54 923/554/54 912/543/50
f 925/556/55 924/555/54 913/544/50
f 915/547/53 926/557/56 925/556/55
f 916/548/53 927/558/56 926/557/56
f 917/549/53 928/559/56 927/558/56
f 918/550/53 929/561/56 928/559/56
f 919/560/53 930/571/56 929/561/56
f 932/562/57 931/574/57 920/563/54
f 933/564/57 932/562/57 921/551/54
f 934/565/57 933/564/57 922/553/54
f 935/566/57 934/565/57 923/554/54
f 936/567/58 935/566/57 924/555/54
f 926/557/56 937/568/59 936/567/58
f 927/558/56 938/569/59 937/568/59
f 928/559/56 939/570/59 938/569/59
f 929/561/56 940/572/59 939/570/59
f 930/571/56 941/582/59 940/572/59
f 943/573/60 942/585/60 931/574/57
f 944/575/60 943/573/60 932/562/57
f 945/576/60 944/575/60 933/564/57
f 946/577/60 945/576/60 934/565/57
f 947/578/61 946/577/60 935/566/57
f 937/568/59 948/579/62 947/578/61
f 938/569/59 949/580/62 948/579/62
f 939/570/59 950/581/62 949/580/62
f 940/572/59 951/583/62 950/581/62
f 941/582/59 952/593/62 951/583/62
f 954/584/63 953/596/63 942/585/60
f 955/586/63 954/584/63 943/573/60
f 956/587/63 955/586/63 944/575/60
f 957/588/63 956/587/63 945/576/60
f 958/589/64 957/588/63 946/577/60
f 948/579/62 959/590/65 958/589/64
f 949/580/62 960/591/65 959/590/65
f 950/581/62 961/592/65 960/591/65
f 951/583/62 962/594/65 961/592/65
f 952/593/62 963/604/65 962/594/65
f 965/595/66 964/607/66 953/596/63
f 966/597/66 965/595/66 954/584/63
f 967/598/66 966/597/66 955/586/63
f 968/599/66 967/598/66 956/587/63
f 969/600/67 968/599/66 957/588/63
f 959/590/65 970/601/68 969/600/67
f 960/591/65 971/602/68 970/601/68
f 961/592/65 972/603/68 971/602/68
f 962/594/65 973/605/68 972/603/68
f 963/604/65 974/615/68 973/605/68
f 976/606/69 975/618/69 964/607/66
f 977/608/69 976/606/69 965/595/66
f 978/609/69 977/608/69 966/597/66
f 979/610/69 978/609/69 967/598/66
f 980/611/70 979/610/69 968/599/66
f 970/601/68 981/612/71 980/611/70
f 971/602/68 982/613/71 981/612/71
f 972/603/68 983/614/71 982/613/71
f 973/605/68 984/616/71 983/614/71
f 974/615/68 985/626/71 984/616/71
f 987/617/72 986/629/72 975/618/69
f 988/619/72 987/617/72 976/606/69
f 989/620/72 988/619/72 977/608/69
f 990/621/72 989/620/72 978/609/69
f 991/622/73 990/621/72 979/610/69
f 981/612/71 992/623/74 991/622/73
f 982/613/71 993/624/74 992/623/74
f 983/614/71 994/625/74 993/624/74
f 984/616/71 995/627/74 994/625/74
f 985/626/71 996/637/74 995/627/74
f 998/628/75 997/640/75 986/629/72
f 999/630/75 998/628/75 987/617/72
f 1000/631/75 999/630/75 988/619/72
f 1001/632/75 1000/631/75 989/620/72
f 1002/633/76 1001/632/75 990/621/72
f 992/623/74 1003/634/77 1002/633/76
f 993/624/74 1004/635/77 1003/634/77
f 994/625/74 1005/636/77 1004/635/77
f 995/627/74 1006/638/77 1005/636/77
f 996/637/74 1007/648/77 1006/638/77
f 1009/639/78 1008/651/78 997/640/75
f 1010/641/78 1009/639/78 998/628/75
f 1011/642/78 1010/641/78 999/630/75
f 1012/643/78 1011/642/78 1000/631/75
f 1013/644/79 1012/643/78 1001/632/75
f 1003/634/77 1014/645/80 1013/644/79
f 1004/635/77 1015/646/80 1014/645/80
f 1005/636/77 1016/647/80 1015/646/80
f 1006/638/77 1017/649/80 1016/647/80
f 1007/648/77 1018/659/80 1017/649/80
f 1020/650/81 1019/662/81 1008/651/78
f 1021/652/81 1020/650/81 1009/639/78
f 1022/653/81 1021/652/81 1010/641/78
f 1023/654/81 1022/653/81 1011/642/78
f 1024/655/82 1023/654/81 1012/643/78
f 1014/645/80 1025/656/83 1024/655/82
f 1015/646/80 1026/657/83 1025/656/83
f 1016/647/80 1027/658/83 1026/657/83
f 1017/649/80 1028/660/83 1027/658/83
f 1018/659/80 1029/672/83 1028/660/83
f 1020/650/81 1031/663/84 1030/661/84
f 1021/652/81 1032/664/84 1031/663/84
f 1022/653/81 1033/665/84 1032/664/84
f 1023/654/81 1034/666/84 1033/665/84
f 1024/655/82 1035/678/88 1034/666/84
f 1036/667/85 1035/678/88 1024/655/82
f 1037/668/85 1036/667/85 1025/656/83
f 1038/669/85 1037/668/85 1026/657/83
f 1039/670/85 1038/669/85 1027/658/83
f 1040/671/85 1039/670/85 1028/660/83
f 1042/673/86 1041/684/86 1030/661/84
f 1043/674/86 1042/673/86 1031/663/84
f 1044/675/86 1043/674/86 1032/664/84
f 1045/676/86 1044/675/86 1033/665/84
f 1046/677/87 1045/676/86 1034/666/84
f 1036/667/85 1047/679/89 1046/677/87
f 1037/668/85 1048/680/89 1047/679/89
f 1038/669/85 1049/681/89 1048/680/89
f 1039/670/85 1050/682/89 1049/681/89
f 1040/671/85 1051/692/89 1050/682/89
f 1053/683/90 1052/695/90 1041/684/86
f 1054/685/90 1053/683/90 1042/673/86
f 1055/686/90 1054/685/90 1043/674/86
f 1056/687/90 1055/686/90 1044/675/86
f 1057/688/91 1056/687/90 1045/676/86
f 1047/679/89 1058/689/92 1057/688/91
f 1048/680/89 1059/690/92 1058/689/92
f 1049/681/89 1060/691/92 1059/690/92
f 1050/682/89 1061/693/92 1060/691/92
f 1051/692/89 1062/703/92 1061/693/92
f 1064/694/93 1063/706/93 1052/695/90
f 1065/696/93 1064/694/93 1053/683/90
f 1066/697/93 1065/696/93 1054/685/90
f 1067/698/93 1066/697/93 1055/686/90
f 1068/699/94 1067/698/93 1056/687/90
f 1058/689/92 1069/700/95 1068/699/94
f 1059/690/92 1070/701/95 1069/700/95
f 1060/691/92 1071/702/95 1070/701/95
f 1061/693/92 1072/704/95 1071/702/95
f 1062/703/92 1073/714/95 1072/704/95
f 1075/705/96 1074/717/96 1063/706/93
f 1076/707/96 1075/705/96 1064/694/93
f 1077/708/96 1076/707/96 1065/696/93
f 1078/709/96 1077/708/96 1066/697/93
f 1079/710/97 1078/709/96 1067/698/93
f 1069/700/95 1080/711/98 1079/710/97
f 1070/701/95 1081/712/98 1080/711/98
f 1071/702/95 1082/713/98 1081/712/98
f 1072/704/95 1083/715/98 1082/713/98
f 1073/714/95 1084/725/98 1083/715/98
f 1086/716/99 1085/728/99 1074/717/96
f 1087/718/99 1086/716/99 1075/705/96
f 1088/719/99 1087/718/99 1076/707/96
f 1089/720/99 1088/719/99 1077/708/96
f 1090/721/100 1089/720/99 1078/709/96
f 1080/711/98 1091/722/101 1090/721/100
f 1081/712/98 1092/723/101 1091/722/101
f 1082/713/98 1093/724/101 1092/723/101
f 1083/715/98 1094/726/101 1093/724/101
f 1084/725/98 1095/736/101 1094/726/101
f 1097/727/102 1096/739/102 1085/728/99
f 1098/729/102 1097/727/102 1086/716/99
f 1099/730/102 1098/729/102 1087/718/99
f 1100/731/102 1099/730/102 1088/719/99
f 1101/732/103 1100/731/102 1089/720/99
f 1091/722/101 1102/733/104 1101/732/103
f 1092/723/101 1103/734/104 1102/733/104
f 1093/724/101 1104/735/104 1103/734/104
f 1094/726/101 1105/737/104 1104/735/104
f 1095/736/101 1106/747/104 1105/737/104
f 1108/738/105 1107/750/105 1096/739/102
f 1109/740/105 1108/738/105 1097/727/102
f 1110/741/105 1109/740/105 1098/729/102
f 1111/742/105 1110/741/105 1099/730/102
f 1112/743/106 1111/742/105 1100/731/102
f 1102/733/104 1113/744/107 1112/743/106
f 1103/734/104 1114/745/107 1113/744/107
f 1104/735/104 1115/746/107 1114/745/107
f 1105/737/104 1116/748/107 1115/746/107
f 1106/747/104 1117/758/107 1116/748/107
f 1119/749/108 1118/761/108 1107/750/105
f 1120/751/108 1119/749/108 1108/738/105
f 1121/752/109 1120/751/108 1109/740/105
f 1122/753/109 1121/752/109 1110/741/105
f 1123/754/110 1122/753/109 1111/742/105
f 1113/744/107 1124/755/111 1123/754/110
f 1114/745/107 1125/756/111 1124/755/111
f 1115/746/107 1126/757/111 1125/756/111
f 1116/748/107 1127/759/111 1126/757/111
f 1117/758/107 1128/769/115 1127/759/111
f 1130/760/112 1129/772/112 1118/761/108
f 1131/762/112 1130/760/112 1119/749/108
f 1132/763/112 1131/762/112 1120/751/108
f 1133/764/112 1132/763/112 1121/752/109
f 1134/765/113 1133/764/112 1122/753/109
f 1124/755/111 1135/766/114 1134/765/113
f 1125/756/111 1136/767/114 1135/766/114
f 1126/757/111 1137/768/114 1136/767/114
f 1127/759/111 1138/770/114 1137/768/114
f 1128/769/115 1139/780/114 1138/770/114
f 1141/771/116 1140/783/116 1129/772/112
f 1142/773/116 1141/771/116 1130/760/112
f 1143/774/116 1142/773/116 1131/762/112
f 1144/775/116 1143/774/116 1132/763/112
f 1145/776/117 1144/775/116 1133/764/112
f 1135/766/114 1146/777/118 1145/776/117
f 1136/767/114 1147/778/118 1146/777/118
f 1137/768/114 1148/779/118 1147/778/118
f 1138/770/114 1149/781/118 1148/779/118
f 1139/780/114 1150/791/118 1149/781/118
f 1152/782/119 1151/794/119 1140/783/116
f 1153/784/119 1152/782/119 1141/771/116
f 1154/785/119 1153/784/119 1142/773/116
f 1155/786/119 1154/785/119 1143/774/116
f 1156/787/120 1155/786/119 1144/775/116
f 1146/777/118 1157/788/121 1156/787/120
f 1147/778/118 1158/789/121 1157/788/121
f 1148/779/118 1159/790/121 1158/789/121
f 1149/781/118 1160/792/121 1159/790/121
f 1150/791/118 1161/802/121 1160/792/121
f 1163/793/122 1162/805/122 1151/794/119
f 1164/795/122 1163/793/122 1152/782/119
f 1165/796/122 1164/795/122 1153/784/119
f 1166/797/122 1165/796/122 1154/785/119
f 1167/798/123 1166/797/122 1155/786/119
f 1157/788/121 1168/799/124 1167/798/123
f 1158/789/121 1169/800/124 1168/799/124
f 1159/790/121 1170/801/124 1169/800/124
f 1160/792/121 1171/803/124 1170/801/124
f 1161/802/121 1172/813/124 1171/803/124
f 1174/804/125 1173/816/125 1162/805/122
f 1175/806/125 1174/804/125 1163/793/122
f 1176/807/125 1175/806/125 1164/795/122
f 1177/808/125 1176/807/125 1165/796/122
f 1178/809/126 1177/808/125 1166/797/122
f 1168/799/124 1179/810/127 1178/809/126
f 1169/800/124 1180/811/127 1179/810/127
f 1170/801/124 1181/812/127 1180/811/127
f 1171/803/124 1182/814/127 1181/812/127
f 1172/813/124 1183/824/127 1182/814/127
f 1185/815/128 1184/827/128 1173/816/125
f 1186/817/128 1185/815/128 1174/804/125
f 1187/818/128 1186/817/128 1175/806/125
f 1188/819/128 1187/818/128 1176/807/125
f 1189/820/129 1188/819/128 1177/808/125
f 1179/810/127 1190/821/130 1189/820/129
f 1180/811/127 1191/822/130 1190/821/130
f 1181/812/127 1192/823/130 1191/822/130
f 1182/814/127 1193/825/130 1192/823/130
f 1183/824/127 1194/835/130 1193/825/130
f 1196/826/131 1195/838/135 1184/827/128
f 1197/828/131 1196/826/131 1185/815/128
f 1198/829/131 1197/828/131 1186/817/128
f 1199/830/131 1198/829/131 1187/818/128
f 1200/831/132 1199/830/131 1188/819/128
f 1190/821/130 1201/832/133 1200/831/132
f 1191/822/130 1202/833/133 1201/832/133
f 1192/823/130 1203/834/133 1202/833/133
f 1193/825/130 1204/836/133 1203/834/133
f 1194/835/130 1205/846/133 1204/836/133
f 1207/837/134 1206/849/136 1195/838/135
f 1208/839/134 1207/837/134 1196/826/131
f 1209/840/136 1208/839/134 1197/828/131
f 1210/841/136 1209/840/136 1198/829/131
f 1211/842/137 1210/841/136 1199/830/131
f 1201/832/133 1212/843/138 1211/842/137
f 1202/833/133 1213/844/138 1212/843/138
f 1203/834/133 1214/845/139 1213/844/138
f 1204/836/133 1215/847/139 1214/845/139
f 1205/846/133 1216/857/138 1215/847/139
f 1218/848/140 1217/860/140 1206/849/136
f 1219/850/140 1218/848/140 1207/837/134
f 1220/851/140 1219/850/140 1208/839/134
f 1221/852/140 1220/851/140 1209/840/136
f 1222/853/141 1221/852/140 1210/841/136
f 1212/843/138 1223/854/142 1222/853/141
f 1213/844/138 1224/855/142 1223/854/142
f 1214/845/139 1225/856/142 1224/855/142
f 1215/847/139 1226/858/142 1225/856/142
f 1216/857/138 1227/868/142 1226/858/142
f 1229/859/143 1228/871/143 1217/860/140
f 1230/861/143 1229/859/143 1218/848/140
f 1231/862/143 1230/861/143 1219/850/140
f 1232/863/143 1231/862/143 1220/851/140
f 1233/864/144 1232/863/143 1221/852/140
f 1223/854/142 1234/865/145 1233/864/144
f 1224/855/142 1235/866/145 1234/865/145
f 1225/856/142 1236/867/145 1235/866/145
f 1226/858/142 1237/869/145 1236/867/145
f 1227/868/142 1238/879/145 1237/869/145
f 1240/870/146 1239/882/146 1228/871/143
f 1241/872/146 1240/870/146 1229/859/143
f 1242/873/146 1241/872/146 1230/861/143
f 1243/874/146 1242/873/146 1231/862/143
f 1244/875/147 1243/874/146 1232/863/143
f 1234/865/145 1245/876/148 1244/875/147
f 1235/866/145 1246/877/148 1245/876/148
f 1236/867/145 1247/878/148 1246/877/148
f 1237/869/145 1248/880/148 1247/878/148
f 1238/879/145 1249/890/148 1248/880/148
f 1251/881/149 1250/893/149 1239/882/146
f 1252/883/149 1251/881/149 1240/870/146
f 1253/884/149 1252/883/149 1241/872/146
f 1254/885/149 1253/884/149 1242/873/146
f 1255/886/150 1254/885/149 1243/874/146
f 1245/876/148 1256/887/151 1255/886/150
f 1246/877/148 1257/888/151 1256/887/151
f 1247/878/148 1258/889/151 1257/888/151
f 1248/880/148 1259/891/151 1258/889/151
f 1249/890/148 1260/901/151 1259/891/151
f 1262/892/152 1261/904/152 1250/893/149
f 1263/894/152 1262/892/152 1251/881/149
f 1264/895/152 1263/894/152 1252/883/149
f 1265/896/152 1264/895/152 1253/884/149
f 1266/897/153 1265/896/152 1254/885/149
f 1256/887/151 1267/898/154 1266/897/153
f 1257/888/151 1268/899/154 1267/898/154
f 1258/889/151 1269/900/154 1268/899/154
f 1259/891/151 1270/902/154 1269/900/154
f 1260/901/151 1271/912/154 1270/902/154
f 1273/903/155 1272/915/155 1261/904/152
f 1274/905/155 1273/903/155 1262/892/152
f 1275/906/155 1274/905/155 1263/894/152
f 1276/907/155 1275/906/155 1264/895/152
f 1277/908/156 1276/907/155 1265/896/152
f 1267/898/154 1278/909/157 1277/908/156
f 1268/899/154 1279/910/157 1278/909/157
f 1269/900/154 1280/911/157 1279/910/157
f 1270/902/154 1281/913/157 1280/911/157
f 1271/912/154 1282/923/157 1281/913/157
f 1284/914/158 1283/926/158 1272/915/155
f 1285/916/158 1284/914/158 1273/903/155
f 1286/917/158 1285/916/158 1274/905/155
f 1287/918/158 1286/917/158 1275/906/155
f 1288/919/159 1287/918/158 1276/907/155
f 1278/909/157 1289/920/160 1288/919/159
f 1279/910/157 1290/921/160 1289/920/160
f 1280/911/157 1291/922/160 1290/921/160
f 1281/913/157 1292/924/160 1291/922/160
f 1282/923/157 1293/934/160 1292/924/160
f 1295/925/161 1294/937/161 1283/926/158
f 1296/927/161 1295/925/161 1284/914/158
f 1297/928/161 1296/927/161 1285/916/158
f 1298/929/161 1297/928/161 1286/917/158
f 1299/930/162 1298/929/161 1287/918/158
f 1289/920/160 1300/931/163 1299/930/162
f 1290/921/160 1301/932/163 1300/931/163
f 1291/922/160 1302/933/163 1301/932/163
f 1292/924/160 1303/935/163 1302/933/163
f 1293/934/160 1304/945/163 1303/935/163
f 1306/936/164 1305/948/164 1294/937/161
f 1307/938/164 1306/936/164 1295/925/161
f 1308/939/164 1307/938/164 1296/927/161
f 1309/940/164 1308/939/164 1297/928/161
f 1310/941/165 1309/940/164 1298/929/161
f 1300/931/163 1311/942/166 1310/941/165
f 1301/932/163 1312/943/166 1311/942/166
f 1302/933/163 1313/944/166 1312/943/166
f 1303/935/163 1314/946/166 1313/944/166
f 1304/945/163 1315/956/166 1314/946/166
f 1317/947/167 1316/959/167 1305/948/164
f 1318/949/167 1317/947/167 1306/936/164
f 1319/950/167 1318/949/167 1307/938/164
f 1320/951/167 1319/950/167 1308/939/164
f 1321/952/168 1320/951/167 1309/940/164
f 1311/942/166 1322/953/169 1321/952/168
f 1312/943/166 1323/954/169 1322/953/169
f 1313/944/166 1324/955/169 1323/954/169
f 1314/946/166 1325/957/169 1324/955/169
f 1315/956/166 1326/967/169 1325/957/169
f 1328/958/170 1327/970/170 1316/959/167
f 1329/960/170 1328/958/170 1317/947/167
f 1330/961/170 1329/960/170 1318/949/167
f 1331/962/170 1330/961/170 1319/950/167
f 1332/963/171 1331/962/170 1320/951/167
f 1322/953/169 1333/964/172 1332/963/171
f 1323/954/169 1334/965/172 1333/964/172
f 1324/955/169 1335/966/172 1334/965/172
f 1325/957/169 1336/968/172 1335/966/172
f 1326/967/169 1337/978/172 1336/968/172
f 1339/969/173 1338/981/177 1327/970/170
f 1340/971/173 1339/969/173 1328/958/170
f 1341/972/173 1340/971/173 1329/960/170
f 1342/973/173 1341/972/173 1330/961/170
f 1343/974/174 1342/973/173 1331/962/170
f 1333/964/172 1344/975/175 1343/974/174
f 1334/965/172 1345/976/175 1344/975/175
f 1335/966/172 1346/977/175 1345/976/175
f 1336/968/172 1347/979/175 1346/977/175
f 1337/978/172 1348/989/180 1347/979/175
f 1350/980/176 1349/992/176 1338/981/177
f 1351/982/176 1350/980/176 1339/969/173
f 1352/983/176 1351/982/176 1340/971/173
f 1353/984/176 1352/983/176 1341/972/173
f 1354/985/178 1353/984/176 1342/973/173
f 1344/975/175 1355/986/179 1354/985/178
f 1345/976/175 1356/987/179 1355/986/179
f 1346/977/175 1357/988/179 1356/987/179
f 1347/979/175 1358/990/179 1357/988/179
f 1348/989/180 1359/1000/179 1358/990/179
f 1361/991/181 1360/1003/181 1349/992/176
f 1362/993/181 1361/991/181 1350/980/176
f 1363/994/181 1362/993/181 1351/982/176
f 1364/995/181 1363/994/181 1352/983/176
f 1365/996/182 1364/995/181 1353/984/176
f 1355/986/179 1366/997/183 1365/996/182
f 1356/987/179 1367/998/183 1366/997/183
f 1357/988/179 1368/999/183 1367/998/183
f 1358/990/179 1369/1001/183 1368/999/183
f 1359/1000/179 1370/1011/187 1369/1001/183
f 1372/1002/184 1371/1014/189 1360/1003/181
f 1373/1004/184 1372/1002/184 1361/991/181
f 1374/1005/184 1373/1004/184 1362/993/181
f 1375/1006/184 1374/1005/184 1363/994/181
f 1376/1007/185 1375/1006/184 1364/995/181
f 1366/997/183 1377/1008/186 1376/1007/185
f 1367/998/183 1378/1009/186 1377/1008/186
f 1368/999/183 1379/1010/186 1378/1009/186
f 1369/1001/183 1380/1012/186 1379/1010/186
f 1370/1011/187 1381/1024/186 1380/1012/186
f 1372/1002/184 1383/1015/188 1382/1013/188
f 1373/1004/184 1384/1016/188 1383/1015/188
f 1374/1005/184 1385/1017/188 1384/1016/188
f 1375/1006/184 1386/1018/188 1385/1017/188
f 1376/1007/185 1387/1029/192 1386/1018/188
f 1388/1019/190 1387/1029/192 1376/1007/185
f 1389/1020/190 1388/1019/190 1377/1008/186
f 1390/1021/190 1389/1020/190 1378/1009/186
f 1391/1022/190 1390/1021/190 1379/1010/186
f 1392/1023/190 1391/1022/190 1380/1012/186
f 1383/1015/188 1394/1026/191 1393/1025/191
f 1384/1016/188 1395/1027/191 1394/1026/191
f 1385/1017/188 1396/1028/191 1395/1027/191
f 1386/1018/188 1397/1030/191 1396/1028/191
f 1387/1029/192 1398/1040/195 1397/1030/191
f 1399/1031/193 1398/1040/195 1387/1029/192
f 1400/1032/193 1399/1031/193 1388/1019/190
f 1401/1033/193 1400/1032/193 1389/1020/190
f 1402/1034/193 1401/1033/193 1390/1021/190
f 1403/1035/193 1402/1034/193 1391/1022/190
f 1394/1026/191 1405/1037/194 1404/1036/194
f 1395/1027/191 1406/1038/194 1405/1037/194
f 1396/1028/191 1407/1039/194 1406/1038/194
f 1397/1030/191 1408/1041/194 1407/1039/194
f 1398/1040/195 1409/1051/198 1408/1041/194
f 1410/1042/196 1409/1051/198 1398/1040/195
f 1411/1043/196 1410/1042/196 1399/1031/193
f 1412/1044/196 1411/1043/196 1400/1032/193
f 1413/1045/196 1412/1044/196 1401/1033/193
f 1414/1046/196 1413/1045/196 1402/1034/193
f 1405/1037/194 1416/1048/197 1415/1047/197
f 1406/1038/194 1417/1049/197 1416/1048/197
f 1407/1039/194 1418/1050/197 1417/1049/197
f 1408/1041/194 1419/1052/197 1418/1050/197
f 1409/1051/198 1420/1063/202 1419/1052/197
f 1421/1053/199 1420/1063/202 1409/1051/198
f 1422/1054/199 1421/1053/199 1410/1042/196
f 1423/1055/199 1422/1054/199 1411/1043/196
f 1424/1056/199 1423/1055/199 1412/1044/196
f 1425/1057/199 1424/1056/199 1413/1045/196
f 1427/1058/200 1426/1069/200 1415/1047/197
f 1428/1059/200 1427/1058/200 1416/1048/197
f 1429/1060/200 1428/1059/200 1417/1049/197
f 1430/1061/200 1429/1060/200 1418/1050/197
f 1431/1062/201 1430/1061/200 1419/1052/197
f 1421/1053/199 1432/1064/203 1431/1062/201
f 1422/1054/199 1433/1065/203 1432/1064/203
f 1423/1055/199 1434/1066/203 1433/1065/203
f 1424/1056/199 1435/1067/203 1434/1066/203
f 1425/1057/199 1436/1079/203 1435/1067/203
f 1427/1058/200 1438/1070/204 1437/1068/204
f 1428/1059/200 1439/1071/204 1438/1070/204
f 1429/1060/200 1440/1072/204 1439/1071/204
f 1430/1061/200 1441/1073/204 1440/1072/204
f 1431/1062/201 1442/1085/209 1441/1073/204
f 1443/1074/205 1442/1085/209 1431/1062/201
f 1444/1075/205 1443/1074/205 1432/1064/203
f 1445/1076/205 1444/1075/205 1433/1065/203
f 1446/1077/205 1445/1076/205 1434/1066/203
f 1447/1078/205 1446/1077/205 1435/1067/203
f 1449/1080/206 1448/1091/206 1437/1068/204
f 1450/1081/206 1449/1080/206 1438/1070/204
f 1451/1082/207 1450/1081/206 1439/1071/204
f 1452/1083/206 1451/1082/207 1440/1072/204
f 1453/1084/208 1452/1083/206 1441/1073/204
f 1443/1074/205 1454/1086/210 1453/1084/208
f 1444/1075/205 1455/1087/211 1454/1086/210
f 1445/1076/205 1456/1088/210 1455/1087/211
f 1446/1077/205 1457/1089/210 1456/1088/210
f 1447/1078/205 1458/1099/210 1457/1089/210
f 1460/1090/212 1459/1102/212 1448/1091/206
f 1461/1092/212 1460/1090/212 1449/1080/206
f 1462/1093/212 1461/1092/212 1450/1081/206
f 1463/1094/212 1462/1093/212 1451/1082/207
f 1464/1095/213 1463/1094/212 1452/1083/206
f 1454/1086/210 1465/1096/214 1464/1095/213
f 1455/1087/211 1466/1097/214 1465/1096/214
f 1456/1088/210 1467/1098/214 1466/1097/214
f 1457/1089/210 1468/1100/214 1467/1098/214
f 1458/1099/210 1469/1110/214 1468/1100/214
f 1471/1101/215 1470/1113/215 1459/1102/212
f 1472/1103/215 1471/1101/215 1460/1090/212
f 1473/1104/215 1472/1103/215 1461/1092/212
f 1474/1105/215 1473/1104/215 1462/1093/212
f 1475/1106/216 1474/1105/215 1463/1094/212
f 1465/1096/214 1476/1107/217 1475/1106/216
f 1466/1097/214 1477/1108/217 1476/1107/217
f 1467/1098/214 1478/1109/217 1477/1108/217
f 1468/1100/214 1479/1111/217 1478/1109/217
f 1469/1110/214 1480/1121/217 1479/1111/217
f 1482/1112/218 1481/1124/218 1470/1113/215
f 1483/1114/218 1482/1112/218 1471/1101/215
f 1484/1115/218 1483/1114/218 1472/1103/215
f 1485/1116/218 1484/1115/218 1473/1104/215
f 1486/1117/219 1485/1116/218 1474/1105/215
f 1476/1107/217 1487/1118/220 1486/1117/219
f 1477/1108/217 1488/1119/220 1487/1118/220
f 1478/1109/217 1489/1120/220 1488/1119/220
f 1479/1111/217 1490/1122/220 1489/1120/220
f 1480/1121/217 1491/1132/220 1490/1122/220
f 1493/1123/221 1492/1135/221 1481/1124/218
f 1494/1125/221 1493/1123/221 1482/1112/218
f 1495/1126/221 1494/1125/221 1483/1114/218
f 1496/1127/221 1495/1126/221 1484/1115/218
f 1497/1128/222 1496/1127/221 1485/1116/218
f 1487/1118/220 1498/1129/223 1497/1128/222
f 1488/1119/220 1499/1130/223 1498/1129/223
f 1489/1120/220 1500/1131/223 1499/1130/223
f 1490/1122/220 1501/1133/223 1500/1131/223
f 1491/1132/220 1502/1143/223 1501/1133/223
f 1504/1134/224 1503/1146/225 1492/1135/221
f 1505/1136/225 1504/1134/224 1493/1123/221
f 1506/1137/225 1505/1136/225 1494/1125/221
f 1507/1138/224 1506/1137/225 1495/1126/221
f 1508/1139/226 1507/1138/224 1496/1127/221
f 1498/1129/223 1509/1140/227 1508/1139/226
f 1499/1130/223 1510/1141/228 1509/1140/227
f 1500/1131/223 1511/1142/228 1510/1141/228
f 1501/1133/223 1512/1144/227 1511/1142/228
f 1502/1143/223 1513/1156/228 1512/1144/227
f 1504/1134/224 1515/1147/229 1514/1145/229
f 1505/1136/225 1516/1148/229 1515/1147/229
f 1506/1137/225 1517/1149/229 1516/1148/229
f 1507/1138/224 1518/1150/229 1517/1149/229
f 1508/1139/226 1519/1161/232 1518/1150/229
f 1520/1151/230 1519/1161/232 1508/1139/226
f 1521/1152/230 1520/1151/230 1509/1140/227
f 1522/1153/230 1521/1152/230 1510/1141/228
f 1523/1154/230 1522/1153/230 1511/1142/228
f 1524/1155/230 1523/1154/230 1512/1144/227
f 1515/1147/229 1526/1158/231 1525/1157/231
f 1516/1148/229 1527/1159/231 1526/1158/231
f 1517/1149/229 1528/1160/231 1527/1159/231
f 1518/1150/229 1529/1162/231 1528/1160/231
f 1519/1161/232 1530/1172/235 1529/1162/231
f 1531/1163/233 1530/1172/235 1519/1161/232
f 1532/1164/233 1531/1163/233 1520/1151/230
f 1533/1165/233 1532/1164/233 1521/1152/230
f 1534/1166/233 1533/1165/233 1522/1153/230
f 1535/1167/233 1534/1166/233 1523/1154/230
f 1526/1158/231 1537/1169/234 1536/1168/234
f 1527/1159/231 1538/1170/234 1537/1169/234
f 1528/1160/231 1539/1171/234 1538/1170/234
f 1529/1162/231 1540/1173/234 1539/1171/234
f 1530/1172/235 1541/1183/238 1540/1173/234
f 1542/1174/236 1541/1183/238 1530/1172/235
f 1543/1175/236 1542/1174/236 1531/1163/233
f 1544/1176/236 1543/1175/236 1532/1164/233
f 1545/1177/236 1544/1176/236 1533/1165/233
f 1546/1178/236 1545/1177/236 1534/1166/233
f 1537/1169/234 1548/1180/237 1547/1179/237
f 1538/1170/234 1549/1181/237 1548/1180/237
f 1539/1171/234 1550/1182/237 1549/1181/237
f 1540/1173/234 1551/1184/237 1550/1182/237
f 1541/1183/238 1552/1194/242 1551/1184/237
f 1553/1185/239 1552/1194/242 1541/1183/238
f 1554/1186/239 1553/1185/239 1542/1174/236
f 1555/1187/239 1554/1186/239 1543/1175/236
f 1556/1188/239 1555/1187/239 1544/1176/236
f 1557/1189/239 1556/1188/239 1545/1177/236
f 1548/1180/237 1559/1191/240 1558/1190/240
f 1549/1181/237 1560/1192/240 1559/1191/240
f 1550/1182/237 1561/1193/241 1560/1192/240
f 1551/1184/237 1562/1195/240 1561/1193/241
f 1552/1194/242 1563/1205/248 1562/1195/240
f 1564/1196/243 1563/1205/248 1552/1194/242
f 1565/1197/244 1564/1196/243 1553/1185/239
f 1566/1198/244 1565/1197/244 1554/1186/239
f 1567/1199/245 1566/1198/244 1555/1187/239
f 1568/1200/245 1567/1199/245 1556/1188/239
f 1559/1191/240 1570/1202/247 1569/1201/246
f 1560/1192/240 1571/1203/247 1570/1202/247
f 1561/1193/241 1572/1204/247 1571/1203/247
f 1562/1195/240 1573/1206/247 1572/1204/247
f 1563/1205/248 1574/1217/256 1573/1206/247
f 1575/1207/249 1574/1217/256 1563/1205/248
f 1576/1208/249 1575/1207/249 1564/1196/243
f 1577/1209/249 1576/1208/249 1565/1197/244
f 1578/1210/249 1577/1209/249 1566/1198/244
f 1579/1211/250 1578/1210/249 1567/1199/245
f 1581/1212/251 1580/1223/252 1569/1201/246
f 1582/1213/252 1581/1212/251 1570/1202/247
f 1583/1214/253 1582/1213/252 1571/1203/247
f 1584/1215/254 1583/1214/253 1572/1204/247
f 1585/1216/255 1584/1215/254 1573/1206/247
f 1575/1207/249 1586/1218/257 1585/1216/255
f 1576/1208/249 1587/1219/257 1586/1218/257
f 1577/1209/249 1588/1220/257 1587/1219/257
f 1578/1210/249 1589/1221/258 1588/1220/257
f 1579/1211/250 1590/1231/257 1589/1221/258
f 1592/1222/259 1591/1234/259 1580/1223/252
f 1593/1224/259 1592/1222/259 1581/1212/251
f 1594/1225/259 1593/1224/259 1582/1213/252
f 1595/1226/259 1594/1225/259 1583/1214/253
f 1596/1227/260 1595/1226/259 1584/1215/254
f 1586/1218/257 1597/1228/261 1596/1227/260
f 1587/1219/257 1598/1229/261 1597/1228/261
f 1588/1220/257 1599/1230/261 1598/1229/261
f 1589/1221/258 1600/1232/261 1599/1230/261
f 1590/1231/257 1601/1242/266 1600/1232/261
f 1603/1233/262 1602/1245/268 1591/1234/259
f 1604/1235/262 1603/1233/262 1592/1222/259
f 1605/1236/262 1604/1235/262 1593/1224/259
f 1606/1237/262 1605/1236/262 1594/1225/259
f 1607/1238/263 1606/1237/262 1595/1226/259
f 1597/1228/261 1608/1239/264 1607/1238/263
f 1598/1229/261 1609/1240/264 1608/1239/264
f 1599/1230/261 1610/1241/265 1609/1240/264
f 1600/1232/261 1611/1243/264 1610/1241/265
f 1601/1242/266 1612/1253/264 1611/1243/264
f 1614/1244/267 1613/1256/267 1602/1245/268
f 1615/1246/267 1614/1244/267 1603/1233/262
f 1616/1247/267 1615/1246/267 1604/1235/262
f 1617/1248/267 1616/1247/267 1605/1236/262
f 1618/1249/269 1617/1248/267 1606/1237/262
f 1608/1239/264 1619/1250/270 1618/1249/269
f 1609/1240/264 1620/1251/271 1619/1250/270
f 1610/1241/265 1621/1252/270 1620/1251/271
f 1611/1243/264 1622/1254/270 1621/1252/270
f 1612/1253/264 1623/1264/270 1622/1254/270
f 1625/1255/272 1624/1267/272 1613/1256/267
f 1626/1257/272 1625/1255/272 1614/1244/267
f 1627/1258/272 1626/1257/272 1615/1246/267
f 1628/1259/272 1627/1258/272 1616/1247/267
f 1629/1260/273 1628/1259/272 1617/1248/267
f 1619/1250/270 1630/1261/274 1629/1260/273
f 1620/1251/271 1631/1262/274 1630/1261/274
f 1621/1252/270 1632/1263/274 1631/1262/274
f 1622/1254/270 1633/1265/274 1632/1263/274
f 1623/1264/270 1634/1275/274 1633/1265/274
f 1636/1266/275 1635/1277/275 1624/1267/272
f 1637/1268/275 1636/1266/275 1625/1255/272
f 1638/1269/275 1637/1268/275 1626/1257/272
f 1639/1270/275 1638/1269/275 1627/1258/272
f 1629/1260/273 1640/1281/278 1639/1270/275
f 1641/1271/276 1640/1281/278 1629/1260/273
f 1631/1262/274 1642/1272/276 1641/1271/276
f 1632/1263/274 1643/1286/276 1642/1272/276
f 1644/1273/276 1643/1286/276 1632/1263/274
f 1645/1274/276 1644/1273/276 1633/1265/274
f 1636/1266/275 1647/1278/277 1646/1276/277
f 1637/1268/275 1648/1279/277 1647/1278/277
f 1638/1269/275 1649/1280/277 1648/1279/277
f 1639/1270/275 1650/1282/277 1649/1280/277
f 1640/1281/278 1651/1293/281 1650/1282/277
f 1652/1283/279 1651/1293/281 1640/1281/278
f 1653/1284/279 1652/1283/279 1641/1271/276
f 1654/1285/279 1653/1284/279 1642/1272/276
f 1655/1287/279 1654/1285/279 1643/1286/276
f 1656/1288/279 1655/1287/279 1644/1273/276
f 1647/1278/277 1658/1290/280 1657/1289/280
f 1648/1279/277 1659/1291/280 1658/1290/280
f 1649/1280/277 1660/1292/280 1659/1291/280
f 1650/1282/277 1661/1294/280 1660/1292/280
f 1651/1293/281 1662/1304/285 1661/1294/280
f 1663/1295/282 1662/1304/285 1651/1293/281
f 1664/1296/282 1663/1295/282 1652/1283/279
f 1665/1297/282 1664/1296/282 1653/1284/279
f 1666/1298/282 1665/1297/282 1654/1285/279
f 1667/1299/282 1666/1298/282 1655/1287/279
f 1658/1290/280 1669/1301/283 1668/1300/283
f 1659/1291/280 1670/1302/284 1669/1301/283
f 1660/1292/280 1671/1303/284 1670/1302/284
f 1661/1294/280 1672/1305/284 1671/1303/284
f 1662/1304/285 1673/1315/289 1672/1305/284
f 1674/1306/286 1673/1315/289 1662/1304/285
f 1675/1307/286 1674/1306/286 1663/1295/282
f 1676/1308/286 1675/1307/286 1664/1296/282
f 1677/1309/287 1676/1308/286 1665/1297/282
f 1678/1310/287 1677/1309/287 1666/1298/282
f 1669/1301/283 1680/1312/288 1679/1311/288
f 1670/1302/284 1681/1313/288 1680/1312/288
f 1671/1303/284 1682/1314/288 1681/1313/288
f 1672/1305/284 1683/1316/288 1682/1314/288
f 1673/1315/289 1684/1326/292 1683/1316/288
f 1685/1317/290 1684/1326/292 1673/1315/289
f 1686/1318/290 1685/1317/290 1674/1306/286
f 1687/1319/290 1686/1318/290 1675/1307/286
f 1688/1320/290 1687/1319/290 1676/1308/286
f 1689/1321/290 1688/1320/290 1677/1309/287
f 1680/1312/288 1691/1323/291 1690/1322/291
f 1681/1313/288 1692/1324/291 1691/1323/291
f 1682/1314/288 1693/1325/291 1692/1324/291
f 1683/1316/288 1694/1327/291 1693/1325/291
f 1684/1326/292 1695/1338/296 1694/1327/291
f 1696/1328/293 1695/1338/296 1684/1326/292
f 1697/1329/293 1696/1328/293 1685/1317/290
f 1698/1330/293 1697/1329/293 1686/1318/290
f 1699/1331/293 1698/1330/293 1687/1319/290
f 1700/1332/293 1699/1331/293 1688/1320/290
f 1702/1333/294 1701/1344/294 1690/1322/291
f 1703/1334/294 1702/1333/294 1691/1323/291
f 1704/1335/294 1703/1334/294 1692/1324/291
f 1705/1336/294 1704/1335/294 1693/1325/291
f 1706/1337/295 1705/1336/294 1694/1327/291
f 1696/1328/293 1707/1339/297 1706/1337/295
f 1697/1329/293 1708/1340/297 1707/1339/297
f 1698/1330/293 1709/1341/297 1708/1340/297
f 1699/1331/293 1710/1342/297 1709/1341/297
f 1700/1332/293 1711/1352/297 1710/1342/297
f 1713/1343/298 1712/1355/298 1701/1344/294
f 1714/1345/298 1713/1343/298 1702/1333/294
f 1715/1346/298 1714/1345/298 1703/1334/294
f 1716/1347/298 1715/1346/298 1704/1335/294
f 1717/1348/299 1716/1347/298 1705/1336/294
f 1707/1339/297 1718/1349/300 1717/1348/299
f 1708/1340/297 1719/1350/300 1718/1349/300
f 1709/1341/297 1720/1351/300 1719/1350/300
f 1710/1342/297 1721/1353/300 1720/1351/300
f 1711/1352/297 1722/1360/300 1721/1353/300
f 1724/1354/301 1723/1362/301 1712/1355/298
f 1714/1345/298 1725/1363/301 1724/1354/301
f 1726/1356/301 1725/1363/301 1714/1345/298
f 1716/1347/298 1727/1366/301 1726/1356/301
f 1728/1357/302 1727/1366/301 1716/1347/298
f 1718/1349/300 1729/1370/303 1728/1357/302
f 1730/1358/303 1729/1370/303 1718/1349/300
f 1720/1351/300 1731/1373/303 1730/1358/303
f 1732/1359/303 1731/1373/303 1720/1351/300
f 1722/1360/300 1733/1376/303 1732/1359/303
f 1724/1354/301 1735/1364/304 1734/1361/304
f 1725/1363/301 1736/1365/304 1735/1364/304
f 1726/1356/301 1737/1367/304 1736/1365/304
f 1727/1366/301 1738/1368/304 1737/1367/304
f 1728/1357/302 1739/1381/307 1738/1368/304
f 1740/1369/305 1739/1381/307 1728/1357/302
f 1741/1371/305 1740/1369/305 1729/1370/303
f 1742/1372/305 1741/1371/305 1730/1358/303
f 1743/1374/305 1742/1372/305 1731/1373/303
f 1744/1375/305 1743/1374/305 1732/1359/303
f 1735/1364/304 1746/1378/306 1745/1377/306
f 1736/1365/304 1747/1379/306 1746/1378/306
f 1737/1367/304 1748/1380/306 1747/1379/306
f 1738/1368/304 1749/1382/306 1748/1380/306
f 1739/1381/307 1750/1392/310 1749/1382/306
f 1751/1383/308 1750/1392/310 1739/1381/307
f 1752/1384/308 1751/1383/308 1740/1369/305
f 1753/1385/308 1752/1384/308 1741/1371/305
f 1754/1386/308 1753/1385/308 1742/1372/305
f 1755/1387/308 1754/1386/308 1743/1374/305
f 1746/1378/306 1757/1389/309 1756/1388/309
f 1747/1379/306 1758/1390/309 1757/1389/309
f 1748/1380/306 1759/1391/309 1758/1390/309
f 1749/1382/306 1760/1393/309 1759/1391/309
f 1750/1392/310 1761/1403/313 1760/1393/309
f 1762/1394/311 1761/1403/313 1750/1392/310
f 1763/1395/311 1762/1394/311 1751/1383/308
f 1764/1396/311 1763/1395/311 1752/1384/308
f 1765/1397/311 1764/1396/311 1753/1385/308
f 1766/1398/311 1765/1397/311 1754/1386/308
f 1757/1389/309 1768/1400/312 1767/1399/312
f 1758/1390/309 1769/1401/312 1768/1400/312
f 1759/1391/309 1770/1402/312 1769/1401/312
f 1760/1393/309 1771/1404/312 1770/1402/312
f 1761/1403/313 1772/1414/316 1771/1404/312
f 1773/1405/314 1772/1414/316 1761/1403/313
f 1774/1406/314 1773/1405/314 1762/1394/311
f 1775/1407/314 1774/1406/314 1763/1395/311
f 1776/1408/314 1775/1407/314 1764/1396/311
f 1777/1409/314 1776/1408/314 1765/1397/311
f 1768/1400/312 1779/1411/315 1778/1410/315
f 1769/1401/312 1780/1412/315 1779/1411/315
f 1770/1402/312 1781/1413/315 1780/1412/315
f 1771/1404/312 1782/1415/315 1781/1413/315
f 1772/1414/316 1783/1425/319 1782/1415/315
f 1784/1416/317 1783/1425/319 1772/1414/316
f 1785/1417/317 1784/1416/317 1773/1405/314
f 1786/1418/317 1785/1417/317 1774/1406/314
f 1787/1419/317 1786/1418/317 1775/1407/314
f 1788/1420/317 1787/1419/317 1776/1408/314
f 1779/1411/315 1790/1422/318 1789/1421/318
f 1780/1412/315 1791/1423/318 1790/1422/318
f 1781/1413/315 1792/1424/318 1791/1423/318
f 1782/1415/315 1793/1426/318 1792/1424/318
f 1783/1425/319 1794/1436/322 1793/1426/318
f 1795/1427/320 1794/1436/322 1783/1425/319
f 1796/1428/320 1795/1427/320 1784/1416/317
f 1797/1429/320 1796/1428/320 1785/1417/317
f 1798/1430/320 1797/1429/320 1786/1418/317
f 1799/1431/320 1798/1430/320 1787/1419/317
f 1790/1422/318 1801/1433/321 1800/1432/321
f 1791/1423/318 1802/1434/321 1801/1433/321
f 1792/1424/318 1803/1435/321 1802/1434/321
f 1793/1426/318 1804/1437/321 1803/1435/321
f 1794/1436/322 1805/1447/326 1804/1437/321
f 1806/1438/323 1805/1447/326 1794/1436/322
f 1807/1439/323 1806/1438/323 1795/1427/320
f 1808/1440/323 1807/1439/323 1796/1428/320
f 1809/1441/323 1808/1440/323 1797/1429/320
f 1810/1442/323 1809/1441/323 1798/1430/320
f 1801/1433/321 1812/1444/324 1811/1443/324
f 1802/1434/321 1813/1445/325 1812/1444/324
f 1803/1435/321 1814/1446/325 1813/1445/325
f 1804/1437/321 1815/1448/325 1814/1446/325
f 1805/1447/326 1816/1458/330 1815/1448/325
f 1817/1449/327 1816/1458/330 1805/1447/326
f 1818/1450/327 1817/1449/327 1806/1438/323
f 1819/1451/327 1818/1450/327 1807/1439/323
f 1820/1452/328 1819/1451/327 1808/1440/323
f 1821/1453/327 1820/1452/328 1809/1441/323
f 1812/1444/324 1823/1455/329 1822/1454/329
f 1813/1445/325 1824/1456/329 1823/1455/329
f 1814/1446/325 1825/1457/329 1824/1456/329
f 1815/1448/325 1826/1459/329 1825/1457/329
f 1816/1458/330 1827/1469/334 1826/1459/329
f 1828/1460/331 1827/1469/334 1816/1458/330
f 1829/1461/331 1828/1460/331 1817/1449/327
f 1830/1462/331 1829/1461/331 1818/1450/327
f 1831/1463/331 1830/1462/331 1819/1451/327
f 1832/1464/331 1831/1463/331 1820/1452/328
f 1823/1455/329 1834/1466/333 1833/1465/332
f 1824/1456/329 1835/1467/333 1834/1466/333
f 1825/1457/329 1836/1468/332 1835/1467/333
f 1826/1459/329 1837/1470/333 1836/1468/332
f 1827/1469/334 1838/1480/338 1837/1470/333
f 1839/1471/335 1838/1480/338 1827/1469/334
f 1840/1472/336 1839/1471/335 1828/1460/331
f 1841/1473/335 1840/1472/336 1829/1461/331
f 1842/1474/335 1841/1473/335 1830/1462/331
f 1843/1475/335 1842/1474/335 1831/1463/331
f 1834/1466/333 1845/1477/337 1844/1476/337
f 1835/1467/333 1846/1478/337 1845/1477/337
f 1836/1468/332 1847/1479/337 1846/1478/337
f 1837/1470/333 1848/1481/337 1847/1479/337
f 1838/1480/338 1849/1491/341 1848/1481/337
f 1850/1482/339 1849/1491/341 1838/1480/338
f 1851/1483/339 1850/1482/339 1839/1471/335
f 1852/1484/339 1851/1483/339 1840/1472/336
f 1853/1485/339 1852/1484/339 1841/1473/335
f 1854/1486/339 1853/1485/339 1842/1474/335
f 1845/1477/337 1856/1488/340 1855/1487/340
f 1846/1478/337 1857/1489/340 1856/1488/340
f 1847/1479/337 1858/1490/340 1857/1489/340
f 1848/1481/337 1859/1492/340 1858/1490/340
f 1849/1491/341 1860/1502/344 1859/1492/340
f 1861/1493/342 1860/1502/344 1849/1491/341
f 1862/1494/342 1861/1493/342 1850/1482/339
f 1863/1495/342 1862/1494/342 1851/1483/339
f 1864/1496/342 1863/1495/342 1852/1484/339
f 1865/1497/342 1864/1496/342 1853/1485/339
f 1856/1488/340 1867/1499/343 1866/1498/343
f 1857/1489/340 1868/1500/343 1867/1499/343
f 1858/1490/340 1869/1501/343 1868/1500/343
f 1859/1492/340 1870/1503/343 1869/1501/343
f 1860/1502/344 1871/1513/347 1870/1503/343
f 1872/1504/345 1871/1513/347 1860/1502/344
f 1873/1505/345 1872/1504/345 1861/1493/342
f 1874/1506/345 1873/1505/345 1862/1494/342
f 1875/1507/345 1874/1506/345 1863/1495/342
f 1876/1508/345 1875/1507/345 1864/1496/342
f 1867/1499/343 1878/1510/346 1877/1509/346
f 1868/1500/343 1879/1511/346 1878/1510/346
f 1869/1501/343 1880/1512/346 1879/1511/346
f 1870/1503/343 1881/1514/346 1880/1512/346
f 1871/1513/347 1882/1524/350 1881/1514/346
f 1883/1515/348 1882/1524/350 1871/1513/347
f 1884/1516/348 1883/1515/348 1872/1504/345
f 1885/1517/348 1884/1516/348 1873/1505/345
f 1886/1518/348 1885/1517/348 1874/1506/345
f 1887/1519/348 1886/1518/348 1875/1507/345
f 1878/1510/346 1889/1521/349 1888/1520/349
f 1879/1511/346 1890/1522/349 1889/1521/349
f 1880/1512/346 1891/1523/349 1890/1522/349
f 1881/1514/346 1892/1525/349 1891/1523/349
f 1882/1524/350 1893/1535/353 1892/1525/349
f 1894/1526/351 1893/1535/353 1882/1524/350
f 1895/1527/351 1894/1526/351 1883/1515/348
f 1896/1528/351 1895/1527/351 1884/1516/348
f 1897/1529/351 1896/1528/351 1885/1517/348
f 1898/1530/351 1897/1529/351 1886/1518/348
f 1889/1521/349 1900/1532/352 1899/1531/352
f 1890/1522/349 1901/1533/352 1900/1532/352
f 1891/1523/349 1902/1534/352 1901/1533/352
f 1892/1525/349 1903/1536/352 1902/1534/352
f 1893/1535/353 1904/1546/356 1903/1536/352
f 1905/1537/354 1904/1546/356 1893/1535/353
f 1906/1538/354 1905/1537/354 1894/1526/351
f 1907/1539/354 1906/1538/354 1895/1527/351
f 1908/1540/354 1907/1539/354 1896/1528/351
f 1909/1541/354 1908/1540/354 1897/1529/351
f 1900/1532/352 1911/1543/355 1910/1542/355
f 1901/1533/352 1912/1544/355 1911/1543/355
f 1902/1534/352 1913/1545/355 1912/1544/355
f 1903/1536/352 1914/1547/355 1913/1545/355
f 1904/1546/356 1915/1557/360 1914/1547/355
f 1916/1548/357 1915/1557/360 1904/1546/356
f 1917/1549/357 1916/1548/357 1905/1537/354
f 1918/1550/357 1917/1549/357 1906/1538/354
f 1919/1551/357 1918/1550/357 1907/1539/354
f 1920/1552/357 1919/1551/357 1908/1540/354
f 1911/1543/355 1922/1554/359 1921/1553/358
f 1912/1544/355 1923/1555/359 1922/1554/359
f 1913/1545/355 1924/1556/359 1923/1555/359
f 1914/1547/355 1925/1558/359 1924/1556/359
f 1915/1557/360 1926/1568/364 1925/1558/359
f 1927/1559/361 1926/1568/364 1915/1557/360
f 1928/1560/361 1927/1559/361 1916/1548/357
f 1929/1561/361 1928/1560/361 1917/1549/357
f 1930/1562/361 1929/1561/361 1918/1550/357
f 1931/1563/362 1930/1562/361 1919/1551/357
f 1922/1554/359 1933/1565/363 1932/1564/363
f 1923/1555/359 1934/1566/363 1933/1565/363
f 1924/1556/359 1935/1567/363 1934/1566/363
f 1925/1558/359 1936/1569/363 1935/1567/363
f 1926/1568/364 1937/1579/368 1936/1569/363
f 1938/1570/365 1937/1579/368 1926/1568/364
f 1939/1571/365 1938/1570/365 1927/1559/361
f 1940/1572/365 1939/1571/365 1928/1560/361
f 1941/1573/365 1940/1572/365 1929/1561/361
f 1942/1574/365 1941/1573/365 1930/1562/361
f 1933/1565/363 1944/1576/367 1943/1575/366
f 1934/1566/363 1945/1577/367 1944/1576/367
f 1935/1567/363 1946/1578/367 1945/1577/367
f 1936/1569/363 1947/1580/367 1946/1578/367
f 1937/1579/368 1948/1591/373 1947/1580/367
f 1949/1581/369 1948/1591/373 1937/1579/368
f 1950/1582/369 1949/1581/369 1938/1570/365
f 1951/1583/369 1950/1582/369 1939/1571/365
f 1952/1584/370 1951/1583/369 1940/1572/365
f 1953/1585/370 1952/1584/370 1941/1573/365
f 1955/1586/371 1954/1597/371 1943/1575/366
f 1956/1587/371 1955/1586/371 1944/1576/367
f 1957/1588/371 1956/1587/371 1945/1577/367
f 1958/1589/371 1957/1588/371 1946/1578/367
f 1959/1590/372 1958/1589/371 1947/1580/367
f 1949/1581/369 1960/1592/374 1959/1590/372
f 1950/1582/369 1961/1593/374 1960/1592/374
f 1951/1583/369 1962/1594/374 1961/1593/374
f 1952/1584/370 1963/1595/374 1962/1594/374
f 1953/1585/370 1964/1605/374 1963/1595/374
f 1966/1596/375 1965/1608/375 1954/1597/371
f 1967/1598/375 1966/1596/375 1955/1586/371
f 1968/1599/375 1967/1598/375 1956/1587/371
f 1969/1600/375 1968/1599/375 1957/1588/371
f 1970/1601/376 1969/1600/375 1958/1589/371
f 1960/1592/374 1971/1602/377 1970/1601/376
f 1961/1593/374 1972/1603/377 1971/1602/377
f 1962/1594/374 1973/1604/377 1972/1603/377
f 1963/1595/374 1974/1606/377 1973/1604/377
f 1964/1605/374 1975/1616/377 1974/1606/377
f 1977/1607/378 1976/1619/378 1965/1608/375
f 1978/1609/378 1977/1607/378 1966/1596/375
f 1979/1610/378 1978/1609/378 1967/1598/375
f 1980/1611/378 1979/1610/378 1968/1599/375
f 1981/1612/379 1980/1611/378 1969/1600/375
f 1971/1602/377 1982/1613/380 1981/1612/379
f 1972/1603/377 1983/1614/380 1982/1613/380
f 1973/1604/377 1984/1615/380 1983/1614/380
f 1974/1606/377 1985/1617/380 1984/1615/380
f 1975/1616/377 1986/1627/380 1985/1617/380
f 1988/1618/381 1987/1630/381 1976/1619/378
f 1989/1620/381 1988/1618/381 1977/1607/378
f 1990/1621/381 1989/1620/381 1978/1609/378
f 1991/1622/381 1990/1621/381 1979/1610/378
f 1992/1623/382 1991/1622/381 1980/1611/378
f 1982/1613/380 1993/1624/383 1992/1623/382
f 1983/1614/380 1994/1625/383 1993/1624/383
f 1984/1615/380 1995/1626/383 1994/1625/383
f 1985/1617/380 1996/1628/383 1995/1626/383
f 1986/1627/380 1997/1638/383 1996/1628/383
f 1999/1629/384 1998/1641/384 1987/1630/381
f 2000/1631/384 1999/1629/384 1988/1618/381
f 2001/1632/384 2000/1631/384 1989/1620/381
f 2002/1633/384 2001/1632/384 1990/1621/381
f 2003/1634/385 2002/1633/384 1991/1622/381
f 1993/1624/383 2004/1635/386 2003/1634/385
f 1994/1625/383 2005/1636/386 2004/1635/386
f 1995/1626/383 2006/1637/386 2005/1636/386
f 1996/1628/383 2007/1639/386 2006/1637/386
f 1997/1638/383 2008/1649/386 2007/1639/386
f 2010/1640/387 2009/1652/387 1998/1641/384
f 2011/1642/387 2010/1640/387 1999/1629/384
f 2012/1643/387 2011/1642/387 2000/1631/384
f 2013/1644/387 2012/1643/387 2001/1632/384
f 2014/1645/388 2013/1644/387 2002/1633/384
f 2004/1635/386 2015/1646/389 2014/1645/388
f 2005/1636/386 2016/1647/389 2015/1646/389
f 2006/1637/386 2017/1648/389 2016/1647/389
f 2007/1639/386 2018/1650/389 2017/1648/389
f 2008/1649/386 2019/1660/389 2018/1650/389
f 2021/1651/390 2020/1663/390 2009/1652/387
f 2022/1653/390 2021/1651/390 2010/1640/387
f 2023/1654/390 2022/1653/390 2011/1642/387
f 2024/1655/390 2023/1654/390 2012/1643/387
f 2025/1656/391 2024/1655/390 2013/1644/387
f 2015/1646/389 2026/1657/392 2025/1656/391
f 2016/1647/389 2027/1658/392 2026/1657/392
f 2017/1648/389 2028/1659/392 2027/1658/392
f 2018/1650/389 2029/1661/392 2028/1659/392
f 2019/1660/389 2030/1671/392 2029/1661/392
f 2032/1662/393 2031/1674/393 2020/1663/390
f 2033/1664/393 2032/1662/393 2021/1651/390
f 2034/1665/393 2033/1664/393 2022/1653/390
f 2035/1666/393 2034/1665/393 2023/1654/390
f 2036/1667/394 2035/1666/393 2024/1655/390
f 2026/1657/392 2037/1668/395 2036/1667/394
f 2027/1658/392 2038/1669/395 2037/1668/395
f 2028/1659/392 2039/1670/395 2038/1669/395
f 2029/1661/392 2040/1672/395 2039/1670/395
f 2030/1671/392 2041/1684/395 2040/1672/395
f 2032/1662/393 2043/1675/397 2042/1673/396
f 2033/1664/393 2044/1676/397 2043/1675/397
f 2034/1665/393 2045/1677/396 2044/1676/397
f 2035/1666/393 2046/1678/397 2045/1677/396
f 2036/1667/394 2047/1689/401 2046/1678/397
f 2048/1679/398 2047/1689/401 2036/1667/394
f 2049/1680/399 2048/1679/398 2037/1668/395
f 2050/1681/399 2049/1680/399 2038/1669/395
f 2051/1682/398 2050/1681/399 2039/1670/395
f 2052/1683/399 2051/1682/398 2040/1672/395
f 2043/1675/397 2054/1686/400 2053/1685/400
f 2044/1676/397 2055/1687/400 2054/1686/400
f 2045/1677/396 2056/1688/400 2055/1687/400
f 2046/1678/397 2057/1690/400 2056/1688/400
f 2047/1689/401 2058/1700/404 2057/1690/400
f 2059/1691/402 2058/1700/404 2047/1689/401
f 2060/1692/402 2059/1691/402 2048/1679/398
f 2061/1693/402 2060/1692/402 2049/1680/399
f 2062/1694/402 2061/1693/402 2050/1681/399
f 2063/1695/402 2062/1694/402 2051/1682/398
f 2054/1686/400 2065/1697/403 2064/1696/403
f 2055/1687/400 2066/1698/403 2065/1697/403
f 2056/1688/400 2067/1699/403 2066/1698/403
f 2057/1690/400 2068/1701/403 2067/1699/403
f 2058/1700/404 2069/1711/407 2068/1701/403
f 2070/1702/405 2069/1711/407 2058/1700/404
f 2071/1703/405 2070/1702/405 2059/1691/402
f 2072/1704/405 2071/1703/405 2060/1692/402
f 2073/1705/405 2072/1704/405 2061/1693/402
f 2074/1706/405 2073/1705/405 2062/1694/402
f 2065/1697/403 2076/1708/406 2075/1707/406
f 2066/1698/403 2077/1709/406 2076/1708/406
f 2067/1699/403 2078/1710/406 2077/1709/406
f 2068/1701/403 2079/1712/406 2078/1710/406
f 2069/1711/407 2080/1722/410 2079/1712/406
f 2081/1713/408 2080/1722/410 2069/1711/407
f 2082/1714/408 2081/1713/408 2070/1702/405
f 2083/1715/408 2082/1714/408 2071/1703/405
f 2084/1716/408 2083/1715/408 2072/1704/405
f 2085/1717/408 2084/1716/408 2073/1705/405
f 2076/1708/406 2087/1719/409 2086/1718/409
f 2077/1709/406 2088/1720/409 2087/1719/409
f 2078/1710/406 2089/1721/409 2088/1720/409
f 2079/1712/406 2090/1723/409 2089/1721/409
f 2080/1722/410 2091/1733/413 2090/1723/409
f 2092/1724/411 2091/1733/413 2080/1722/410
f 2093/1725/411 2092/1724/411 2081/1713/408
f 2094/1726/411 2093/1725/411 2082/1714/408
f 2095/1727/411 2094/1726/411 2083/1715/408
f 2096/1728/411 2095/1727/411 2084/1716/408
f 2087/1719/409 2098/1730/412 2097/1729/412
f 2088/1720/409 2099/1731/412 2098/1730/412
f 2089/1721/409 2100/1732/412 2099/1731/412
f 2090/1723/409 2101/1734/412 2100/1732/412
f 2091/1733/413 2102/1745/417 2101/1734/412
f 2103/1735/414 2102/1745/417 2091/1733/413
f 2104/1736/414 2103/1735/414 2092/1724/411
f 2105/1737/414 2104/1736/414 2093/1725/411
f 2106/1738/414 2105/1737/414 2094/1726/411
f 2107/1739/414 2106/1738/414 2095/1727/411
f 2109/1740/415 2108/1751/415 2097/1729/412
f 2110/1741/415 2109/1740/415 2098/1730/412
f 2111/1742/415 2110/1741/415 2099/1731/412
f 2112/1743/415 2111/1742/415 2100/1732/412
f 2113/1744/416 2112/1743/415 2101/1734/412
f 2103/1735/414 2114/1746/418 2113/1744/416
f 2104/1736/414 2115/1747/418 2114/1746/418
f 2105/1737/414 2116/1748/418 2115/1747/418
f 2106/1738/414 2117/1749/418 2116/1748/418
f 2107/1739/414 2118/1759/418 2117/1749/418
f 2120/1750/419 2119/1762/419 2108/1751/415
f 2121/1752/420 2120/1750/419 2109/1740/415
f 2122/1753/419 2121/1752/420 2110/1741/415
f 2123/1754/419 2122/1753/419 2111/1742/415
f 2124/1755/421 2123/1754/419 2112/1743/415
f 2114/1746/418 2125/1756/422 2124/1755/421
f 2115/1747/418 2126/1757/422 2125/1756/422
f 2116/1748/418 2127/1758/422 2126/1757/422
f 2117/1749/418 2128/1760/422 2127/1758/422
f 2118/1759/418 2129/1770/422 2128/1760/422
f 2131/1761/423 2130/1773/427 2119/1762/419
f 2132/1763/423 2131/1761/423 2120/1750/419
f 2133/1764/423 2132/1763/423 2121/1752/420
f 2134/1765/423 2133/1764/423 2122/1753/419
f 2135/1766/424 2134/1765/423 2123/1754/419
f 2125/1756/422 2136/1767/425 2135/1766/424
f 2126/1757/422 2137/1768/425 2136/1767/425
f 2127/1758/422 2138/1769/425 2137/1768/425
f 2128/1760/422 2139/1771/425 2138/1769/425
f 2129/1770/422 2140/1781/425 2139/1771/425
f 2142/1772/426 2141/1784/426 2130/1773/427
f 2143/1774/426 2142/1772/426 2131/1761/423
f 2144/1775/426 2143/1774/426 2132/1763/423
f 2145/1776/426 2144/1775/426 2133/1764/423
f 2146/1777/428 2145/1776/426 2134/1765/423
f 2136/1767/425 2147/1778/429 2146/1777/428
f 2137/1768/425 2148/1779/429 2147/1778/429
f 2138/1769/425 2149/1780/429 2148/1779/429
f 2139/1771/425 2150/1782/430 2149/1780/429
f 2140/1781/425 2151/1792/430 2150/1782/430
f 2153/1783/431 2152/1795/432 2141/1784/426
f 2154/1785/431 2153/1783/431 2142/1772/426
f 2155/1786/432 2154/1785/431 2143/1774/426
f 2156/1787/431 2155/1786/432 2144/1775/426
f 2157/1788/433 2156/1787/431 2145/1776/426
f 2147/1778/429 2158/1789/434 2157/1788/433
f 2148/1779/429 2159/1790/435 2158/1789/434
f 2149/1780/429 2160/1791/434 2159/1790/435
f 2150/1782/430 2161/1793/434 2160/1791/434
f 2151/1792/430 2162/1803/435 2161/1793/434
f 2164/1794/436 2163/1806/436 2152/1795/432
f 2165/1796/436 2164/1794/436 2153/1783/431
f 2166/1797/436 2165/1796/436 2154/1785/431
f 2167/1798/437 2166/1797/436 2155/1786/432
f 2168/1799/438 2167/1798/437 2156/1787/431
f 2158/1789/434 2169/1800/439 2168/1799/438
f 2159/1790/435 2170/1801/439 2169/1800/439
f 2160/1791/434 2171/1802/440 2170/1801/439
f 2161/1793/434 2172/1804/439 2171/1802/440
f 2162/1803/435 2173/1814/439 2172/1804/439
f 2175/1805/441 2174/1817/441 2163/1806/436
f 2176/1807/442 2175/1805/441 2164/1794/436
f 2177/1808/441 2176/1807/442 2165/1796/436
f 2178/1809/441 2177/1808/441 2166/1797/436
f 2179/1810/443 2178/1809/441 2167/1798/437
f 2169/1800/439 2180/1811/444 2179/1810/443
f 2170/1801/439 2181/1812/444 2180/1811/444
f 2171/1802/440 2182/1813/444 2181/1812/444
f 2172/1804/439 2183/1815/444 2182/1813/444
f 2173/1814/439 2184/1825/444 2183/1815/444
f 2186/1816/445 2185/1828/452 2174/1817/441
f 2187/1818/445 2186/1816/445 2175/1805/441
f 2188/1819/445 2187/1818/445 2176/1807/442
f 2189/1820/446 2188/1819/445 2177/1808/441
f 2190/1821/447 2189/1820/446 2178/1809/441
f 2180/1811/444 2191/1822/448 2190/1821/447
f 2181/1812/444 2192/1823/448 2191/1822/448
f 2182/1813/444 2193/1824/449 2192/1823/448
f 2183/1815/444 2194/1826/450 2193/1824/449
f 2184/1825/444 2195/1836/449 2194/1826/450
f 2197/1827/451 2196/1839/451 2185/1828/452
f 2198/1829/451 2197/1827/451 2186/1816/445
f 2199/1830/453 2198/1829/451 2187/1818/445
f 2200/1831/453 2199/1830/453 2188/1819/445
f 2201/1832/454 2200/1831/453 2189/1820/446
f 2191/1822/448 2202/1833/455 2201/1832/454
f 2192/1823/448 2203/1834/455 2202/1833/455
f 2193/1824/449 2204/1835/456 2203/1834/455
f 2194/1826/450 2205/1837/455 2204/1835/456
f 2195/1836/449 2206/1846/456 2205/1837/455
f 2208/1838/457 2207/1849/457 2196/1839/451
f 2209/1840/458 2208/1838/457 2197/1827/451
f 2210/1841/458 2209/1840/458 2198/1829/451
f 2211/1842/457 2210/1841/458 2199/1830/453
f 2212/1843/459 2211/1842/457 2200/1831/453
f 2213/1844/460 2212/1843/459 2201/1832/454
f 2203/1834/455 2214/1856/461 2213/1844/460
f 2215/1845/461 2214/1856/461 2203/1834/455
f 2205/1837/455 2216/1847/460 2215/1845/461
f 2206/1846/456 2217/1860/460 2216/1847/460
f 2208/1838/457 2219/1850/462 2218/1848/462
f 2209/1840/458 2220/1851/463 2219/1850/462
f 2210/1841/458 2221/1852/462 2220/1851/463
f 2211/1842/457 2222/1853/462 2221/1852/462
f 2212/1843/459 2223/1866/469 2222/1853/462
f 2224/1854/464 2223/1866/469 2212/1843/459
f 2225/1855/464 2224/1854/464 2213/1844/460
f 2226/1857/465 2225/1855/464 2214/1856/461
f 2227/1858/464 2226/1857/465 2215/1845/461
f 2228/1859/464 2227/1858/464 2216/1847/460
f 2230/1861/466 2229/1872/466 2218/1848/462
f 2231/1862/466 2230/1861/466 2219/1850/462
f 2232/1863/466 2231/1862/466 2220/1851/463
f 2233/1864/467 2232/1863/466 2221/1852/462
f 2234/1865/468 2233/1864/467 2222/1853/462
f 2224/1854/464 2235/1867/470 2234/1865/468
f 2225/1855/464 2236/1868/470 2235/1867/470
f 2226/1857/465 2237/1869/471 2236/1868/470
f 2227/1858/464 2238/1870/470 2237/1869/471
f 2228/1859/464 2239/1880/471 2238/1870/470
f 2241/1871/472 2240/1883/477 2229/1872/466
f 2242/1873/472 2241/1871/472 2230/1861/466
f 2243/1874/472 2242/1873/472 2231/1862/466
f 2244/1875/472 2243/1874/472 2232/1863/466
f 2245/1876/473 2244/1875/472 2233/1864/467
f 2235/1867/470 2246/1877/474 2245/1876/473
f 2236/1868/470 2247/1878/475 2246/1877/474
f 2237/1869/471 2248/1879/474 2247/1878/475
f 2238/1870/470 2249/1881/474 2248/1879/474
f 2239/1880/471 2250/1891/475 2249/1881/474
f 2252/1882/476 2251/1894/476 2240/1883/477
f 2253/1884/478 2252/1882/476 2241/1871/472
f 2254/1885/478 2253/1884/478 2242/1873/472
f 2255/1886/478 2254/1885/478 2243/1874/472
f 2256/1887/479 2255/1886/478 2244/1875/472
f 2246/1877/474 2257/1888/480 2256/1887/479
f 2247/1878/475 2258/1889/480 2257/1888/480
f 2248/1879/474 2259/1890/480 2258/1889/480
f 2249/1881/474 2260/1892/480 2259/1890/480
f 2250/1891/475 2261/1902/484 2260/1892/480
f 2263/1893/481 2262/1905/486 2251/1894/476
f 2264/1895/481 2263/1893/481 2252/1882/476
f 2265/1896/481 2264/1895/481 2253/1884/478
f 2266/1897/481 2265/1896/481 2254/1885/478
f 2267/1898/482 2266/1897/481 2255/1886/478
f 2257/1888/480 2268/1899/483 2267/1898/482
f 2258/1889/480 2269/1900/483 2268/1899/483
f 2259/1890/480 2270/1901/483 2269/1900/483
f 2260/1892/480 2271/1903/483 2270/1901/483
f 2261/1902/484 2272/1913/483 2271/1903/483
f 2274/1904/485 2273/1916/485 2262/1905/486
f 2275/1906/485 2274/1904/485 2263/1893/481
f 2276/1907/485 2275/1906/485 2264/1895/481
f 2277/1908/485 2276/1907/485 2265/1896/481
f 2278/1909/487 2277/1908/485 2266/1897/481
f 2268/1899/483 2279/1910/488 2278/1909/487
f 2269/1900/483 2280/1911/488 2279/1910/488
f 2270/1901/483 2281/1912/489 2280/1911/488
f 2271/1903/483 2282/1914/488 2281/1912/489
f 2272/1913/483 2283/1924/488 2282/1914/488
f 2285/1915/490 2284/1927/491 2273/1916/485
f 2286/1917/491 2285/1915/490 2274/1904/485
f 2287/1918/491 2286/1917/491 2275/1906/485
f 2288/1919/491 2287/1918/491 2276/1907/485
f 2289/1920/492 2288/1919/491 2277/1908/485
f 2279/1910/488 2290/1921/493 2289/1920/492
f 2280/1911/488 2291/1922/493 2290/1921/493
f 2281/1912/489 2292/1923/493 2291/1922/493
f 2282/1914/488 2293/1925/494 2292/1923/493
f 2283/1924/488 2294/1935/493 2293/1925/494
f 2296/1926/495 2295/1938/495 2284/1927/491
f 2297/1928/495 2296/1926/495 2285/1915/490
f 2298/1929/495 2297/1928/495 2286/1917/491
f 2299/1930/495 2298/1929/495 2287/1918/491
f 2300/1931/496 2299/1930/495 2288/1919/491
f 2290/1921/493 2301/1932/497 2300/1931/496
f 2291/1922/493 2302/1933/497 2301/1932/497
f 2292/1923/493 2303/1934/497 2302/1933/497
f 2293/1925/494 2304/1936/497 2303/1934/497
f 2294/1935/493 2305/1946/497 2304/1936/497
f 2307/1937/498 2306/1949/498 2295/1938/495
f 2308/1939/498 2307/1937/498 2296/1926/495
f 2309/1940/498 2308/1939/498 2297/1928/495
f 2310/1941/499 2309/1940/498 2298/1929/495
f 2311/1942/500 2310/1941/499 2299/1930/495
f 2301/1932/497 2312/1943/501 2311/1942/500
f 2302/1933/497 2313/1944/501 2312/1943/501
f 2303/1934/497 2314/1945/502 2313/1944/501
f 2304/1936/497 2315/1947/502 2314/1945/502
f 2305/1946/497 2316/1957/501 2315/1947/502
f 2318/1948/503 2317/1960/503 2306/1949/498
f 2319/1950/503 2318/1948/503 2307/1937/498
f 2320/1951/503 2319/1950/503 2308/1939/498
f 2321/1952/503 2320/1951/503 2309/1940/498
f 2322/1953/504 2321/1952/503 2310/1941/499
f 2312/1943/501 2323/1954/505 2322/1953/504
f 2313/1944/501 2324/1955/505 2323/1954/505
f 2314/1945/502 2325/1956/505 2324/1955/505
f 2315/1947/502 2326/1958/505 2325/1956/505
f 2316/1957/501 2327/1968/505 2326/1958/505
f 2329/1959/506 2328/1971/506 2317/1960/503
f 2330/1961/506 2329/1959/506 2318/1948/503
f 2331/1962/506 2330/1961/506 2319/1950/503
f 2332/1963/506 2331/1962/506 2320/1951/503
f 2333/1964/507 2332/1963/506 2321/1952/503
f 2323/1954/505 2334/1965/508 2333/1964/507
f 2324/1955/505 2335/1966/508 2334/1965/508
f 2325/1956/505 2336/1967/508 2335/1966/508
f 2326/1958/505 2337/1969/508 2336/1967/508
f 2327/1968/505 2338/1979/508 2337/1969/508
f 2340/1970/509 2339/1982/509 2328/1971/506
f 2341/1972/510 2340/1970/509 2329/1959/506
f 2342/1973/509 2341/1972/510 2330/1961/506
f 2343/1974/509 2342/1973/509 2331/1962/506
f 2344/1975/511 2343/1974/509 2332/1963/506
f 2334/1965/508 2345/1976/512 2344/1975/511
f 2335/1966/508 2346/1977/512 2345/1976/512
f 2336/1967/508 2347/1978/513 2346/1977/512
f 2337/1969/508 2348/1980/513 2347/1978/513
f 2338/1979/508 2349/1992/512 2348/1980/513
f 2340/1970/509 2351/1983/514 2350/1981/514
f 2341/1972/510 2352/1984/514 2351/1983/514
f 2342/1973/509 2353/1985/514 2352/1984/514
f 2343/1974/509 2354/1986/514 2353/1985/514
f 2344/1975/511 2355/1997/517 2354/1986/514
f 2356/1987/515 2355/1997/517 2344/1975/511
f 2357/1988/515 2356/1987/515 2345/1976/512
f 2358/1989/515 2357/1988/515 2346/1977/512
f 2359/1990/515 2358/1989/515 2347/1978/513
f 2360/1991/515 2359/1990/515 2348/1980/513
f 2351/1983/514 2362/1994/516 2361/1993/516
f 2352/1984/514 2363/1995/516 2362/1994/516
f 2353/1985/514 2364/1996/516 2363/1995/516
f 2354/1986/514 2365/1998/516 2364/1996/516
f 2355/1997/517 2366/2008/520 2365/1998/516
f 2367/1999/518 2366/2008/520 2355/1997/517
f 2368/2000/518 2367/1999/518 2356/1987/515
f 2369/2001/518 2368/2000/518 2357/1988/515
f 2370/2002/518 2369/2001/518 2358/1989/515
f 2371/2003/518 2370/2002/518 2359/1990/515
f 2362/1994/516 2373/2005/519 2372/2004/519
f 2363/1995/516 2374/2006/519 2373/2005/519
f 2364/1996/516 2375/2007/519 2374/2006/519
f 2365/1998/516 2376/2009/519 2375/2007/519
f 2366/2008/520 2377/2019/523 2376/2009/519
f 2378/2010/521 2377/2019/523 2366/2008/520
f 2379/2011/521 2378/2010/521 2367/1999/518
f 2380/2012/521 2379/2011/521 2368/2000/518
f 2381/2013/521 2380/2012/521 2369/2001/518
f 2382/2014/521 2381/2013/521 2370/2002/518
f 2373/2005/519 2384/2016/522 2383/2015/522
f 2374/2006/519 2385/2017/522 2384/2016/522
f 2375/2007/519 2386/2018/522 2385/2017/522
f 2376/2009/519 2387/2020/522 2386/2018/522
f 2377/2019/523 2388/2030/526 2387/2020/522
f 2389/2021/524 2388/2030/526 2377/2019/523
f 2390/2022/524 2389/2021/524 2378/2010/521
f 2391/2023/524 2390/2022/524 2379/2011/521
f 2392/2024/524 2391/2023/524 2380/2012/521
f 2393/2025/524 2392/2024/524 2381/2013/521
f 2384/2016/522 2395/2027/525 2394/2026/525
f 2385/2017/522 2396/2028/525 2395/2027/525
f 2386/2018/522 2397/2029/525 2396/2028/525
f 2387/2020/522 2398/2031/525 2397/2029/525
f 2388/2030/526 2399/2041/529 2398/2031/525
f 2400/2032/527 2399/2041/529 2388/2030/526
f 2401/2033/527 2400/2032/527 2389/2021/524
f 2402/2034/527 2401/2033/527 2390/2022/524
f 2403/2035/527 2402/2034/527 2391/2023/524
f 2404/2036/527 2403/2035/527 2392/2024/524
f 2395/2027/525 2406/2038/528 2405/2037/528
f 2396/2028/525 2407/2039/528 2406/2038/528
f 2397/2029/525 2408/2040/528 2407/2039/528
f 2398/2031/525 2409/2042/528 2408/2040/528
f 2399/2041/529 2410/2052/532 2409/2042/528
f 2411/2043/530 2410/2052/532 2399/2041/529
f 2412/2044/530 2411/2043/530 2400/2032/527
f 2413/2045/530 2412/2044/530 2401/2033/527
f 2414/2046/530 2413/2045/530 2402/2034/527
f 2415/2047/530 2414/2046/530 2403/2035/527
f 2406/2038/528 2417/2049/531 2416/2048/531
f 2407/2039/528 2418/2050/531 2417/2049/531
f 2408/2040/528 2419/2051/531 2418/2050/531
f 2409/2042/528 2420/2053/531 2419/2051/531
f 2410/2052/532 2421/2063/535 2420/2053/531
f 2422/2054/533 2421/2063/535 2410/2052/532
f 2423/2055/533 2422/2054/533 2411/2043/530
f 2424/2056/533 2423/2055/533 2412/2044/530
f 2425/2057/533 2424/2056/533 2413/2045/530
f 2426/2058/533 2425/2057/533 2414/2046/530
f 2417/2049/531 2428/2060/534 2427/2059/534
f 2418/2050/531 2429/2061/534 2428/2060/534
f 2419/2051/531 2430/2062/534 2429/2061/534
f 2420/2053/531 2431/2064/534 2430/2062/534
f 2421/2063/535 2432/2074/538 2431/2064/534
f 2433/2065/536 2432/2074/538 2421/2063/535
f 2434/2066/536 2433/2065/536 2422/2054/533
f 2435/2067/536 2434/2066/536 2423/2055/533
f 2436/2068/536 2435/2067/536 2424/2056/533
f 2437/2069/536 2436/2068/536 2425/2057/533
f 2428/2060/534 2439/2071/537 2438/2070/537
f 2429/2061/534 2440/2072/537 2439/2071/537
f 2430/2062/534 2441/2073/537 2440/2072/537
f 2431/2064/534 2442/2075/537 2441/2073/537
f 2432/2074/538 2443/2085/541 2442/2075/537
f 2444/2076/539 2443/2085/541 2432/2074/538
f 2445/2077/539 2444/2076/539 2433/2065/536
f 2446/2078/539 2445/2077/539 2434/2066/536
f 2447/2079/539 2446/2078/539 2435/2067/536
f 2448/2080/539 2447/2079/539 2436/2068/536
f 2439/2071/537 2450/2082/540 2449/2081/540
f 2440/2072/537 2451/2083/540 2450/2082/540
f 2441/2073/537 2452/2084/540 2451/2083/540
f 2442/2075/537 2453/2086/540 2452/2084/540
f 2443/2085/541 2454/2096/544 2453/2086/540
f 2455/2087/542 2454/2096/544 2443/2085/541
f 2456/2088/542 2455/2087/542 2444/2076/539
f 2457/2089/542 2456/2088/542 2445/2077/539
f 2458/2090/542 2457/2089/542 2446/2078/539
f 2459/2091/542 2458/2090/542 2447/2079/539
f 2450/2082/540 2461/2093/543 2460/2092/543
f 2451/2083/540 2462/2094/543 2461/2093/543
f 2452/2084/540 2463/2095/543 2462/2094/543
f 2453/2086/540 2464/2097/543 2463/2095/543
f 2454/2096/544 2465/2107/548 2464/2097/543
f 2466/2098/545 2465/2107/548 2454/2096/544
f 2467/2099/545 2466/2098/545 2455/2087/542
f 2468/2100/545 2467/2099/545 2456/2088/542
f 2469/2101/545 2468/2100/545 2457/2089/542
f 2470/2102/545 2469/2101/545 2458/2090/542
f 2461/2093/543 2472/2104/547 2471/2103/546
f 2462/2094/543 2473/2105/547 2472/2104/547
f 2463/2095/543 2474/2106/547 2473/2105/547
f 2464/2097/543 2475/2108/546 2474/2106/547
f 2465/2107/548 2476/2118/552 2475/2108/546
f 2477/2109/549 2476/2118/552 2465/2107/548
f 2478/2110/550 2477/2109/549 2466/2098/545
f 2479/2111/550 2478/2110/550 2467/2099/545
f 2480/2112/549 2479/2111/550 2468/2100/545
f 2481/2113/549 2480/2112/549 2469/2101/545
f 2472/2104/547 2483/2115/551 2482/2114/551
f 2473/2105/547 2484/2116/551 2483/2115/551
f 2474/2106/547 2485/2117/551 2484/2116/551
f 2475/2108/546 2486/2119/551 2485/2117/551
f 2476/2118/552 2487/2129/555 2486/2119/551
f 2488/2120/553 2487/2129/555 2476/2118/552
f 2489/2121/553 2488/2120/553 2477/2109/549
f 2490/2122/553 2489/2121/553 2478/2110/550
f 2491/2123/553 2490/2122/553 2479/2111/550
f 2492/2124/553 2491/2123/553 2480/2112/549
f 2483/2115/551 2494/2126/554 2493/2125/554
f 2484/2116/551 2495/2127/554 2494/2126/554
f 2485/2117/551 2496/2128/554 2495/2127/554
f 2486/2119/551 2497/2130/554 2496/2128/554
f 2487/2129/555 2498/2141/559 2497/2130/554
f 2499/2131/556 2498/2141/559 2487/2129/555
f 2500/2132/556 2499/2131/556 2488/2120/553
f 2501/2133/556 2500/2132/556 2489/2121/553
f 2502/2134/556 2501/2133/556 2490/2122/553
f 2503/2135/556 2502/2134/556 2491/2123/553
f 2505/2136/557 2504/2147/557 2493/2125/554
f 2506/2137/557 2505/2136/557 2494/2126/554
f 2507/2138/557 2506/2137/557 2495/2127/554
f 2508/2139/557 2507/2138/557 2496/2128/554
f 2509/2140/558 2508/2139/557 2497/2130/554
f 2499/2131/556 2510/2142/560 2509/2140/558
f 2500/2132/556 2511/2143/560 2510/2142/560
f 2501/2133/556 2512/2144/560 2511/2143/560
f 2502/2134/556 2513/2145/560 2512/2144/560
f 2503/2135/556 2514/2157/560 2513/2145/560
f 2505/2136/557 2516/2148/561 2515/2146/561
f 2506/2137/557 2517/2149/561 2516/2148/561
f 2507/2138/557 2518/2150/561 2517/2149/561
f 2508/2139/557 2519/2151/561 2518/2150/561
f 2509/2140/558 2520/2162/565 2519/2151/561
f 2521/2152/562 2520/2162/565 2509/2140/558
f 2522/2153/562 2521/2152/562 2510/2142/560
f 2523/2154/562 2522/2153/562 2511/2143/560
f 2524/2155/562 2523/2154/562 2512/2144/560
f 2525/2156/562 2524/2155/562 2513/2145/560
f 2516/2148/561 2527/2159/563 2526/2158/563
f 2517/2149/561 2528/2160/564 2527/2159/563
f 2518/2150/561 2529/2161/564 2528/2160/564
f 2519/2151/561 2530/2163/564 2529/2161/564
f 2520/2162/565 2531/2173/569 2530/2163/564
f 2532/2164/566 2531/2173/569 2520/2162/565
f 2533/2165/566 2532/2164/566 2521/2152/562
f 2534/2166/566 2533/2165/566 2522/2153/562
f 2535/2167/567 2534/2166/566 2523/2154/562
f 2536/2168/567 2535/2167/567 2524/2155/562
f 2527/2159/563 2538/2170/568 2537/2169/568
f 2528/2160/564 2539/2171/568 2538/2170/568
f 2529/2161/564 2540/2172/568 2539/2171/568
f 2530/2163/564 2541/2174/568 2540/2172/568
f 2531/2173/569 2542/2184/572 2541/2174/568
f 2543/2175/570 2542/2184/572 2531/2173/569
f 2544/2176/570 2543/2175/570 2532/2164/566
f 2545/2177/570 2544/2176/570 2533/2165/566
f 2546/2178/570 2545/2177/570 2534/2166/566
f 2547/2179/570 2546/2178/570 2535/2167/567
f 2538/2170/568 2549/2181/571 2548/2180/571
f 2539/2171/568 2550/2182/571 2549/2181/571
f 2540/2172/568 2551/2183/571 2550/2182/571
f 2541/2174/568 2552/2185/571 2551/2183/571
f 2542/2184/572 2553/2195/575 2552/2185/571
f 2554/2186/573 2553/2195/575 2542/2184/572
f 2555/2187/573 2554/2186/573 2543/2175/570
f 2556/2188/573 2555/2187/573 2544/2176/570
f 2557/2189/573 2556/2188/573 2545/2177/570
f 2558/2190/573 2557/2189/573 2546/2178/570
f 2549/2181/571 2560/2192/574 2559/2191/574
f 2550/2182/571 2561/2193/574 2560/2192/574
f 2551/2183/571 2562/2194/574 2561/2193/574
f 2552/2185/571 2563/2196/574 2562/2194/574
f 2553/2195/575 2564/2206/578 2563/2196/574
f 2565/2197/576 2564/2206/578 2553/2195/575
f 2566/2198/576 2565/2197/576 2554/2186/573
f 2567/2199/576 2566/2198/576 2555/2187/573
f 2568/2200/576 2567/2199/576 2556/2188/573
f 2569/2201/576 2568/2200/576 2557/2189/573
f 2560/2192/574 2571/2203/577 2570/2202/577
f 2561/2193/574 2572/2204/577 2571/2203/577
f 2562/2194/574 2573/2205/577 2572/2204/577
f 2563/2196/574 2574/2207/577 2573/2205/577
f 2564/2206/578 2575/2217/581 2574/2207/577
f 2576/2208/579 2575/2217/581 2564/2206/578
f 2577/2209/579 2576/2208/579 2565/2197/576
f 2578/2210/579 2577/2209/579 2566/2198/576
f 2579/2211/579 2578/2210/579 2567/2199/576
f 2580/2212/579 2579/2211/579 2568/2200/576
f 2571/2203/577 2582/2214/580 2581/2213/580
f 2572/2204/577 2583/2215/580 2582/2214/580
f 2573/2205/577 2584/2216/580 2583/2215/580
f 2574/2207/577 2585/2218/580 2584/2216/580
f 2575/2217/581 2586/2228/584 2585/2218/580
f 2587/2219/582 2586/2228/584 2575/2217/581
f 2588/2220/582 2587/2219/582 2576/2208/579
f 2589/2221/582 2588/2220/582 2577/2209/579
f 2590/2222/582 2589/2221/582 2578/2210/579
f 2591/2223/582 2590/2222/582 2579/2211/579
f 2582/2214/580 2593/2225/583 2592/2224/583
f 2583/2215/580 2594/2226/583 2593/2225/583
f 2584/2216/580 2595/2227/583 2594/2226/583
f 2585/2218/580 2596/2229/583 2595/2227/583
f 2586/2228/584 2597/2239/587 2596/2229/583
f 2598/2230/585 2597/2239/587 2586/2228/584
f 2599/2231/585 2598/2230/585 2587/2219/582
f 2600/2232/585 2599/2231/585 2588/2220/582
f 2601/2233/585 2600/2232/585 2589/2221/582
f 2602/2234/585 2601/2233/585 2590/2222/582
f 2593/2225/583 2604/2236/586 2603/2235/586
f 2594/2226/583 2605/2237/586 2604/2236/586
f 2595/2227/583 2606/2238/586 2605/2237/586
f 2596/2229/583 2607/2240/586 2606/2238/586
f 2597/2239/587 2608/2250/590 2607/2240/586
f 2609/2241/588 2608/2250/590 2597/2239/587
f 2610/2242/588 2609/2241/588 2598/2230/585
f 2611/2243/588 2610/2242/588 2599/2231/585
f 2612/2244/588 2611/2243/588 2600/2232/585
f 2613/2245/588 2612/2244/588 2601/2233/585
f 2604/2236/586 2615/2247/589 2614/2246/589
f 2605/2237/586 2616/2248/589 2615/2247/589
f 2606/2238/586 2617/2249/589 2616/2248/589
f 2607/2240/586 2618/2251/589 2617/2249/589
f 2608/2250/590 2619/2261/594 2618/2251/589
f 2620/2252/591 2619/2261/594 2608/2250/590
f 2621/2253/591 2620/2252/591 2609/2241/588
f 2622/2254/591 2621/2253/591 2610/2242/588
f 2623/2255/591 2622/2254/591 2611/2243/588
f 2624/2256/591 2623/2255/591 2612/2244/588
f 2615/2247/589 2626/2258/592 2625/2257/592
f 2616/2248/589 2627/2259/592 2626/2258/592
f 2617/2249/589 2628/2260/593 2627/2259/592
f 2618/2251/589 2629/2262/593 2628/2260/593
f 2619/2261/594 2630/2272/598 2629/2262/593
f 2631/2263/595 2630/2272/598 2619/2261/594
f 2632/2264/596 2631/2263/595 2620/2252/591
f 2633/2265/596 2632/2264/596 2621/2253/591
f 2634/2266/596 2633/2265/596 2622/2254/591
f 2635/2267/596 2634/2266/596 2623/2255/591
f 2626/2258/592 2637/2269/597 2636/2268/597
f 2627/2259/592 2638/2270/597 2637/2269/597
f 2628/2260/593 2639/2271/597 2638/2270/597
f 2629/2262/593 2640/2273/597 2639/2271/597
f 2630/2272/598 2641/2283/601 2640/2273/597
f 2642/2274/599 2641/2283/601 2630/2272/598
f 2643/2275/599 2642/2274/599 2631/2263/595
f 2644/2276/599 2643/2275/599 2632/2264/596
f 2645/2277/599 2644/2276/599 2633/2265/596
f 2646/2278/599 2645/2277/599 2634/2266/596
f 2637/2269/597 2648/2280/600 2647/2279/600
f 2638/2270/597 2649/2281/600 2648/2280/600
f 2639/2271/597 2650/2282/600 2649/2281/600
f 2640/2273/597 2651/2284/600 2650/2282/600
f 2641/2283/601 2652/2294/604 2651/2284/600
f 2653/2285/602 2652/2294/604 2641/2283/601
f 2654/2286/602 2653/2285/602 2642/2274/599
f 2655/2287/602 2654/2286/602 2643/2275/599
f 2656/2288/602 2655/2287/602 2644/2276/599
f 2657/2289/602 2656/2288/602 2645/2277/599
f 2648/2280/600 2659/2291/603 2658/2290/603
f 2649/2281/600 2660/2292/603 2659/2291/603
f 2650/2282/600 2661/2293/603 2660/2292/603
f 2651/2284/600 2662/2295/603 2661/2293/603
f 2652/2294/604 2663/2305/607 2662/2295/603
f 2664/2296/605 2663/2305/607 2652/2294/604
f 2665/2297/605 2664/2296/605 2653/2285/602
f 2666/2298/605 2665/2297/605 2654/2286/602
f 2667/2299/605 2666/2298/605 2655/2287/602
f 2668/2300/605 2667/2299/605 2656/2288/602
f 2659/2291/603 2670/2302/606 2669/2301/606
f 2660/2292/603 2671/2303/606 2670/2302/606
f 2661/2293/603 2672/2304/606 2671/2303/606
f 2662/2295/603 2673/2306/606 2672/2304/606
f 2663/2305/607 2674/2317/611 2673/2306/606
f 2675/2307/608 2674/2317/611 2663/2305/607
f 2676/2308/608 2675/2307/608 2664/2296/605
f 2677/2309/608 2676/2308/608 2665/2297/605
f 2678/2310/608 2677/2309/608 2666/2298/605
f 2679/2311/608 2678/2310/608 2667/2299/605
f 2681/2312/609 2680/2323/609 2669/2301/606
f 2682/2313/609 2681/2312/609 2670/2302/606
f 2683/2314/609 2682/2313/609 2671/2303/606
f 2684/2315/609 2683/2314/609 2672/2304/606
f 2685/2316/610 2684/2315/609 2673/2306/606
f 2675/2307/608 2686/2318/612 2685/2316/610
f 2676/2308/608 2687/2319/612 2686/2318/612
f 2677/2309/608 2688/2320/612 2687/2319/612
f 2678/2310/608 2689/2321/612 2688/2320/612
f 2679/2311/608 2690/2331/612 2689/2321/612
f 2692/2322/613 2691/2334/613 2680/2323/609
f 2693/2324/613 2692/2322/613 2681/2312/609
f 2694/2325/613 2693/2324/613 2682/2313/609
f 2695/2326/613 2694/2325/613 2683/2314/609
f 2696/2327/614 2695/2326/613 2684/2315/609
f 2686/2318/612 2697/2328/615 2696/2327/614
f 2687/2319/612 2698/2329/615 2697/2328/615
f 2688/2320/612 2699/2330/615 2698/2329/615
f 2689/2321/612 2700/2332/615 2699/2330/615
f 2690/2331/612 2701/2342/615 2700/2332/615
f 2703/2333/616 2702/2345/616 2691/2334/613
f 2704/2335/616 2703/2333/616 2692/2322/613
f 2705/2336/616 2704/2335/616 2693/2324/613
f 2706/2337/616 2705/2336/616 2694/2325/613
f 2707/2338/617 2706/2337/616 2695/2326/613
f 2697/2328/615 2708/2339/618 2707/2338/617
f 2698/2329/615 2709/2340/618 2708/2339/618
f 2699/2330/615 2710/2341/618 2709/2340/618
f 2700/2332/615 2711/2343/618 2710/2341/618
f 2701/2342/615 2712/2353/618 2711/2343/618
f 2714/2344/619 2713/2356/619 2702/2345/616
f 2715/2346/619 2714/2344/619 2703/2333/616
f 2716/2347/619 2715/2346/619 2704/2335/616
f 2717/2348/619 2716/2347/619 2705/2336/616
f 2718/2349/620 2717/2348/619 2706/2337/616
f 2708/2339/618 2719/2350/621 2718/2349/620
f 2709/2340/618 2720/2351/621 2719/2350/621
f 2710/2341/618 2721/2352/621 2720/2351/621
f 2711/2343/618 2722/2354/621 2721/2352/621
f 2712/2353/618 2723/2364/621 2722/2354/621
f 2725/2355/622 2724/2367/622 2713/2356/619
f 2726/2357/622 2725/2355/622 2714/2344/619
f 2727/2358/622 2726/2357/622 2715/2346/619
f 2728/2359/622 2727/2358/622 2716/2347/619
f 2729/2360/623 2728/2359/622 2717/2348/619
f 2719/2350/621 2730/2361/624 2729/2360/623
f 2720/2351/621 2731/2362/624 2730/2361/624
f 2721/2352/621 2732/2363/624 2731/2362/624
f 2722/2354/621 2733/2365/624 2732/2363/624
f 2723/2364/621 2734/2375/624 2733/2365/624
f 2736/2366/625 2735/2378/629 2724/2367/622
f 2737/2368/625 2736/2366/625 2725/2355/622
f 2738/2369/625 2737/2368/625 2726/2357/622
f 2739/2370/625 2738/2369/625 2727/2358/622
f 2740/2371/626 2739/2370/625 2728/2359/622
f 2730/2361/624 2741/2372/627 2740/2371/626
f 2731/2362/624 2742/2373/627 2741/2372/627
f 2732/2363/624 2743/2374/627 2742/2373/627
f 2733/2365/624 2744/2376/627 2743/2374/627
f 2734/2375/624 2745/2386/632 2744/2376/627
f 2747/2377/628 2746/2389/628 2735/2378/629
f 2748/2379/628 2747/2377/628 2736/2366/625
f 2749/2380/628 2748/2379/628 2737/2368/625
f 2750/2381/628 2749/2380/628 2738/2369/625
f 2751/2382/630 2750/2381/628 2739/2370/625
f 2741/2372/627 2752/2383/631 2751/2382/630
f 2742/2373/627 2753/2384/631 2752/2383/631
f 2743/2374/627 2754/2385/631 2753/2384/631
f 2744/2376/627 2755/2387/631 2754/2385/631
f 2745/2386/632 2756/2397/631 2755/2387/631
f 2758/2388/633 2757/2400/633 2746/2389/628
f 2759/2390/633 2758/2388/633 2747/2377/628
f 2760/2391/633 2759/2390/633 2748/2379/628
f 2761/2392/633 2760/2391/633 2749/2380/628
f 2762/2393/634 2761/2392/633 2750/2381/628
f 2752/2383/631 2763/2394/635 2762/2393/634
f 2753/2384/631 2764/2395/635 2763/2394/635
f 2754/2385/631 2765/2396/635 2764/2395/635
f 2755/2387/631 2766/2398/635 2765/2396/635
f 2756/2397/631 2767/2408/635 2766/2398/635
f 2758/2388/633 2769/2410/636 2768/2399/636
f 2770/2401/636 2769/2410/636 2758/2388/633
f 2771/2402/636 2770/2401/636 2759/2390/633
f 2761/2392/633 2772/2403/636 2771/2402/636
f 2762/2393/634 2773/2415/640 2772/2403/636
f 2774/2404/637 2773/2415/640 2762/2393/634
f 2775/2405/637 2774/2404/637 2763/2394/635
f 2765/2396/635 2776/2417/637 2775/2405/637
f 2777/2406/637 2776/2417/637 2765/2396/635
f 2778/2407/637 2777/2406/637 2766/2398/635
f 2780/2409/638 2779/2421/638 2768/2399/636
f 2781/2411/638 2780/2409/638 2769/2410/636
f 2782/2412/638 2781/2411/638 2770/2401/636
f 2783/2413/638 2782/2412/638 2771/2402/636
f 2784/2414/639 2783/2413/638 2772/2403/636
f 2774/2404/637 2785/2426/641 2784/2414/639
f 2786/2416/641 2785/2426/641 2774/2404/637
f 2776/2417/637 2787/2418/641 2786/2416/641
f 2777/2406/637 2788/2419/641 2787/2418/641
f 2778/2407/637 2789/2430/641 2788/2419/641
f 2791/2420/642 2790/2433/642 2779/2421/638
f 2792/2422/642 2791/2420/642 2780/2409/638
f 2793/2423/642 2792/2422/642 2781/2411/638
f 2794/2424/642 2793/2423/642 2782/2412/638
f 2795/2425/643 2794/2424/642 2783/2413/638
f 2785/2426/641 2796/2427/644 2795/2425/643
f 2786/2416/641 2797/2428/644 2796/2427/644
f 2787/2418/641 2798/2429/644 2797/2428/644
f 2788/2419/641 2799/2431/644 2798/2429/644
f 2789/2430/641 2800/2441/644 2799/2431/644
f 2802/2432/645 2801/2444/645 2790/2433/642
f 2803/2434/645 2802/2432/645 2791/2420/642
f 2804/2435/645 2803/2434/645 2792/2422/642
f 2805/2436/645 2804/2435/645 2793/2423/642
f 2806/2437/646 2805/2436/645 2794/2424/642
f 2796/2427/644 2807/2438/647 2806/2437/646
f 2797/2428/644 2808/2439/647 2807/2438/647
f 2798/2429/644 2809/2440/647 2808/2439/647
f 2799/2431/644 2810/2442/647 2809/2440/647
f 2800/2441/644 2811/2452/647 2810/2442/647
f 2813/2443/648 2812/2455/648 2801/2444/645
f 2814/2445/648 2813/2443/648 2802/2432/645
f 2815/2446/648 2814/2445/648 2803/2434/645
f 2816/2447/648 2815/2446/648 2804/2435/645
f 2817/2448/649 2816/2447/648 2805/2436/645
f 2807/2438/647 2818/2449/650 2817/2448/649
f 2808/2439/647 2819/2450/650 2818/2449/650
f 2809/2440/647 2820/2451/650 2819/2450/650
f 2810/2442/647 2821/2453/650 2820/2451/650
f 2811/2452/647 2822/2463/650 2821/2453/650
f 2824/2454/651 2823/2466/651 2812/2455/648
f 2825/2456/651 2824/2454/651 2813/2443/648
f 2826/2457/651 2825/2456/651 2814/2445/648
f 2827/2458/651 2826/2457/651 2815/2446/648
f 2828/2459/652 2827/2458/651 2816/2447/648
f 2818/2449/650 2829/2460/653 2828/2459/652
f 2819/2450/650 2830/2461/653 2829/2460/653
f 2820/2451/650 2831/2462/653 2830/2461/653
f 2821/2453/650 2832/2464/653 2831/2462/653
f 2822/2463/650 2833/2474/653 2832/2464/653
f 2835/2465/654 2834/2477/654 2823/2466/651
f 2836/2467/654 2835/2465/654 2824/2454/651
f 2837/2468/654 2836/2467/654 2825/2456/651
f 2838/2469/654 2837/2468/654 2826/2457/651
f 2839/2470/655 2838/2469/654 2827/2458/651
f 2829/2460/653 2840/2471/656 2839/2470/655
f 2830/2461/653 2841/2472/656 2840/2471/656
f 2831/2462/653 2842/2473/656 2841/2472/656
f 2832/2464/653 2843/2475/656 2842/2473/656
f 2833/2474/653 2844/2485/656 2843/2475/656
f 2846/2476/657 2845/2488/657 2834/2477/654
f 2847/2478/657 2846/2476/657 2835/2465/654
f 2848/2479/657 2847/2478/657 2836/2467/654
f 2849/2480/657 2848/2479/657 2837/2468/654
f 2850/2481/658 2849/2480/657 2838/2469/654
f 2840/2471/656 2851/2482/659 2850/2481/658
f 2841/2472/656 2852/2483/659 2851/2482/659
f 2842/2473/656 2853/2484/659 2852/2483/659
f 2843/2475/656 2854/2486/659 2853/2484/659
f 2844/2485/656 2855/2496/659 2854/2486/659
f 2857/2487/660 2856/2499/660 2845/2488/657
f 2858/2489/660 2857/2487/660 2846/2476/657
f 2859/2490/660 2858/2489/660 2847/2478/657
f 2860/2491/660 2859/2490/660 2848/2479/657
f 2861/2492/661 2860/2491/660 2849/2480/657
f 2851/2482/659 2862/2493/662 2861/2492/661
f 2852/2483/659 2863/2494/662 2862/2493/662
f 2853/2484/659 2864/2495/662 2863/2494/662
f 2854/2486/659 2865/2497/662 2864/2495/662
f 2855/2496/659 2866/2507/662 2865/2497/662
f 2868/2498/663 2867/2510/664 2856/2499/660
f 2869/2500/663 2868/2498/663 2857/2487/660
f 2870/2501/664 2869/2500/663 2858/2489/660
f 2871/2502/663 2870/2501/664 2859/2490/660
f 2872/2503/665 2871/2502/663 2860/2491/660
f 2862/2493/662 2873/2504/666 2872/2503/665
f 2863/2494/662 2874/2505/667 2873/2504/666
f 2864/2495/662 2875/2506/666 2874/2505/667
f 2865/2497/662 2876/2508/666 2875/2506/666
f 2866/2507/662 2877/2518/667 2876/2508/666
f 2879/2509/668 2878/2521/668 2867/2510/664
f 2880/2511/668 2879/2509/668 2868/2498/663
f 2881/2512/668 2880/2511/668 2869/2500/663
f 2882/2513/668 2881/2512/668 2870/2501/664
f 2883/2514/669 2882/2513/668 2871/2502/663
f 2873/2504/666 2884/2515/670 2883/2514/669
f 2874/2505/667 2885/2516/670 2884/2515/670
f 2875/2506/666 2886/2517/670 2885/2516/670
f 2876/2508/666 2887/2519/670 2886/2517/670
f 2877/2518/667 2888/2529/670 2887/2519/670
f 2890/2520/671 2889/2532/671 2878/2521/668
f 2891/2522/671 2890/2520/671 2879/2509/668
f 2892/2523/671 2891/2522/671 2880/2511/668
f 2893/2524/671 2892/2523/671 2881/2512/668
f 2894/2525/672 2893/2524/671 2882/2513/668
f 2884/2515/670 2895/2526/673 2894/2525/672
f 2885/2516/670 2896/2527/673 2895/2526/673
f 2886/2517/670 2897/2528/673 2896/2527/673
f 2887/2519/670 2898/2530/673 2897/2528/673
f 2888/2529/670 2899/2540/673 2898/2530/673
f 2901/2531/674 2900/2543/674 2889/2532/671
f 2902/2533/674 2901/2531/674 2890/2520/671
f 2903/2534/674 2902/2533/674 2891/2522/671
f 2904/2535/674 2903/2534/674 2892/2523/671
f 2905/2536/675 2904/2535/674 2893/2524/671
f 2895/2526/673 2906/2537/676 2905/2536/675
f 2896/2527/673 2907/2538/676 2906/2537/676
f 2897/2528/673 2908/2539/676 2907/2538/676
f 2898/2530/673 2909/2541/676 2908/2539/676
f 2899/2540/673 2910/2551/676 2909/2541/676
f 2912/2542/677 2911/2553/677 2900/2543/674
f 2913/2544/677 2912/2542/677 2901/2531/674
f 2914/2545/677 2913/2544/677 2902/2533/674
f 2915/2546/677 2914/2545/677 2903/2534/674
f 2916/2547/678 2915/2546/677 2904/2535/674
f 2906/2537/676 2917/2548/679 2916/2547/678
f 2907/2538/676 2918/2549/679 2917/2548/679
f 2908/2539/676 2919/2559/679 2918/2549/679
f 2920/2550/679 2919/2559/679 2908/2539/676
f 2910/2551/676 2921/2562/679 2920/2550/679
f 2923/2552/680 2922/2565/681 2911/2553/677
f 2924/2554/680 2923/2552/680 2912/2542/677
f 2925/2555/681 2924/2554/680 2913/2544/677
f 2926/2556/681 2925/2555/681 2914/2545/677
f 2927/2557/682 2926/2556/681 2915/2546/677
f 2917/2548/679 2928/2558/683 2927/2557/682
f 2918/2549/679 2929/2560/683 2928/2558/683
f 2919/2559/679 2930/2561/684 2929/2560/683
f 2920/2550/679 2931/2563/684 2930/2561/684
f 2921/2562/679 2932/2573/683 2931/2563/684
f 2934/2564/685 2933/2576/685 2922/2565/681
f 2935/2566/686 2934/2564/685 2923/2552/680
f 2936/2567/686 2935/2566/686 2924/2554/680
f 2937/2568/686 2936/2567/686 2925/2555/681
f 2938/2569/687 2937/2568/686 2926/2556/681
f 2928/2558/683 2939/2570/688 2938/2569/687
f 2929/2560/683 2940/2571/688 2939/2570/688
f 2930/2561/684 2941/2572/688 2940/2571/688
f 2931/2563/684 2942/2574/689 2941/2572/688
f 2932/2573/683 2943/2584/689 2942/2574/689
f 2945/2575/690 2944/2587/691 2933/2576/685
f 2946/2577/691 2945/2575/690 2934/2564/685
f 2947/2578/691 2946/2577/691 2935/2566/686
f 2948/2579/691 2947/2578/691 2936/2567/686
f 2949/2580/692 2948/2579/691 2937/2568/686
f 2939/2570/688 2950/2581/693 2949/2580/692
f 2940/2571/688 2951/2582/693 2950/2581/693
f 2941/2572/688 2952/2583/694 2951/2582/693
f 2942/2574/689 2953/2585/694 2952/2583/694
f 2943/2584/689 2954/2595/693 2953/2585/694
f 2956/2586/695 2955/2598/695 2944/2587/691
f 2957/2588/695 2956/2586/695 2945/2575/690
f 2958/2589/695 2957/2588/695 2946/2577/691
f 2959/2590/695 2958/2589/695 2947/2578/691
f 2960/2591/696 2959/2590/695 2948/2579/691
f 2950/2581/693 2961/2592/697 2960/2591/696
f 2951/2582/693 2962/2593/698 2961/2592/697
f 2952/2583/694 2963/2594/698 2962/2593/698
f 2953/2585/694 2964/2596/698 2963/2594/698
f 2954/2595/693 2965/2606/698 2964/2596/698
f 2967/2597/699 2966/2609/699 2955/2598/695
f 2968/2599/700 2967/2597/699 2956/2586/695
f 2969/2600/700 2968/2599/700 2957/2588/695
f 2970/2601/699 2969/2600/700 2958/2589/695
f 2971/2602/701 2970/2601/699 2959/2590/695
f 2961/2592/697 2972/2603/702 2971/2602/701
f 2962/2593/698 2973/2604/703 2972/2603/702
f 2963/2594/698 2974/2605/703 2973/2604/703
f 2964/2596/698 2975/2607/702 2974/2605/703
f 2965/2606/698 2976/2617/702 2975/2607/702
f 2978/2608/704 2977/2620/704 2966/2609/699
f 2979/2610/705 2978/2608/704 2967/2597/699
f 2980/2611/704 2979/2610/705 2968/2599/700
f 2981/2612/704 2980/2611/704 2969/2600/700
f 2982/2613/706 2981/2612/704 2970/2601/699
f 2972/2603/702 2983/2614/707 2982/2613/706
f 2973/2604/703 2984/2615/707 2983/2614/707
f 2974/2605/703 2985/2616/708 2984/2615/707
f 2975/2607/702 2986/2618/707 2985/2616/708
f 2976/2617/702 2987/2628/707 2986/2618/707
f 2989/2619/709 2988/2631/709 2977/2620/704
f 2990/2621/709 2989/2619/709 2978/2608/704
f 2991/2622/709 2990/2621/709 2979/2610/705
f 2992/2623/709 2991/2622/709 2980/2611/704
f 2993/2624/710 2992/2623/709 2981/2612/704
f 2983/2614/707 2994/2625/711 2993/2624/710
f 2984/2615/707 2995/2626/711 2994/2625/711
f 2985/2616/708 2996/2627/711 2995/2626/711
f 2986/2618/707 2997/2629/711 2996/2627/711
f 2987/2628/707 2998/2639/711 2997/2629/711
f 3000/2630/712 2999/2642/712 2988/2631/709
f 3001/2632/712 3000/2630/712 2989/2619/709
f 3002/2633/712 3001/2632/712 2990/2621/709
f 3003/2634/712 3002/2633/712 2991/2622/709
f 3004/2635/713 3003/2634/712 2992/2623/709
f 2994/2625/711 3005/2636/714 3004/2635/713
f 2995/2626/711 3006/2637/714 3005/2636/714
f 2996/2627/711 3007/2638/714 3006/2637/714
f 2997/2629/711 3008/2640/714 3007/2638/714
f 2998/2639/711 3009/2650/714 3008/2640/714
f 3011/2641/715 3010/2653/715 2999/2642/712
f 3012/2643/715 3011/2641/715 3000/2630/712
f 3013/2644/715 3012/2643/715 3001/2632/712
f 3014/2645/715 3013/2644/715 3002/2633/712
f 3015/2646/716 3014/2645/715 3003/2634/712
f 3005/2636/714 3016/2647/717 3015/2646/716
f 3006/2637/714 3017/2648/717 3016/2647/717
f 3007/2638/714 3018/2649/717 3017/2648/717
f 3008/2640/714 3019/2651/717 3018/2649/717
f 3009/2650/714 3020/2663/717 3019/2651/717
f 3011/2641/715 3022/2654/718 3021/2652/718
f 3012/2643/715 3023/2655/718 3022/2654/718
f 3013/2644/715 3024/2656/718 3023/2655/718
f 3014/2645/715 3025/2657/718 3024/2656/718
f 3015/2646/716 3026/2668/721 3025/2657/718
f 3027/2658/719 3026/2668/721 3015/2646/716
f 3028/2659/719 3027/2658/719 3016/2647/717
f 3029/2660/719 3028/2659/719 3017/2648/717
f 3030/2661/719 3029/2660/719 3018/2649/717
f 3031/2662/719 3030/2661/719 3019/2651/717
f 3022/2654/718 3033/2665/720 3032/2664/720
f 3023/2655/718 3034/2666/720 3033/2665/720
f 3024/2656/718 3035/2667/720 3034/2666/720
f 3025/2657/718 3036/2669/720 3035/2667/720
f 3026/2668/721 3037/2679/724 3036/2669/720
f 3038/2670/722 3037/2679/724 3026/2668/721
f 3039/2671/722 3038/2670/722 3027/2658/719
f 3040/2672/722 3039/2671/722 3028/2659/719
f 3041/2673/722 3040/2672/722 3029/2660/719
f 3042/2674/722 3041/2673/722 3030/2661/719
f 3033/2665/720 3044/2676/723 3043/2675/723
f 3034/2666/720 3045/2677/723 3044/2676/723
f 3035/2667/720 3046/2678/723 3045/2677/723
f 3036/2669/720 3047/2680/723 3046/2678/723
f 3037/2679/724 3048/2690/727 3047/2680/723
f 3049/2681/725 3048/2690/727 3037/2679/724
f 3050/2682/725 3049/2681/725 3038/2670/722
f 3051/2683/725 3050/2682/725 3039/2671/722
f 3052/2684/725 3051/2683/725 3040/2672/722
f 3053/2685/725 3052/2684/725 3041/2673/722
f 3044/2676/723 3055/2687/726 3054/2686/726
f 3045/2677/723 3056/2688/726 3055/2687/726
f 3046/2678/723 3057/2689/726 3056/2688/726
f 3047/2680/723 3058/2691/726 3057/2689/726
f 3048/2690/727 3059/2701/730 3058/2691/726
f 3060/2692/728 3059/2701/730 3048/2690/727
f 3061/2693/728 3060/2692/728 3049/2681/725
f 3062/2694/728 3061/2693/728 3050/2682/725
f 3063/2695/728 3062/2694/728 3051/2683/725
f 3064/2696/728 3063/2695/728 3052/2684/725
f 3055/2687/726 3066/2698/729 3065/2697/729
f 3056/2688/726 3067/2699/729 3066/2698/729
f 3057/2689/726 3068/2700/729 3067/2699/729
f 3058/2691/726 3069/2702/729 3068/2700/729
f 3059/2701/730 3070/2712/734 3069/2702/729
f 3071/2703/731 3070/2712/734 3059/2701/730
f 3072/2704/731 3071/2703/731 3060/2692/728
f 3073/2705/731 3072/2704/731 3061/2693/728
f 3074/2706/731 3073/2705/731 3062/2694/728
f 3075/2707/731 3074/2706/731 3063/2695/728
f 3066/2698/729 3077/2709/732 3076/2708/732
f 3067/2699/729 3078/2710/733 3077/2709/732
f 3068/2700/729 3079/2711/732 3078/2710/733
f 3069/2702/729 3080/2713/732 3079/2711/732
f 3070/2712/734 3081/2723/737 3080/2713/732
f 3082/2714/735 3081/2723/737 3070/2712/734
f 3083/2715/735 3082/2714/735 3071/2703/731
f 3084/2716/735 3083/2715/735 3072/2704/731
f 3085/2717/735 3084/2716/735 3073/2705/731
f 3086/2718/735 3085/2717/735 3074/2706/731
f 3077/2709/732 3088/2720/736 3087/2719/736
f 3078/2710/733 3089/2721/736 3088/2720/736
f 3079/2711/732 3090/2722/736 3089/2721/736
f 3080/2713/732 3091/2724/738 3090/2722/736
f 3081/2723/737 3092/2734/741 3091/2724/738
f 3093/2725/739 3092/2734/741 3081/2723/737
f 3094/2726/739 3093/2725/739 3082/2714/735
f 3095/2727/739 3094/2726/739 3083/2715/735
f 3096/2728/739 3095/2727/739 3084/2716/735
f 3097/2729/739 3096/2728/739 3085/2717/735
f 3088/2720/736 3099/2731/740 3098/2730/740
f 3089/2721/736 3100/2732/740 3099/2731/740
f 3090/2722/736 3101/2733/740 3100/2732/740
f 3091/2724/738 3102/2735/740 3101/2733/740
f 3092/2734/741 3103/2746/746 3102/2735/740
f 3104/2736/742 3103/2746/746 3092/2734/741
f 3105/2737/742 3104/2736/742 3093/2725/739
f 3106/2738/743 3105/2737/742 3094/2726/739
f 3107/2739/743 3106/2738/743 3095/2727/739
f 3108/2740/742 3107/2739/743 3096/2728/739
f 3110/2741/744 3109/2752/744 3098/2730/740
f 3111/2742/744 3110/2741/744 3099/2731/740
f 3112/2743/744 3111/2742/744 3100/2732/740
f 3113/2744/744 3112/2743/744 3101/2733/740
f 3114/2745/745 3113/2744/744 3102/2735/740
f 3104/2736/742 3115/2747/747 3114/2745/745
f 3105/2737/742 3116/2748/747 3115/2747/747
f 3106/2738/743 3117/2749/747 3116/2748/747
f 3107/2739/743 3118/2750/747 3117/2749/747
f 3108/2740/742 3119/2760/747 3118/2750/747
f 3121/2751/748 3120/2763/748 3109/2752/744
f 3122/2753/748 3121/2751/748 3110/2741/744
f 3123/2754/748 3122/2753/748 3111/2742/744
f 3124/2755/748 3123/2754/748 3112/2743/744
f 3125/2756/749 3124/2755/748 3113/2744/744
f 3115/2747/747 3126/2757/750 3125/2756/749
f 3116/2748/747 3127/2758/750 3126/2757/750
f 3117/2749/747 3128/2759/750 3127/2758/750
f 3118/2750/747 3129/2761/750 3128/2759/750
f 3119/2760/747 3130/2771/750 3129/2761/750
f 3132/2762/751 3131/2774/751 3120/2763/748
f 3133/2764/751 3132/2762/751 3121/2751/748
f 3134/2765/751 3133/2764/751 3122/2753/748
f 3135/2766/751 3134/2765/751 3123/2754/748
f 3136/2767/752 3135/2766/751 3124/2755/748
f 3126/2757/750 3137/2768/753 3136/2767/752
f 3127/2758/750 3138/2769/753 3137/2768/753
f 3128/2759/750 3139/2770/753 3138/2769/753
f 3129/2761/750 3140/2772/753 3139/2770/753
f 3130/2771/750 3141/2782/753 3140/2772/753
f 3143/2773/754 3142/2785/755 3131/2774/751
f 3144/2775/755 3143/2773/754 3132/2762/751
f 3145/2776/755 3144/2775/755 3133/2764/751
f 3146/2777/754 3145/2776/755 3134/2765/751
f 3147/2778/756 3146/2777/754 3135/2766/751
f 3137/2768/753 3148/2779/757 3147/2778/756
f 3138/2769/753 3149/2780/758 3148/2779/757
f 3139/2770/753 3150/2781/758 3149/2780/758
f 3140/2772/753 3151/2783/757 3150/2781/758
f 3141/2782/753 3152/2795/758 3151/2783/757
f 3143/2773/754 3154/2786/759 3153/2784/759
f 3144/2775/755 3155/2787/759 3154/2786/759
f 3145/2776/755 3156/2788/759 3155/2787/759
f 3146/2777/754 3157/2789/759 3156/2788/759
f 3147/2778/756 3158/2801/763 3157/2789/759
f 3159/2790/760 3158/2801/763 3147/2778/756
f 3160/2791/760 3159/2790/760 3148/2779/757
f 3161/2792/760 3160/2791/760 3149/2780/758
f 3162/2793/760 3161/2792/760 3150/2781/758
f 3163/2794/760 3162/2793/760 3151/2783/757
f 3165/2796/761 3164/2807/761 3153/2784/759
f 3166/2797/761 3165/2796/761 3154/2786/759
f 3167/2798/761 3166/2797/761 3155/2787/759
f 3168/2799/761 3167/2798/761 3156/2788/759
f 3169/2800/762 3168/2799/761 3157/2789/759
f 3159/2790/760 3170/2802/764 3169/2800/762
f 3160/2791/760 3171/2803/764 3170/2802/764
f 3161/2792/760 3172/2804/764 3171/2803/764
f 3162/2793/760 3173/2805/764 3172/2804/764
f 3163/2794/760 3174/2817/764 3173/2805/764
f 3165/2796/761 3176/2808/765 3175/2806/765
f 3166/2797/761 3177/2809/765 3176/2808/765
f 3167/2798/761 3178/2810/765 3177/2809/765
f 3168/2799/761 3179/2811/765 3178/2810/765
f 3169/2800/762 3180/2822/768 3179/2811/765
f 3181/2812/766 3180/2822/768 3169/2800/762
f 3182/2813/766 3181/2812/766 3170/2802/764
f 3183/2814/766 3182/2813/766 3171/2803/764
f 3184/2815/766 3183/2814/766 3172/2804/764
f 3185/2816/766 3184/2815/766 3173/2805/764
f 3176/2808/765 3187/2819/767 3186/2818/767
f 3177/2809/765 3188/2820/767 3187/2819/767
f 3178/2810/765 3189/2821/767 3188/2820/767
f 3179/2811/765 3190/2823/767 3189/2821/767
f 3180/2822/768 3191/2834/772 3190/2823/767
f 3192/2824/769 3191/2834/772 3180/2822/768
f 3193/2825/769 3192/2824/769 3181/2812/766
f 3194/2826/769 3193/2825/769 3182/2813/766
f 3195/2827/769 3194/2826/769 3183/2814/766
f 3196/2828/769 3195/2827/769 3184/2815/766
f 3198/2829/770 3197/2840/770 3186/2818/767
f 3199/2830/770 3198/2829/770 3187/2819/767
f 3200/2831/770 3199/2830/770 3188/2820/767
f 3201/2832/770 3200/2831/770 3189/2821/767
f 3202/2833/771 3201/2832/770 3190/2823/767
f 3192/2824/769 3203/2835/773 3202/2833/771
f 3193/2825/769 3204/2836/773 3203/2835/773
f 3194/2826/769 3205/2837/773 3204/2836/773
f 3195/2827/769 3206/2838/773 3205/2837/773
f 3196/2828/769 3207/2848/773 3206/2838/773
f 3209/2839/774 3208/2851/774 3197/2840/770
f 3210/2841/774 3209/2839/774 3198/2829/770
f 3211/2842/774 3210/2841/774 3199/2830/770
f 3212/2843/774 3211/2842/774 3200/2831/770
f 3213/2844/775 3212/2843/774 3201/2832/770
f 3203/2835/773 3214/2845/776 3213/2844/775
f 3204/2836/773 3215/2846/776 3214/2845/776
f 3205/2837/773 3216/2847/776 3215/2846/776
f 3206/2838/773 3217/2849/776 3216/2847/776
f 3207/2848/773 3218/2859/780 3217/2849/776
f 3220/2850/777 3219/2862/777 3208/2851/774
f 3221/2852/777 3220/2850/777 3209/2839/774
f 3222/2853/777 3221/2852/777 3210/2841/774
f 3223/2854/777 3222/2853/777 3211/2842/774
f 3224/2855/778 3223/2854/777 3212/2843/774
f 3214/2845/776 3225/2856/779 3224/2855/778
f 3215/2846/776 3226/2857/779 3225/2856/779
f 3216/2847/776 3227/2858/779 3226/2857/779
f 3217/2849/776 3228/2860/779 3227/2858/779
f 3218/2859/780 3229/2870/779 3228/2860/779
f 3231/2861/781 3230/2873/785 3219/2862/777
f 3232/2863/781 3231/2861/781 3220/2850/777
f 3233/2864/781 3232/2863/781 3221/2852/777
f 3234/2865/781 3233/2864/781 3222/2853/777
f 3235/2866/782 3234/2865/781 3223/2854/777
f 3225/2856/779 3236/2867/783 3235/2866/782
f 3226/2857/779 3237/2868/783 3236/2867/783
f 3227/2858/779 3238/2869/783 3237/2868/783
f 3228/2860/779 3239/2871/783 3238/2869/783
f 3229/2870/779 3240/2881/788 3239/2871/783
f 3242/2872/784 3241/2884/784 3230/2873/785
f 3243/2874/784 3242/2872/784 3231/2861/781
f 3244/2875/784 3243/2874/784 3232/2863/781
f 3245/2876/784 3244/2875/784 3233/2864/781
f 3246/2877/786 3245/2876/784 3234/2865/781
f 3236/2867/783 3247/2878/787 3246/2877/786
f 3237/2868/783 3248/2879/787 3247/2878/787
f 3238/2869/783 3249/2880/787 3248/2879/787
f 3239/2871/783 3250/2882/787 3249/2880/787
f 3240/2881/788 3251/2892/787 3250/2882/787
f 3253/2883/789 3252/2895/789 3241/2884/784
f 3254/2885/789 3253/2883/789 3242/2872/784
f 3255/2886/789 3254/2885/789 3243/2874/784
f 3256/2887/789 3255/2886/789 3244/2875/784
f 3257/2888/790 3256/2887/789 3245/2876/784
f 3247/2878/787 3258/2889/791 3257/2888/790
f 3248/2879/787 3259/2890/791 3258/2889/791
f 3249/2880/787 3260/2891/791 3259/2890/791
f 3250/2882/787 3261/2893/791 3260/2891/791
f 3251/2892/787 3262/2903/791 3261/2893/791
f 3264/2894/792 3263/2906/792 3252/2895/789
f 3265/2896/792 3264/2894/792 3253/2883/789
f 3266/2897/792 3265/2896/792 3254/2885/789
f 3267/2898/792 3266/2897/792 3255/2886/789
f 3268/2899/793 3267/2898/792 3256/2887/789
f 3258/2889/791 3269/2900/794 3268/2899/793
f 3259/2890/791 3270/2901/794 3269/2900/794
f 3260/2891/791 3271/2902/794 3270/2901/794
f 3261/2893/791 3272/2904/794 3271/2902/794
f 3262/2903/791 3273/2914/794 3272/2904/794
f 3275/2905/795 3274/2917/795 3263/2906/792
f 3276/2907/795 3275/2905/795 3264/2894/792
f 3277/2908/795 3276/2907/795 3265/2896/792
f 3278/2909/795 3277/2908/795 3266/2897/792
f 3279/2910/541 3278/2909/795 3267/2898/792
f 3269/2900/794 3280/2911/796 3279/2910/541
f 3270/2901/794 3281/2912/796 3280/2911/796
f 3271/2902/794 3282/2913/796 3281/2912/796
f 3272/2904/794 3283/2915/796 3282/2913/796
f 3273/2914/794 3284/2925/796 3283/2915/796
f 3286/2916/797 3285/2928/797 3274/2917/795
f 3287/2918/797 3286/2916/797 3275/2905/795
f 3288/2919/797 3287/2918/797 3276/2907/795
f 3289/2920/797 3288/2919/797 3277/2908/795
f 3290/2921/798 3289/2920/797 3278/2909/795
f 3280/2911/796 3291/2922/799 3290/2921/798
f 3281/2912/796 3292/2923/799 3291/2922/799
f 3282/2913/796 3293/2924/799 3292/2923/799
f 3283/2915/796 3294/2926/799 3293/2924/799
f 3284/2925/796 3295/2936/799 3294/2926/799
f 3297/2927/800 3296/2939/800 3285/2928/797
f 3298/2929/801 3297/2927/800 3286/2916/797
f 3299/2930/800 3298/2929/801 3287/2918/797
f 3300/2931/800 3299/2930/800 3288/2919/797
f 3301/2932/802 3300/2931/800 3289/2920/797
f 3291/2922/799 3302/2933/803 3301/2932/802
f 3292/2923/799 3303/2934/803 3302/2933/803
f 3293/2924/799 3304/2935/803 3303/2934/803
f 3294/2926/799 3305/2937/803 3304/2935/803
f 3295/2936/799 3306/2949/803 3305/2937/803
f 3297/2927/800 3308/2940/805 3307/2938/804
f 3298/2929/801 3309/2941/805 3308/2940/805
f 3299/2930/800 3310/2942/805 3309/2941/805
f 3300/2931/800 3311/2943/805 3310/2942/805
f 3301/2932/802 3312/2954/809 3311/2943/805
f 3313/2944/806 3312/2954/809 3301/2932/802
f 3314/2945/806 3313/2944/806 3302/2933/803
f 3315/2946/806 3314/2945/806 3303/2934/803
f 3316/2947/806 3315/2946/806 3304/2935/803
f 3317/2948/807 3316/2947/806 3305/2937/803
f 3308/2940/805 3319/2951/808 3318/2950/808
f 3309/2941/805 3320/2952/808 3319/2951/808
f 3310/2942/805 3321/2953/808 3320/2952/808
f 3311/2943/805 3322/2955/808 3321/2953/808
f 3312/2954/809 3323/2965/813 3322/2955/808
f 3324/2956/810 3323/2965/813 3312/2954/809
f 3325/2957/810 3324/2956/810 3313/2944/806
f 3326/2958/811 3325/2957/810 3314/2945/806
f 3327/2959/810 3326/2958/811 3315/2946/806
f 3328/2960/810 3327/2959/810 3316/2947/806
f 3319/2951/808 3330/2962/812 3329/2961/812
f 3320/2952/808 3331/2963/812 3330/2962/812
f 3321/2953/808 3332/2964/812 3331/2963/812
f 3322/2955/808 3333/2966/814 3332/2964/812
f 3323/2965/813 3334/2976/820 3333/2966/814
f 3335/2967/815 3334/2976/820 3323/2965/813
f 3336/2968/816 3335/2967/815 3324/2956/810
f 3337/2969/816 3336/2968/816 3325/2957/810
f 3338/2970/817 3337/2969/816 3326/2958/811
f 3339/2971/817 3338/2970/817 3327/2959/810
f 3330/2962/812 3341/2973/818 3340/2972/818
f 3331/2963/812 3342/2974/819 3341/2973/818
f 3332/2964/812 3343/2975/819 3342/2974/819
f 3333/2966/814 3344/2977/819 3343/2975/819
f 3334/2976/820 3345/2987/825 3344/2977/819
f 3346/2978/821 3345/2987/825 3334/2976/820
f 3347/2979/821 3346/2978/821 3335/2967/815
f 3348/2980/821 3347/2979/821 3336/2968/816
f 3349/2981/821 3348/2980/821 3337/2969/816
f 3350/2982/822 3349/2981/821 3338/2970/817
f 3341/2973/818 3352/2984/824 3351/2983/823
f 3342/2974/819 3353/2985/823 3352/2984/824
f 3343/2975/819 3354/2986/823 3353/2985/823
f 3344/2977/819 3355/2988/823 3354/2986/823
f 3345/2987/825 3356/2998/829 3355/2988/823
f 3357/2989/826 3356/2998/829 3345/2987/825
f 3358/2990/826 3357/2989/826 3346/2978/821
f 3359/2991/827 3358/2990/826 3347/2979/821
f 3360/2992/827 3359/2991/827 3348/2980/821
f 3361/2993/826 3360/2992/827 3349/2981/821
f 3352/2984/824 3363/2995/828 3362/2994/828
f 3353/2985/823 3364/2996/828 3363/2995/828
f 3354/2986/823 3365/2997/828 3364/2996/828
f 3355/2988/823 3366/2999/830 3365/2997/828
f 3356/2998/829 3367/3009/835 3366/2999/830
f 3368/3000/831 3367/3009/835 3356/2998/829
f 3369/3001/832 3368/3000/831 3357/2989/826
f 3370/3002/832 3369/3001/832 3358/2990/826
f 3371/3003/832 3370/3002/832 3359/2991/827
f 3372/3004/832 3371/3003/832 3360/2992/827
f 3363/2995/828 3374/3006/834 3373/3005/833
f 3364/2996/828 3375/3007/833 3374/3006/834
f 3365/2997/828 3376/3008/833 3375/3007/833
f 3366/2999/830 3377/3010/833 3376/3008/833
f 3367/3009/835 3378/3020/840 3377/3010/833
f 3379/3011/836 3378/3020/840 3367/3009/835
f 3380/3012/837 3379/3011/836 3368/3000/831
f 3381/3013/836 3380/3012/837 3369/3001/832
f 3382/3014/836 3381/3013/836 3370/3002/832
f 3383/3015/837 3382/3014/836 3371/3003/832
f 3374/3006/834 3385/3017/838 3384/3016/838
f 3375/3007/833 3386/3018/839 3385/3017/838
f 3376/3008/833 3387/3019/838 3386/3018/839
f 3377/3010/833 3388/3021/838 3387/3019/838
f 3378/3020/840 3389/3031/845 3388/3021/838
f 3390/3022/841 3389/3031/845 3378/3020/840
f 3391/3023/841 3390/3022/841 3379/3011/836
f 3392/3024/842 3391/3023/841 3380/3012/837
f 3393/3025/841 3392/3024/842 3381/3013/836
f 3394/3026/841 3393/3025/841 3382/3014/836
f 3385/3017/838 3396/3028/843 3395/3027/843
f 3386/3018/839 3397/3029/843 3396/3028/843
f 3387/3019/838 3398/3030/844 3397/3029/843
f 3388/3021/838 3399/3032/843 3398/3030/844
f 3389/3031/845 3400/3042/848 3399/3032/843
f 3401/3033/846 3400/3042/848 3389/3031/845
f 3402/3034/846 3401/3033/846 3390/3022/841
f 3403/3035/846 3402/3034/846 3391/3023/841
f 3404/3036/846 3403/3035/846 3392/3024/842
f 3405/3037/846 3404/3036/846 3393/3025/841
f 3396/3028/843 3407/3039/847 3406/3038/847
f 3397/3029/843 3408/3040/847 3407/3039/847
f 3398/3030/844 3409/3041/847 3408/3040/847
f 3399/3032/843 3410/3043/847 3409/3041/847
f 3400/3042/848 3411/3053/851 3410/3043/847
f 3412/3044/849 3411/3053/851 3400/3042/848
f 3413/3045/849 3412/3044/849 3401/3033/846
f 3414/3046/849 3413/3045/849 3402/3034/846
f 3415/3047/849 3414/3046/849 3403/3035/846
f 3416/3048/849 3415/3047/849 3404/3036/846
f 3407/3039/847 3418/3050/850 3417/3049/850
f 3408/3040/847 3419/3051/850 3418/3050/850
f 3409/3041/847 3420/3052/850 3419/3051/850
f 3410/3043/847 3421/3054/850 3420/3052/850
f 3411/3053/851 3422/3064/855 3421/3054/850
f 3423/3055/852 3422/3064/855 3411/3053/851
f 3424/3056/853 3423/3055/852 3412/3044/849
f 3425/3057/853 3424/3056/853 3413/3045/849
f 3426/3058/852 3425/3057/853 3414/3046/849
f 3427/3059/852 3426/3058/852 3415/3047/849
f 3418/3050/850 3429/3061/854 3428/3060/854
f 3419/3051/850 3430/3062/854 3429/3061/854
f 3420/3052/850 3431/3063/854 3430/3062/854
f 3421/3054/850 3432/3065/854 3431/3063/854
f 3422/3064/855 3433/3075/858 3432/3065/854
f 3434/3066/856 3433/3075/858 3422/3064/855
f 3435/3067/856 3434/3066/856 3423/3055/852
f 3436/3068/856 3435/3067/856 3424/3056/853
f 3437/3069/856 3436/3068/856 3425/3057/853
f 3438/3070/856 3437/3069/856 3426/3058/852
f 3429/3061/854 3440/3072/857 3439/3071/857
f 3430/3062/854 3441/3073/857 3440/3072/857
f 3431/3063/854 3442/3074/857 3441/3073/857
f 3432/3065/854 3443/3076/857 3442/3074/857
f 3433/3075/858 3444/3086/861 3443/3076/857
f 3445/3077/859 3444/3086/861 3433/3075/858
f 3446/3078/859 3445/3077/859 3434/3066/856
f 3447/3079/859 3446/3078/859 3435/3067/856
f 3448/3080/859 3447/3079/859 3436/3068/856
f 3449/3081/859 3448/3080/859 3437/3069/856
f 3440/3072/857 3451/3083/860 3450/3082/860
f 3441/3073/857 3452/3084/860 3451/3083/860
f 3442/3074/857 3453/3085/860 3452/3084/860
f 3443/3076/857 3454/3087/860 3453/3085/860
f 3444/3086/861 3455/3097/864 3454/3087/860
f 3456/3088/862 3455/3097/864 3444/3086/861
f 3457/3089/862 3456/3088/862 3445/3077/859
f 3458/3090/862 3457/3089/862 3446/3078/859
f 3459/3091/862 3458/3090/862 3447/3079/859
f 3460/3092/862 3459/3091/862 3448/3080/859
f 3451/3083/860 3462/3094/863 3461/3093/863
f 3452/3084/860 3463/3095/863 3462/3094/863
f 3453/3085/860 3464/3096/863 3463/3095/863
f 3454/3087/860 3465/3098/863 3464/3096/863
f 3455/3097/864 3466/3108/867 3465/3098/863
f 3467/3099/865 3466/3108/867 3455/3097/864
f 3468/3100/865 3467/3099/865 3456/3088/862
f 3469/3101/865 3468/3100/865 3457/3089/862
f 3470/3102/865 3469/3101/865 3458/3090/862
f 3471/3103/865 3470/3102/865 3459/3091/862
f 3462/3094/863 3473/3105/866 3472/3104/866
f 3463/3095/863 3474/3106/866 3473/3105/866
f 3464/3096/863 3475/3107/866 3474/3106/866
f 3465/3098/863 3476/3109/866 3475/3107/866
f 3466/3108/867 3477/3119/871 3476/3109/866
f 3478/3110/868 3477/3119/871 3466/3108/867
f 3479/3111/868 3478/3110/868 3467/3099/865
f 3480/3112/868 3479/3111/868 3468/3100/865
f 3481/3113/868 3480/3112/868 3469/3101/865
f 3482/3114/868 3481/3113/868 3470/3102/865
f 3473/3105/866 3484/3116/870 3483/3115/869
f 3474/3106/866 3485/3117/869 3484/3116/870
f 3475/3107/866 3486/3118/869 3485/3117/869
f 3476/3109/866 3487/3120/870 3486/3118/869
f 3477/3119/871 3488/3130/875 3487/3120/870
f 3489/3121/872 3488/3130/875 3477/3119/871
f 3490/3122/872 3489/3121/872 3478/3110/868
f 3491/3123/872 3490/3122/872 3479/3111/868
f 3492/3124/873 3491/3123/872 3480/3112/868
f 3493/3125/872 3492/3124/873 3481/3113/868
f 3484/3116/870 3495/3127/874 3494/3126/874
f 3485/3117/869 3496/3128/874 3495/3127/874
f 3486/3118/869 3497/3129/874 3496/3128/874
f 3487/3120/870 3498/3131/874 3497/3129/874
f 3488/3130/875 3499/3141/878 3498/3131/874
f 3500/3132/876 3499/3141/878 3488/3130/875
f 3501/3133/876 3500/3132/876 3489/3121/872
f 3502/3134/876 3501/3133/876 3490/3122/872
f 3503/3135/876 3502/3134/876 3491/3123/872
f 3504/3136/876 3503/3135/876 3492/3124/873
f 3495/3127/874 3506/3138/877 3505/3137/877
f 3496/3128/874 3507/3139/877 3506/3138/877
f 3497/3129/874 3508/3140/877 3507/3139/877
f 3498/3131/874 3509/3142/877 3508/3140/877
f 3499/3141/878 3510/3152/881 3509/3142/877
f 3511/3143/879 3510/3152/881 3499/3141/878
f 3512/3144/879 3511/3143/879 3500/3132/876
f 3513/3145/879 3512/3144/879 3501/3133/876
f 3514/3146/879 3513/3145/879 3502/3134/876
f 3515/3147/879 3514/3146/879 3503/3135/876
f 3506/3138/877 3517/3149/880 3516/3148/880
f 3507/3139/877 3518/3150/880 3517/3149/880
f 3508/3140/877 3519/3151/880 3518/3150/880
f 3509/3142/877 3520/3153/880 3519/3151/880
f 3510/3152/881 3521/3163/884 3520/3153/880
f 3522/3154/882 3521/3163/884 3510/3152/881
f 3523/3155/882 3522/3154/882 3511/3143/879
f 3524/3156/882 3523/3155/882 3512/3144/879
f 3525/3157/882 3524/3156/882 3513/3145/879
f 3526/3158/882 3525/3157/882 3514/3146/879
f 3517/3149/880 3528/3160/883 3527/3159/883
f 3518/3150/880 3529/3161/883 3528/3160/883
f 3519/3151/880 3530/3162/883 3529/3161/883
f 3520/3153/880 3531/3164/883 3530/3162/883
f 3521/3163/884 3532/3174/888 3531/3164/883
f 3533/3165/885 3532/3174/888 3521/3163/884
f 3534/3166/885 3533/3165/885 3522/3154/882
f 3535/3167/885 3534/3166/885 3523/3155/882
f 3536/3168/885 3535/3167/885 3524/3156/882
f 3537/3169/885 3536/3168/885 3525/3157/882
f 3539/3170/886 3538/3180/892 3527/3159/883
f 3540/3171/886 3539/3170/886 3528/3160/883
f 3541/3172/886 3540/3171/886 3529/3161/883
f 3531/3164/883 3542/3184/886 3541/3172/886
f 3543/3173/887 3542/3184/886 3531/3164/883
f 3533/3165/885 3544/3175/889 3543/3173/887
f 3534/3166/885 3545/3176/889 3544/3175/889
f 3535/3167/885 3546/3177/889 3545/3176/889
f 3536/3168/885 3547/3188/889 3546/3177/889
f 3548/3178/890 3547/3188/889 3536/3168/885
f 3550/3179/891 3549/3192/891 3538/3180/892
f 3551/3181/891 3550/3179/891 3539/3170/886
f 3552/3182/891 3551/3181/891 3540/3171/886
f 3553/3183/891 3552/3182/891 3541/3172/886
f 3554/3185/893 3553/3183/891 3542/3184/886
f 3544/3175/889 3555/3186/894 3554/3185/893
f 3545/3176/889 3556/3187/894 3555/3186/894
f 3546/3177/889 3557/3189/894 3556/3187/894
f 3547/3188/889 3558/3190/894 3557/3189/894
f 3548/3178/890 3559/3202/894 3558/3190/894
f 3550/3179/891 3561/3193/895 3560/3191/895
f 3551/3181/891 3562/3194/895 3561/3193/895
f 3552/3182/891 3563/3195/895 3562/3194/895
f 3553/3183/891 3564/3196/895 3563/3195/895
f 3554/3185/893 3565/3207/898 3564/3196/895
f 3566/3197/896 3565/3207/898 3554/3185/893
f 3567/3198/896 3566/3197/896 3555/3186/894
f 3568/3199/896 3567/3198/896 3556/3187/894
f 3569/3200/896 3568/3199/896 3557/3189/894
f 3570/3201/896 3569/3200/896 3558/3190/894
f 3561/3193/895 3572/3204/897 3571/3203/897
f 3562/3194/895 3573/3205/897 3572/3204/897
f 3563/3195/895 3574/3206/897 3573/3205/897
f 3564/3196/895 3575/3208/897 3574/3206/897
f 3565/3207/898 3576/3218/901 3575/3208/897
f 3577/3209/899 3576/3218/901 3565/3207/898
f 3578/3210/899 3577/3209/899 3566/3197/896
f 3579/3211/899 3578/3210/899 3567/3198/896
f 3580/3212/899 3579/3211/899 3568/3199/896
f 3581/3213/899 3580/3212/899 3569/3200/896
f 3572/3204/897 3583/3223/900 3582/3214/900
f 3584/3215/900 3583/3223/900 3572/3204/897
f 3585/3216/900 3584/3215/900 3573/3205/897
f 3586/3217/900 3585/3216/900 3574/3206/897
f 3576/3218/901 3587/3228/906 3586/3217/900
f 3588/3219/902 3587/3228/906 3576/3218/901
f 3578/3210/899 3589/3220/902 3588/3219/902
f 3579/3211/899 3590/3221/902 3589/3220/902
f 3580/3212/899 3591/3231/902 3590/3221/902
f 3592/3222/902 3591/3231/902 3580/3212/899
f 3583/3223/900 3594/3234/904 3593/3224/903
f 3595/3225/904 3594/3234/904 3583/3223/900
f 3585/3216/900 3596/3237/903 3595/3225/904
f 3597/3226/904 3596/3237/903 3585/3216/900
f 3598/3227/905 3597/3226/904 3586/3217/900
f 3599/3229/907 3598/3227/905 3587/3228/906
f 3589/3220/902 3600/3240/908 3599/3229/907
f 3601/3230/908 3600/3240/908 3589/3220/902
f 3591/3231/902 3602/3243/907 3601/3230/908
f 3603/3232/908 3602/3243/907 3591/3231/902
f 3605/3233/909 3604/3247/909 3593/3224/903
f 3606/3235/909 3605/3233/909 3594/3234/904
f 3607/3236/909 3606/3235/909 3595/3225/904
f 3608/3238/909 3607/3236/909 3596/3237/903
f 3609/3239/910 3608/3238/909 3597/3226/904
f 3599/3229/907 3610/3241/911 3609/3239/910
f 3600/3240/908 3611/3242/911 3610/3241/911
f 3601/3230/908 3612/3244/911 3611/3242/911
f 3602/3243/907 3613/3245/911 3612/3244/911
f 3603/3232/908 3614/3255/911 3613/3245/911
f 3616/3246/912 3615/3258/912 3604/3247/909
f 3617/3248/912 3616/3246/912 3605/3233/909
f 3618/3249/912 3617/3248/912 3606/3235/909
f 3619/3250/912 3618/3249/912 3607/3236/909
f 3620/3251/913 3619/3250/912 3608/3238/909
f 3610/3241/911 3621/3252/914 3620/3251/913
f 3611/3242/911 3622/3253/914 3621/3252/914
f 3612/3244/911 3623/3254/915 3622/3253/914
f 3613/3245/911 3624/3256/914 3623/3254/915
f 3614/3255/911 3625/3266/914 3624/3256/914
f 3627/3257/916 3626/3269/920 3615/3258/912
f 3628/3259/916 3627/3257/916 3616/3246/912
f 3629/3260/916 3628/3259/916 3617/3248/912
f 3630/3261/916 3629/3260/916 3618/3249/912
f 3631/3262/917 3630/3261/916 3619/3250/912
f 3621/3252/914 3632/3263/918 3631/3262/917
f 3622/3253/914 3633/3264/918 3632/3263/918
f 3623/3254/915 3634/3265/918 3633/3264/918
f 3624/3256/914 3635/3267/918 3634/3265/918
f 3625/3266/914 3636/3277/923 3635/3267/918
f 3638/3268/919 3637/3280/919 3626/3269/920
f 3639/3270/919 3638/3268/919 3627/3257/916
f 3640/3271/919 3639/3270/919 3628/3259/916
f 3641/3272/919 3640/3271/919 3629/3260/916
f 3642/3273/921 3641/3272/919 3630/3261/916
f 3632/3263/918 3643/3274/922 3642/3273/921
f 3633/3264/918 3644/3275/922 3643/3274/922
f 3634/3265/918 3645/3276/922 3644/3275/922
f 3635/3267/918 3646/3278/922 3645/3276/922
f 3636/3277/923 3647/3288/922 3646/3278/922
f 3649/3279/924 3648/3291/924 3637/3280/919
f 3650/3281/925 3649/3279/924 3638/3268/919
f 3651/3282/925 3650/3281/925 3639/3270/919
f 3652/3283/926 3651/3282/925 3640/3271/919
f 3653/3284/927 3652/3283/926 3641/3272/919
f 3643/3274/922 3654/3285/928 3653/3284/927
f 3644/3275/922 3655/3286/929 3654/3285/928
f 3645/3276/922 3656/3287/930 3655/3286/929
f 3646/3278/922 3657/3289/928 3656/3287/930
f 3647/3288/922 3658/3299/928 3657/3289/928
f 3660/3290/931 3659/3302/936 3648/3291/924
f 3661/3292/931 3660/3290/931 3649/3279/924
f 3662/3293/931 3661/3292/931 3650/3281/925
f 3663/3294/931 3662/3293/931 3651/3282/925
f 3664/3295/932 3663/3294/931 3652/3283/926
f 3654/3285/928 3665/3296/933 3664/3295/932
f 3655/3286/929 3666/3297/933 3665/3296/933
f 3656/3287/930 3667/3298/933 3666/3297/933
f 3657/3289/928 3668/3300/934 3667/3298/933
f 3658/3299/928 3669/3310/934 3668/3300/934
f 3671/3301/935 3670/3313/937 3659/3302/936
f 3672/3303/935 3671/3301/935 3660/3290/931
f 3673/3304/937 3672/3303/935 3661/3292/931
f 3674/3305/937 3673/3304/937 3662/3293/931
f 3675/3306/938 3674/3305/937 3663/3294/931
f 3665/3296/933 3676/3307/939 3675/3306/938
f 3666/3297/933 3677/3308/939 3676/3307/939
f 3667/3298/933 3678/3309/940 3677/3308/939
f 3668/3300/934 3679/3311/940 3678/3309/940
f 3669/3310/934 3680/3321/939 3679/3311/940
f 3682/3312/941 3681/3324/941 3670/3313/937
f 3683/3314/941 3682/3312/941 3671/3301/935
f 3684/3315/941 3683/3314/941 3672/3303/935
f 3685/3316/941 3684/3315/941 3673/3304/937
f 3686/3317/942 3685/3316/941 3674/3305/937
f 3676/3307/939 3687/3318/943 3686/3317/942
f 3677/3308/939 3688/3319/943 3687/3318/943
f 3678/3309/940 3689/3320/943 3688/3319/943
f 3679/3311/940 3690/3322/943 3689/3320/943
f 3680/3321/939 3691/3332/949 3690/3322/943
f 3693/3323/944 3692/3335/944 3681/3324/941
f 3694/3325/944 3693/3323/944 3682/3312/941
f 3695/3326/945 3694/3325/944 3683/3314/941
f 3696/3327/944 3695/3326/945 3684/3315/941
f 3697/3328/946 3696/3327/944 3685/3316/941
f 3687/3318/943 3698/3329/947 3697/3328/946
f 3688/3319/943 3699/3330/948 3698/3329/947
f 3689/3320/943 3700/3331/947 3699/3330/948
f 3690/3322/943 3701/3333/947 3700/3331/947
f 3691/3332/949 3702/3344/947 3701/3333/947
f 3693/3323/944 3704/3345/950 3703/3334/950
f 3705/3336/950 3704/3345/950 3693/3323/944
f 3695/3326/945 3706/3337/950 3705/3336/950
f 3696/3327/944 3707/3338/950 3706/3337/950
f 3697/3328/946 3708/3349/953 3707/3338/950
f 3709/3339/951 3708/3349/953 3697/3328/946
f 3710/3340/951 3709/3339/951 3698/3329/947
f 3711/3341/951 3710/3340/951 3699/3330/948
f 3712/3342/951 3711/3341/951 3700/3331/947
f 3713/3343/951 3712/3342/951 3701/3333/947
f 3704/3345/950 3715/3347/952 3714/3346/952
f 3705/3336/950 3716/3358/956 3715/3347/952
f 3717/3348/952 3716/3358/956 3705/3336/950
f 3707/3338/950 3718/3350/952 3717/3348/952
f 3708/3349/953 3719/3361/958 3718/3350/952
f 3720/3351/954 3719/3361/958 3708/3349/953
f 3721/3352/954 3720/3351/954 3709/3339/951
f 3722/3353/954 3721/3352/954 3710/3340/951
f 3723/3354/954 3722/3353/954 3711/3341/951
f 3724/3355/954 3723/3354/954 3712/3342/951
f 3715/3347/952 3726/3367/955 3725/3356/955
f 3727/3357/955 3726/3367/955 3715/3347/952
f 3717/3348/952 3728/3359/955 3727/3357/955
f 3718/3350/952 3729/3369/955 3728/3359/955
f 3730/3360/957 3729/3369/955 3718/3350/952
f 3731/3362/959 3730/3360/957 3719/3361/958
f 3732/3363/959 3731/3362/959 3720/3351/954
f 3733/3364/959 3732/3363/959 3721/3352/954
f 3723/3354/954 3734/3375/959 3733/3364/959
f 3735/3365/959 3734/3375/959 3723/3354/954
f 3737/3366/960 3736/3378/960 3725/3356/955
f 3738/3368/960 3737/3366/960 3726/3367/955
f 3728/3359/955 3739/3370/960 3738/3368/960
f 3729/3369/955 3740/3371/961 3739/3370/960
f 3730/3360/957 3741/3372/962 3740/3371/961
f 3731/3362/959 3742/3382/963 3741/3372/962
f 3743/3373/963 3742/3382/963 3731/3362/959
f 3744/3374/963 3743/3373/963 3732/3363/959
f 3734/3375/959 3745/3386/963 3744/3374/963
f 3746/3376/963 3745/3386/963 3734/3375/959
f 3748/3377/964 3747/3390/964 3736/3378/960
f 3749/3379/964 3748/3377/964 3737/3366/960
f 3750/3380/964 3749/3379/964 3738/3368/960
f 3751/3381/964 3750/3380/964 3739/3370/960
f 3741/3372/962 3752/3383/965 3751/3381/964
f 3742/3382/963 3753/3384/966 3752/3383/965
f 3743/3373/963 3754/3385/966 3753/3384/966
f 3744/3374/963 3755/3387/967 3754/3385/966
f 3745/3386/963 3756/3388/967 3755/3387/967
f 3746/3376/963 3757/3398/967 3756/3388/967
f 3759/3389/968 3758/3401/968 3747/3390/964
f 3760/3391/968 3759/3389/968 3748/3377/964
f 3761/3392/968 3760/3391/968 3749/3379/964
f 3762/3393/968 3761/3392/968 3750/3380/964
f 3763/3394/969 3762/3393/968 3751/3381/964
f 3753/3384/966 3764/3395/970 3763/3394/969
f 3754/3385/966 3765/3396/970 3764/3395/970
f 3755/3387/967 3766/3397/970 3765/3396/970
f 3756/3388/967 3767/3399/970 3766/3397/970
f 3757/3398/967 3768/3409/970 3767/3399/970
f 3770/3400/971 3769/3412/975 3758/3401/968
f 3771/3402/971 3770/3400/971 3759/3389/968
f 3772/3403/971 3771/3402/971 3760/3391/968
f 3773/3404/971 3772/3403/971 3761/3392/968
f 3774/3405/972 3773/3404/971 3762/3393/968
f 3764/3395/970 3775/3406/973 3774/3405/972
f 3765/3396/970 3776/3407/973 3775/3406/973
f 3766/3397/970 3777/3408/973 3776/3407/973
f 3767/3399/970 3778/3410/973 3777/3408/973
f 3768/3409/970 3779/3420/978 3778/3410/973
f 3781/3411/974 3780/3423/974 3769/3412/975
f 3782/3413/974 3781/3411/974 3770/3400/971
f 3783/3414/974 3782/3413/974 3771/3402/971
f 3784/3415/974 3783/3414/974 3772/3403/971
f 3785/3416/976 3784/3415/974 3773/3404/971
f 3775/3406/973 3786/3417/977 3785/3416/976
f 3776/3407/973 3787/3418/977 3786/3417/977
f 3777/3408/973 3788/3419/977 3787/3418/977
f 3778/3410/973 3789/3421/977 3788/3419/977
f 3779/3420/978 3790/3431/977 3789/3421/977
f 3792/3422/979 3791/3434/979 3780/3423/974
f 3793/3424/979 3792/3422/979 3781/3411/974
f 3794/3425/979 3793/3424/979 3782/3413/974
f 3795/3426/979 3794/3425/979 3783/3414/974
f 3796/3427/980 3795/3426/979 3784/3415/974
f 3786/3417/977 3797/3428/981 3796/3427/980
f 3787/3418/977 3798/3429/981 3797/3428/981
f 3788/3419/977 3799/3430/981 3798/3429/981
f 3789/3421/977 3800/3432/981 3799/3430/981
f 3790/3431/977 3801/3442/981 3800/3432/981
f 3803/3433/982 3802/3445/982 3791/3434/979
f 3804/3435/982 3803/3433/982 3792/3422/979
f 3805/3436/982 3804/3435/982 3793/3424/979
f 3806/3437/982 3805/3436/982 3794/3425/979
f 3807/3438/983 3806/3437/982 3795/3426/979
f 3797/3428/981 3808/3439/984 3807/3438/983
f 3798/3429/981 3809/3440/984 3808/3439/984
f 3799/3430/981 3810/3441/984 3809/3440/984
f 3800/3432/981 3811/3443/984 3810/3441/984
f 3801/3442/981 3812/3455/984 3811/3443/984
f 3803/3433/982 3814/3446/985 3813/3444/985
f 3804/3435/982 3815/3447/985 3814/3446/985
f 3805/3436/982 3816/3448/985 3815/3447/985
f 3806/3437/982 3817/3449/985 3816/3448/985
f 3807/3438/983 3818/3460/988 3817/3449/985
f 3819/3450/986 3818/3460/988 3807/3438/983
f 3820/3451/986 3819/3450/986 3808/3439/984
f 3821/3452/986 3820/3451/986 3809/3440/984
f 3822/3453/986 3821/3452/986 3810/3441/984
f 3823/3454/986 3822/3453/986 3811/3443/984
f 3814/3446/985 3825/3457/987 3824/3456/987
f 3815/3447/985 3826/3458/987 3825/3457/987
f 3816/3448/985 3827/3459/987 3826/3458/987
f 3817/3449/985 3828/3461/987 3827/3459/987
f 3818/3460/988 3829/3472/992 3828/3461/987
f 3830/3462/989 3829/3472/992 3818/3460/988
f 3831/3463/989 3830/3462/989 3819/3450/986
f 3832/3464/989 3831/3463/989 3820/3451/986
f 3833/3465/989 3832/3464/989 3821/3452/986
f 3834/3466/989 3833/3465/989 3822/3453/986
f 3836/3467/990 3835/3478/995 3824/3456/987
f 3837/3468/990 3836/3467/990 3825/3457/987
f 3838/3469/990 3837/3468/990 3826/3458/987
f 3839/3470/990 3838/3469/990 3827/3459/987
f 3840/3471/991 3839/3470/990 3828/3461/987
f 3830/3462/989 3841/3473/993 3840/3471/991
f 3831/3463/989 3842/3474/993 3841/3473/993
f 3832/3464/989 3843/3475/993 3842/3474/993
f 3833/3465/989 3844/3476/993 3843/3475/993
f 3834/3466/989 3845/3486/998 3844/3476/993
f 3847/3477/994 3846/3489/994 3835/3478/995
f 3848/3479/994 3847/3477/994 3836/3467/990
f 3849/3480/994 3848/3479/994 3837/3468/990
f 3850/3481/994 3849/3480/994 3838/3469/990
f 3851/3482/996 3850/3481/994 3839/3470/990
f 3841/3473/993 3852/3483/997 3851/3482/996
f 3842/3474/993 3853/3484/997 3852/3483/997
f 3843/3475/993 3854/3485/997 3853/3484/997
f 3844/3476/993 3855/3487/997 3854/3485/997
f 3845/3486/998 3856/3497/997 3855/3487/997
f 3858/3488/999 3857/3500/999 3846/3489/994
f 3859/3490/999 3858/3488/999 3847/3477/994
f 3860/3491/999 3859/3490/999 3848/3479/994
f 3861/3492/999 3860/3491/999 3849/3480/994
f 3862/3493/1000 3861/3492/999 3850/3481/994
f 3852/3483/997 3863/3494/1001 3862/3493/1000
f 3853/3484/997 3864/3495/1001 3863/3494/1001
f 3854/3485/997 3865/3496/1001 3864/3495/1001
f 3855/3487/997 3866/3498/1001 3865/3496/1001
f 3856/3497/997 3867/3508/1001 3866/3498/1001
f 3869/3499/1002 3868/3511/1002 3857/3500/999
f 3870/3501/1002 3869/3499/1002 3858/3488/999
f 3871/3502/1002 3870/3501/1002 3859/3490/999
f 3872/3503/1002 3871/3502/1002 3860/3491/999
f 3873/3504/1003 3872/3503/1002 3861/3492/999
f 3863/3494/1001 3874/3505/1004 3873/3504/1003
f 3864/3495/1001 3875/3506/1004 3874/3505/1004
f 3865/3496/1001 3876/3507/1004 3875/3506/1004
f 3866/3498/1001 3877/3509/1004 3876/3507/1004
f 3867/3508/1001 3878/3519/1004 3877/3509/1004
f 3880/3510/1005 3879/3522/1005 3868/3511/1002
f 3881/3512/1005 3880/3510/1005 3869/3499/1002
f 3882/3513/1005 3881/3512/1005 3870/3501/1002
f 3883/3514/1005 3882/3513/1005 3871/3502/1002
f 3884/3515/1006 3883/3514/1005 3872/3503/1002
f 3874/3505/1004 3885/3516/1007 3884/3515/1006
f 3875/3506/1004 3886/3517/1007 3885/3516/1007
f 3876/3507/1004 3887/3518/1007 3886/3517/1007
f 3877/3509/1004 3888/3520/1007 3887/3518/1007
f 3878/3519/1004 3889/3530/1007 3888/3520/1007
f 3891/3521/1008 3890/3533/1008 3879/3522/1005
f 3892/3523/1008 3891/3521/1008 3880/3510/1005
f 3893/3524/1008 3892/3523/1008 3881/3512/1005
f 3894/3525/1008 3893/3524/1008 3882/3513/1005
f 3895/3526/1009 3894/3525/1008 3883/3514/1005
f 3885/3516/1007 3896/3527/1010 3895/3526/1009
f 3886/3517/1007 3897/3528/1010 3896/3527/1010
f 3887/3518/1007 3898/3529/1010 3897/3528/1010
f 3888/3520/1007 3899/3531/1010 3898/3529/1010
f 3889/3530/1007 3900/3541/1010 3899/3531/1010
f 3902/3532/1011 3901/3544/1011 3890/3533/1008
f 3903/3534/1011 3902/3532/1011 3891/3521/1008
f 3904/3535/1011 3903/3534/1011 3892/3523/1008
f 3905/3536/1011 3904/3535/1011 3893/3524/1008
f 3906/3537/1012 3905/3536/1011 3894/3525/1008
f 3896/3527/1010 3907/3538/1013 3906/3537/1012
f 3897/3528/1010 3908/3539/1013 3907/3538/1013
f 3898/3529/1010 3909/3540/1013 3908/3539/1013
f 3899/3531/1010 3910/3542/1013 3909/3540/1013
f 3900/3541/1010 3911/3552/1013 3910/3542/1013
f 3913/3543/1014 3912/3555/1014 3901/3544/1011
f 3914/3545/1014 3913/3543/1014 3902/3532/1011
f 3915/3546/1014 3914/3545/1014 3903/3534/1011
f 3916/3547/1014 3915/3546/1014 3904/3535/1011
f 3917/3548/1015 3916/3547/1014 3905/3536/1011
f 3907/3538/1013 3918/3549/1016 3917/3548/1015
f 3908/3539/1013 3919/3550/1016 3918/3549/1016
f 3909/3540/1013 3920/3551/1016 3919/3550/1016
f 3910/3542/1013 3921/3553/1016 3920/3551/1016
f 3911/3552/1013 3922/3563/1016 3921/3553/1016
f 3924/3554/1017 3923/3566/1017 3912/3555/1014
f 3925/3556/1017 3924/3554/1017 3913/3543/1014
f 3926/3557/1017 3925/3556/1017 3914/3545/1014
f 3927/3558/1017 3926/3557/1017 3915/3546/1014
f 3928/3559/1018 3927/3558/1017 3916/3547/1014
f 3918/3549/1016 3929/3560/1019 3928/3559/1018
f 3919/3550/1016 3930/3561/1019 3929/3560/1019
f 3920/3551/1016 3931/3562/1019 3930/3561/1019
f 3921/3553/1016 3932/3564/1019 3931/3562/1019
f 3922/3563/1016 3933/3574/1019 3932/3564/1019
f 3935/3565/1020 3934/3577/1020 3923/3566/1017
f 3936/3567/1020 3935/3565/1020 3924/3554/1017
f 3937/3568/1020 3936/3567/1020 3925/3556/1017
f 3938/3569/1020 3937/3568/1020 3926/3557/1017
f 3939/3570/1021 3938/3569/1020 3927/3558/1017
f 3929/3560/1019 3940/3571/1022 3939/3570/1021
f 3930/3561/1019 3941/3572/1022 3940/3571/1022
f 3931/3562/1019 3942/3573/1022 3941/3572/1022
f 3932/3564/1019 3943/3575/1022 3942/3573/1022
f 3933/3574/1019 3944/3585/1022 3943/3575/1022
f 3946/3576/1023 3945/3588/1023 3934/3577/1020
f 3947/3578/1023 3946/3576/1023 3935/3565/1020
f 3948/3579/1023 3947/3578/1023 3936/3567/1020
f 3949/3580/1023 3948/3579/1023 3937/3568/1020
f 3950/3581/1024 3949/3580/1023 3938/3569/1020
f 3940/3571/1022 3951/3582/1025 3950/3581/1024
f 3941/3572/1022 3952/3583/1025 3951/3582/1025
f 3942/3573/1022 3953/3584/1025 3952/3583/1025
f 3943/3575/1022 3954/3586/1025 3953/3584/1025
f 3944/3585/1022 3955/3596/1025 3954/3586/1025
f 3957/3587/1026 3956/3599/1026 3945/3588/1023
f 3958/3589/1026 3957/3587/1026 3946/3576/1023
f 3959/3590/1026 3958/3589/1026 3947/3578/1023
f 3960/3591/1026 3959/3590/1026 3948/3579/1023
f 3961/3592/1027 3960/3591/1026 3949/3580/1023
f 3951/3582/1025 3962/3593/1028 3961/3592/1027
f 3952/3583/1025 3963/3594/1028 3962/3593/1028
f 3953/3584/1025 3964/3595/1028 3963/3594/1028
f 3954/3586/1025 3965/3597/1028 3964/3595/1028
f 3955/3596/1025 3966/3607/1028 3965/3597/1028
f 3968/3598/1029 3967/3610/1030 3956/3599/1026
f 3969/3600/1029 3968/3598/1029 3957/3587/1026
f 3970/3601/1030 3969/3600/1029 3958/3589/1026
f 3971/3602/1030 3970/3601/1030 3959/3590/1026
f 3972/3603/1031 3971/3602/1030 3960/3591/1026
f 3962/3593/1028 3973/3604/1032 3972/3603/1031
f 3963/3594/1028 3974/3605/1033 3973/3604/1032
f 3964/3595/1028 3975/3606/1033 3974/3605/1033
f 3965/3597/1028 3976/3608/1033 3975/3606/1033
f 3966/3607/1028 3977/3618/1032 3976/3608/1033
f 3979/3609/1034 3978/3621/1034 3967/3610/1030
f 3980/3611/1034 3979/3609/1034 3968/3598/1029
f 3981/3612/1034 3980/3611/1034 3969/3600/1029
f 3982/3613/1034 3981/3612/1034 3970/3601/1030
f 3983/3614/1035 3982/3613/1034 3971/3602/1030
f 3973/3604/1032 3984/3615/1036 3983/3614/1035
f 3974/3605/1033 3985/3616/1036 3984/3615/1036
f 3975/3606/1033 3986/3617/1036 3985/3616/1036
f 3976/3608/1033 3987/3619/1036 3986/3617/1036
f 3977/3618/1032 3988/3629/1036 3987/3619/1036
f 3990/3620/1037 3989/3632/1037 3978/3621/1034
f 3991/3622/1038 3990/3620/1037 3979/3609/1034
f 3992/3623/1037 3991/3622/1038 3980/3611/1034
f 3993/3624/1037 3992/3623/1037 3981/3612/1034
f 3994/3625/1039 3993/3624/1037 3982/3613/1034
f 3984/3615/1036 3995/3626/1040 3994/3625/1039
f 3985/3616/1036 3996/3627/1040 3995/3626/1040
f 3986/3617/1036 3997/3628/1040 3996/3627/1040
f 3987/3619/1036 3998/3630/1040 3997/3628/1040
f 3988/3629/1036 3999/3640/1040 3998/3630/1040
f 4001/3631/1041 4000/3643/1041 3989/3632/1037
f 4002/3633/1041 4001/3631/1041 3990/3620/1037
f 4003/3634/1041 4002/3633/1041 3991/3622/1038
f 4004/3635/1041 4003/3634/1041 3992/3623/1037
f 4005/3636/1042 4004/3635/1041 3993/3624/1037
f 3995/3626/1040 4006/3637/1043 4005/3636/1042
f 3996/3627/1040 4007/3638/1043 4006/3637/1043
f 3997/3628/1040 4008/3639/1043 4007/3638/1043
f 3998/3630/1040 4009/3641/1043 4008/3639/1043
f 3999/3640/1040 4010/3651/1043 4009/3641/1043
f 4012/3642/1044 4011/3654/1044 4000/3643/1041
f 4013/3644/1044 4012/3642/1044 4001/3631/1041
f 4014/3645/1044 4013/3644/1044 4002/3633/1041
f 4015/3646/1044 4014/3645/1044 4003/3634/1041
f 4016/3647/1045 4015/3646/1044 4004/3635/1041
f 4006/3637/1043 4017/3648/1046 4016/3647/1045
f 4007/3638/1043 4018/3649/1046 4017/3648/1046
f 4008/3639/1043 4019/3650/1046 4018/3649/1046
f 4009/3641/1043 4020/3652/1046 4019/3650/1046
f 4010/3651/1043 4021/3662/1046 4020/3652/1046
f 4023/3653/1047 4022/3665/1047 4011/3654/1044
f 4024/3655/1047 4023/3653/1047 4012/3642/1044
f 4025/3656/1047 4024/3655/1047 4013/3644/1044
f 4026/3657/1047 4025/3656/1047 4014/3645/1044
f 4027/3658/1048 4026/3657/1047 4015/3646/1044
f 4017/3648/1046 4028/3659/1049 4027/3658/1048
f 4018/3649/1046 4029/3660/1049 4028/3659/1049
f 4019/3650/1046 4030/3661/1049 4029/3660/1049
f 4020/3652/1046 4031/3663/1049 4030/3661/1049
f 4021/3662/1046 4032/3673/1049 4031/3663/1049
f 4034/3664/1050 4033/3676/1050 4022/3665/1047
f 4035/3666/1050 4034/3664/1050 4023/3653/1047
f 4036/3667/1050 4035/3666/1050 4024/3655/1047
f 4037/3668/1050 4036/3667/1050 4025/3656/1047
f 4038/3669/1051 4037/3668/1050 4026/3657/1047
f 4028/3659/1049 4039/3670/1052 4038/3669/1051
f 4029/3660/1049 4040/3671/1052 4039/3670/1052
f 4030/3661/1049 4041/3672/1052 4040/3671/1052
f 4031/3663/1049 4042/3674/1052 4041/3672/1052
f 4032/3673/1049 4043/3684/1052 4042/3674/1052
f 4045/3675/1053 4044/3687/1053 4033/3676/1050
f 4046/3677/1053 4045/3675/1053 4034/3664/1050
f 4047/3678/1053 4046/3677/1053 4035/3666/1050
f 4048/3679/1053 4047/3678/1053 4036/3667/1050
f 4049/3680/1054 4048/3679/1053 4037/3668/1050
f 4039/3670/1052 4050/3681/1055 4049/3680/1054
f 4040/3671/1052 4051/3682/1055 4050/3681/1055
f 4041/3672/1052 4052/3683/1055 4051/3682/1055
f 4042/3674/1052 4053/3685/1055 4052/3683/1055
f 4043/3684/1052 4054/3695/1055 4053/3685/1055
f 4056/3686/1056 4055/3698/1056 4044/3687/1053
f 4057/3688/1056 4056/3686/1056 4045/3675/1053
f 4058/3689/1056 4057/3688/1056 4046/3677/1053
f 4059/3690/1056 4058/3689/1056 4047/3678/1053
f 4060/3691/1057 4059/3690/1056 4048/3679/1053
f 4050/3681/1055 4061/3692/1058 4060/3691/1057
f 4051/3682/1055 4062/3693/1058 4061/3692/1058
f 4052/3683/1055 4063/3694/1058 4062/3693/1058
f 4053/3685/1055 4064/3696/1058 4063/3694/1058
f 4054/3695/1055 4065/3706/1058 4064/3696/1058
f 4067/3697/1059 4066/3709/1059 4055/3698/1056
f 4068/3699/1059 4067/3697/1059 4056/3686/1056
f 4069/3700/1059 4068/3699/1059 4057/3688/1056
f 4070/3701/1059 4069/3700/1059 4058/3689/1056
f 4071/3702/1060 4070/3701/1059 4059/3690/1056
f 4061/3692/1058 4072/3703/1061 4071/3702/1060
f 4062/3693/1058 4073/3704/1061 4072/3703/1061
f 4063/3694/1058 4074/3705/1061 4073/3704/1061
f 4064/3696/1058 4075/3707/1061 4074/3705/1061
f 4065/3706/1058 4076/3717/1061 4075/3707/1061
f 4078/3708/1062 4077/3720/1062 4066/3709/1059
f 4079/3710/1062 4078/3708/1062 4067/3697/1059
f 4080/3711/1062 4079/3710/1062 4068/3699/1059
f 4081/3712/1062 4080/3711/1062 4069/3700/1059
f 4082/3713/1063 4081/3712/1062 4070/3701/1059
f 4072/3703/1061 4083/3714/1064 4082/3713/1063
f 4073/3704/1061 4084/3715/1064 4083/3714/1064
f 4074/3705/1061 4085/3716/1064 4084/3715/1064
f 4075/3707/1061 4086/3718/1064 4085/3716/1064
f 4076/3717/1061 4087/3728/1064 4086/3718/1064
f 4089/3719/1065 4088/3731/1065 4077/3720/1062
f 4090/3721/1065 4089/3719/1065 4078/3708/1062
f 4091/3722/1065 4090/3721/1065 4079/3710/1062
f 4092/3723/1065 4091/3722/1065 4080/3711/1062
f 4093/3724/1066 4092/3723/1065 4081/3712/1062
f 4083/3714/1064 4094/3725/1067 4093/3724/1066
f 4084/3715/1064 4095/3726/1067 4094/3725/1067
f 4085/3716/1064 4096/3727/1067 4095/3726/1067
f 4086/3718/1064 4097/3729/1067 4096/3727/1067
f 4087/3728/1064 4098/3739/1067 4097/3729/1067
f 4100/3730/1068 4099/3742/1068 4088/3731/1065
f 4101/3732/1068 4100/3730/1068 4089/3719/1065
f 4102/3733/1068 4101/3732/1068 4090/3721/1065
f 4103/3734/1068 4102/3733/1068 4091/3722/1065
f 4104/3735/1069 4103/3734/1068 4092/3723/1065
f 4094/3725/1067 4105/3736/1070 4104/3735/1069
f 4095/3726/1067 4106/3737/1070 4105/3736/1070
f 4096/3727/1067 4107/3738/1070 4106/3737/1070
f 4097/3729/1067 4108/3740/1070 4107/3738/1070
f 4098/3739/1067 4109/3750/1070 4108/3740/1070
f 4111/3741/1071 4110/3753/1071 4099/3742/1068
f 4112/3743/1071 4111/3741/1071 4100/3730/1068
f 4113/3744/1071 4112/3743/1071 4101/3732/1068
f 4114/3745/1071 4113/3744/1071 4102/3733/1068
f 4115/3746/1072 4114/3745/1071 4103/3734/1068
f 4105/3736/1070 4116/3747/1073 4115/3746/1072
f 4106/3737/1070 4117/3748/1073 4116/3747/1073
f 4107/3738/1070 4118/3749/1073 4117/3748/1073
f 4108/3740/1070 4119/3751/1073 4118/3749/1073
f 4109/3750/1070 4120/3761/1073 4119/3751/1073
f 4122/3752/1074 4121/3764/1074 4110/3753/1071
f 4123/3754/1074 4122/3752/1074 4111/3741/1071
f 4124/3755/1074 4123/3754/1074 4112/3743/1071
f 4125/3756/1074 4124/3755/1074 4113/3744/1071
f 4126/3757/1075 4125/3756/1074 4114/3745/1071
f 4116/3747/1073 4127/3758/1076 4126/3757/1075
f 4117/3748/1073 4128/3759/1076 4127/3758/1076
f 4118/3749/1073 4129/3760/1076 4128/3759/1076
f 4119/3751/1073 4130/3762/1076 4129/3760/1076
f 4120/3761/1073 4131/3772/1076 4130/3762/1076
f 4133/3763/1077 4132/3775/1077 4121/3764/1074
f 4134/3765/1077 4133/3763/1077 4122/3752/1074
f 4135/3766/1077 4134/3765/1077 4123/3754/1074
f 4136/3767/1077 4135/3766/1077 4124/3755/1074
f 4137/3768/1078 4136/3767/1077 4125/3756/1074
f 4127/3758/1076 4138/3769/1079 4137/3768/1078
f 4128/3759/1076 4139/3770/1079 4138/3769/1079
f 4129/3760/1076 4140/3771/1079 4139/3770/1079
f 4130/3762/1076 4141/3773/1079 4140/3771/1079
f 4131/3772/1076 4142/3783/1079 4141/3773/1079
f 4144/3774/1080 4143/3786/1080 4132/3775/1077
f 4145/3776/1080 4144/3774/1080 4133/3763/1077
f 4146/3777/1080 4145/3776/1080 4134/3765/1077
f 4147/3778/1080 4146/3777/1080 4135/3766/1077
f 4148/3779/1081 4147/3778/1080 4136/3767/1077
f 4138/3769/1079 4149/3780/1082 4148/3779/1081
f 4139/3770/1079 4150/3781/1082 4149/3780/1082
f 4140/3771/1079 4151/3782/1082 4150/3781/1082
f 4141/3773/1079 4152/3784/1082 4151/3782/1082
f 4142/3783/1079 4153/3794/1082 4152/3784/1082
f 4155/3785/1083 4154/3797/1083 4143/3786/1080
f 4156/3787/1083 4155/3785/1083 4144/3774/1080
f 4157/3788/1083 4156/3787/1083 4145/3776/1080
f 4158/3789/1083 4157/3788/1083 4146/3777/1080
f 4159/3790/1084 4158/3789/1083 4147/3778/1080
f 4149/3780/1082 4160/3791/1085 4159/3790/1084
f 4150/3781/1082 4161/3792/1085 4160/3791/1085
f 4151/3782/1082 4162/3793/1085 4161/3792/1085
f 4152/3784/1082 4163/3795/1085 4162/3793/1085
f 4153/3794/1082 4164/3805/1085 4163/3795/1085
f 4166/3796/1086 4165/3808/1086 4154/3797/1083
f 4167/3798/1086 4166/3796/1086 4155/3785/1083
f 4168/3799/1086 4167/3798/1086 4156/3787/1083
f 4169/3800/1086 4168/3799/1086 4157/3788/1083
f 4170/3801/1087 4169/3800/1086 4158/3789/1083
f 4160/3791/1085 4171/3802/1088 4170/3801/1087
f 4161/3792/1085 4172/3803/1088 4171/3802/1088
f 4162/3793/1085 4173/3804/1088 4172/3803/1088
f 4163/3795/1085 4174/3806/1088 4173/3804/1088
f 4164/3805/1085 4175/3816/1088 4174/3806/1088
f 4177/3807/1089 4176/3819/1089 4165/3808/1086
f 4178/3809/1089 4177/3807/1089 4166/3796/1086
f 4179/3810/1089 4178/3809/1089 4167/3798/1086
f 4180/3811/1089 4179/3810/1089 4168/3799/1086
f 4181/3812/1090 4180/3811/1089 4169/3800/1086
f 4171/3802/1088 4182/3813/1091 4181/3812/1090
f 4172/3803/1088 4183/3814/1091 4182/3813/1091
f 4173/3804/1088 4184/3815/1091 4183/3814/1091
f 4174/3806/1088 4185/3817/1091 4184/3815/1091
f 4175/3816/1088 4186/3827/1091 4185/3817/1091
f 4188/3818/1092 4187/3830/1092 4176/3819/1089
f 4189/3820/1092 4188/3818/1092 4177/3807/1089
f 4190/3821/1092 4189/3820/1092 4178/3809/1089
f 4191/3822/1092 4190/3821/1092 4179/3810/1089
f 4192/3823/1093 4191/3822/1092 4180/3811/1089
f 4182/3813/1091 4193/3824/1094 4192/3823/1093
f 4183/3814/1091 4194/3825/1094 4193/3824/1094
f 4184/3815/1091 4195/3826/1094 4194/3825/1094
f 4185/3817/1091 4196/3828/1094 4195/3826/1094
f 4186/3827/1091 4197/3838/1094 4196/3828/1094
f 4199/3829/1095 4198/3841/1095 4187/3830/1092
f 4200/3831/1095 4199/3829/1095 4188/3818/1092
f 4201/3832/1095 4200/3831/1095 4189/3820/1092
f 4202/3833/1095 4201/3832/1095 4190/3821/1092
f 4203/3834/1096 4202/3833/1095 4191/3822/1092
f 4193/3824/1094 4204/3835/1097 4203/3834/1096
f 4194/3825/1094 4205/3836/1097 4204/3835/1097
f 4195/3826/1094 4206/3837/1097 4205/3836/1097
f 4196/3828/1094 4207/3839/1097 4206/3837/1097
f 4197/3838/1094 4208/3851/1097 4207/3839/1097
f 4199/3829/1095 4210/3842/1098 4209/3840/1098
f 4200/3831/1095 4211/3843/1098 4210/3842/1098
f 4201/3832/1095 4212/3844/1098 4211/3843/1098
f 4202/3833/1095 4213/3845/1098 4212/3844/1098
f 4203/3834/1096 4214/3857/1102 4213/3845/1098
f 4215/3846/1099 4214/3857/1102 4203/3834/1096
f 4216/3847/1099 4215/3846/1099 4204/3835/1097
f 4217/3848/1099 4216/3847/1099 4205/3836/1097
f 4218/3849/1099 4217/3848/1099 4206/3837/1097
f 4219/3850/1099 4218/3849/1099 4207/3839/1097
f 4221/3852/1100 4220/3863/1100 4209/3840/1098
f 4222/3853/1100 4221/3852/1100 4210/3842/1098
f 4223/3854/1100 4222/3853/1100 4211/3843/1098
f 4224/3855/1100 4223/3854/1100 4212/3844/1098
f 4225/3856/1101 4224/3855/1100 4213/3845/1098
f 4215/3846/1099 4226/3858/1103 4225/3856/1101
f 4216/3847/1099 4227/3859/1103 4226/3858/1103
f 4217/3848/1099 4228/3860/1103 4227/3859/1103
f 4218/3849/1099 4229/3861/1103 4228/3860/1103
f 4219/3850/1099 4230/3871/1103 4229/3861/1103
f 4232/3862/1104 4231/3874/1104 4220/3863/1100
f 4233/3864/1104 4232/3862/1104 4221/3852/1100
f 4234/3865/1104 4233/3864/1104 4222/3853/1100
f 4235/3866/1104 4234/3865/1104 4223/3854/1100
f 4236/3867/1105 4235/3866/1104 4224/3855/1100
f 4226/3858/1103 4237/3868/1106 4236/3867/1105
f 4227/3859/1103 4238/3869/1106 4237/3868/1106
f 4228/3860/1103 4239/3870/1106 4238/3869/1106
f 4229/3861/1103 4240/3872/1106 4239/3870/1106
f 4230/3871/1103 4241/3882/1106 4240/3872/1106
f 4243/3873/1107 4242/3885/1107 4231/3874/1104
f 4244/3875/1107 4243/3873/1107 4232/3862/1104
f 4245/3876/1107 4244/3875/1107 4233/3864/1104
f 4246/3877/1107 4245/3876/1107 4234/3865/1104
f 4247/3878/1108 4246/3877/1107 4235/3866/1104
f 4237/3868/1106 4248/3879/1109 4247/3878/1108
f 4238/3869/1106 4249/3880/1109 4248/3879/1109
f 4239/3870/1106 4250/3881/1109 4249/3880/1109
f 4240/3872/1106 4251/3883/1109 4250/3881/1109
f 4241/3882/1106 4252/3893/1109 4251/3883/1109
f 4254/3884/1110 4253/3896/1110 4242/3885/1107
f 4255/3886/1110 4254/3884/1110 4243/3873/1107
f 4256/3887/1110 4255/3886/1110 4244/3875/1107
f 4257/3888/1110 4256/3887/1110 4245/3876/1107
f 4258/3889/1111 4257/3888/1110 4246/3877/1107
f 4248/3879/1109 4259/3890/1112 4258/3889/1111
f 4249/3880/1109 4260/3891/1112 4259/3890/1112
f 4250/3881/1109 4261/3892/1112 4260/3891/1112
f 4251/3883/1109 4262/3894/1112 4261/3892/1112
f 4252/3893/1109 4263/3904/1112 4262/3894/1112
f 4265/3895/1095 4264/3907/1095 4253/3896/1110
f 4266/3897/1095 4265/3895/1095 4254/3884/1110
f 4267/3898/1095 4266/3897/1095 4255/3886/1110
f 4268/3899/1095 4267/3898/1095 4256/3887/1110
f 4269/3900/1113 4268/3899/1095 4257/3888/1110
f 4259/3890/1112 4270/3901/1097 4269/3900/1113
f 4260/3891/1112 4271/3902/1097 4270/3901/1097
f 4261/3892/1112 4272/3903/1097 4271/3902/1097
f 4262/3894/1112 4273/3905/1097 4272/3903/1097
f 4263/3904/1112 4274/3915/1097 4273/3905/1097
f 4276/3906/1114 4275/3918/1114 4264/3907/1095
f 4277/3908/1114 4276/3906/1114 4265/3895/1095
f 4278/3909/1114 4277/3908/1114 4266/3897/1095
f 4279/3910/1114 4278/3909/1114 4267/3898/1095
f 4280/3911/1115 4279/3910/1114 4268/3899/1095
f 4270/3901/1097 4281/3912/1116 4280/3911/1115
f 4271/3902/1097 4282/3913/1116 4281/3912/1116
f 4272/3903/1097 4283/3914/1116 4282/3913/1116
f 4273/3905/1097 4284/3916/1116 4283/3914/1116
f 4274/3915/1097 4285/3926/1116 4284/3916/1116
f 4287/3917/1117 4286/3929/1117 4275/3918/1114
f 4288/3919/1117 4287/3917/1117 4276/3906/1114
f 4289/3920/1117 4288/3919/1117 4277/3908/1114
f 4290/3921/1117 4289/3920/1117 4278/3909/1114
f 4291/3922/1118 4290/3921/1117 4279/3910/1114
f 4281/3912/1116 4292/3923/1119 4291/3922/1118
f 4282/3913/1116 4293/3924/1119 4292/3923/1119
f 4283/3914/1116 4294/3925/1119 4293/3924/1119
f 4284/3916/1116 4295/3927/1119 4294/3925/1119
f 4285/3926/1116 4296/3937/1119 4295/3927/1119
f 4298/3928/1120 4297/3940/1120 4286/3929/1117
f 4299/3930/1120 4298/3928/1120 4287/3917/1117
f 4300/3931/1120 4299/3930/1120 4288/3919/1117
f 4301/3932/1120 4300/3931/1120 4289/3920/1117
f 4302/3933/1121 4301/3932/1120 4290/3921/1117
f 4292/3923/1119 4303/3934/1122 4302/3933/1121
f 4293/3924/1119 4304/3935/1122 4303/3934/1122
f 4294/3925/1119 4305/3936/1122 4304/3935/1122
f 4295/3927/1119 4306/3938/1122 4305/3936/1122
f 4296/3937/1119 4307/3948/1122 4306/3938/1122
f 4309/3939/1123 4308/3951/1123 4297/3940/1120
f 4310/3941/1123 4309/3939/1123 4298/3928/1120
f 4311/3942/1123 4310/3941/1123 4299/3930/1120
f 4312/3943/1123 4311/3942/1123 4300/3931/1120
f 4313/3944/1124 4312/3943/1123 4301/3932/1120
f 4303/3934/1122 4314/3945/1125 4313/3944/1124
f 4304/3935/1122 4315/3946/1125 4314/3945/1125
f 4305/3936/1122 4316/3947/1125 4315/3946/1125
f 4306/3938/1122 4317/3949/1125 4316/3947/1125
f 4307/3948/1122 4318/3959/1125 4317/3949/1125
f 4320/3950/1126 4319/3962/1126 4308/3951/1123
f 4321/3952/1126 4320/3950/1126 4309/3939/1123
f 4322/3953/1126 4321/3952/1126 4310/3941/1123
f 4323/3954/1126 4322/3953/1126 4311/3942/1123
f 4324/3955/1127 4323/3954/1126 4312/3943/1123
f 4314/3945/1125 4325/3956/1128 4324/3955/1127
f 4315/3946/1125 4326/3957/1128 4325/3956/1128
f 4316/3947/1125 4327/3958/1128 4326/3957/1128
f 4317/3949/1125 4328/3960/1128 4327/3958/1128
f 4318/3959/1125 4329/3970/1128 4328/3960/1128
f 4331/3961/1129 4330/3973/1129 4319/3962/1126
f 4332/3963/1129 4331/3961/1129 4320/3950/1126
f 4333/3964/1130 4332/3963/1129 4321/3952/1126
f 4334/3965/1131 4333/3964/1130 4322/3953/1126
f 4335/3966/1132 4334/3965/1131 4323/3954/1126
f 4325/3956/1128 4336/3967/1133 4335/3966/1132
f 4326/3957/1128 4337/3968/1134 4336/3967/1133
f 4327/3958/1128 4338/3969/1135 4337/3968/1134
f 4328/3960/1128 4339/3971/1136 4338/3969/1135
f 4329/3970/1128 4340/3980/1136 4339/3971/1136
f 4342/3972/1137 4341/3983/1137 4330/3973/1129
f 4343/3974/1137 4342/3972/1137 4331/3961/1129
f 4333/3964/1130 4344/3975/1138 4343/3974/1137
f 4334/3965/1131 4345/3976/1138 4344/3975/1138
f 4335/3966/1132 4346/3987/1141 4345/3976/1138
f 4347/3977/1138 4346/3987/1141 4335/3966/1132
f 4348/3978/1138 4347/3977/1138 4336/3967/1133
f 4338/3969/1135 4349/3979/1139 4348/3978/1138
f 4339/3971/1136 4350/3981/1139 4349/3979/1139
f 4340/3980/1136 4351/3994/1139 4350/3981/1139
f 4342/3972/1137 4353/3984/1140 4352/3982/1140
f 4343/3974/1137 4354/3985/1140 4353/3984/1140
f 4344/3975/1138 4355/3986/1140 4354/3985/1140
f 4345/3976/1138 4356/3988/1140 4355/3986/1140
f 4346/3987/1141 4357/4000/1145 4356/3988/1140
f 4358/3989/1142 4357/4000/1145 4346/3987/1141
f 4359/3990/1142 4358/3989/1142 4347/3977/1138
f 4360/3991/1142 4359/3990/1142 4348/3978/1138
f 4361/3992/1142 4360/3991/1142 4349/3979/1139
f 4362/3993/1142 4361/3992/1142 4350/3981/1139
f 4364/3995/1143 4363/4006/1143 4352/3982/1140
f 4365/3996/1143 4364/3995/1143 4353/3984/1140
f 4366/3997/1143 4365/3996/1143 4354/3985/1140
f 4367/3998/1143 4366/3997/1143 4355/3986/1140
f 4368/3999/1144 4367/3998/1143 4356/3988/1140
f 4358/3989/1142 4369/4001/1146 4368/3999/1144
f 4359/3990/1142 4370/4002/1146 4369/4001/1146
f 4360/3991/1142 4371/4003/1146 4370/4002/1146
f 4361/3992/1142 4372/4004/1146 4371/4003/1146
f 4362/3993/1142 4373/4014/1146 4372/4004/1146
f 4375/4005/1147 4374/4017/1147 4363/4006/1143
f 4376/4007/1147 4375/4005/1147 4364/3995/1143
f 4377/4008/1147 4376/4007/1147 4365/3996/1143
f 4378/4009/1147 4377/4008/1147 4366/3997/1143
f 4379/4010/1148 4378/4009/1147 4367/3998/1143
f 4369/4001/1146 4380/4011/1149 4379/4010/1148
f 4370/4002/1146 4381/4012/1149 4380/4011/1149
f 4371/4003/1146 4382/4013/1149 4381/4012/1149
f 4372/4004/1146 4383/4015/1149 4382/4013/1149
f 4373/4014/1146 4384/4025/1149 4383/4015/1149
f 4386/4016/1150 4385/4028/1150 4374/4017/1147
f 4387/4018/1150 4386/4016/1150 4375/4005/1147
f 4388/4019/1150 4387/4018/1150 4376/4007/1147
f 4389/4020/1150 4388/4019/1150 4377/4008/1147
f 4390/4021/1151 4389/4020/1150 4378/4009/1147
f 4380/4011/1149 4391/4022/1152 4390/4021/1151
f 4381/4012/1149 4392/4023/1153 4391/4022/1152
f 4382/4013/1149 4393/4024/1152 4392/4023/1153
f 4383/4015/1149 4394/4026/1152 4393/4024/1152
f 4384/4025/1149 4395/4036/1152 4394/4026/1152
f 4397/4027/1154 4396/4039/1154 4385/4028/1150
f 4398/4029/1154 4397/4027/1154 4386/4016/1150
f 4399/4030/1154 4398/4029/1154 4387/4018/1150
f 4400/4031/1154 4399/4030/1154 4388/4019/1150
f 4401/4032/1155 4400/4031/1154 4389/4020/1150
f 4391/4022/1152 4402/4033/1156 4401/4032/1155
f 4392/4023/1153 4403/4034/1156 4402/4033/1156
f 4393/4024/1152 4404/4035/1156 4403/4034/1156
f 4394/4026/1152 4405/4037/1156 4404/4035/1156
f 4395/4036/1152 4406/4047/1156 4405/4037/1156
f 4408/4038/1157 4407/4050/1157 4396/4039/1154
f 4409/4040/1157 4408/4038/1157 4397/4027/1154
f 4410/4041/1157 4409/4040/1157 4398/4029/1154
f 4411/4042/1157 4410/4041/1157 4399/4030/1154
f 4412/4043/1158 4411/4042/1157 4400/4031/1154
f 4402/4033/1156 4413/4044/1159 4412/4043/1158
f 4403/4034/1156 4414/4045/1159 4413/4044/1159
f 4404/4035/1156 4415/4046/1159 4414/4045/1159
f 4405/4037/1156 4416/4048/1159 4415/4046/1159
f 4406/4047/1156 4417/4058/1159 4416/4048/1159
f 4419/4049/1160 4418/4061/1160 4407/4050/1157
f 4420/4051/1160 4419/4049/1160 4408/4038/1157
f 4421/4052/1160 4420/4051/1160 4409/4040/1157
f 4422/4053/1160 4421/4052/1160 4410/4041/1157
f 4423/4054/1161 4422/4053/1160 4411/4042/1157
f 4413/4044/1159 4424/4055/1162 4423/4054/1161
f 4414/4045/1159 4425/4056/1162 4424/4055/1162
f 4415/4046/1159 4426/4057/1162 4425/4056/1162
f 4416/4048/1159 4427/4059/1162 4426/4057/1162
f 4417/4058/1159 4428/4069/1162 4427/4059/1162
f 4430/4060/1163 4429/4072/1163 4418/4061/1160
f 4431/4062/1163 4430/4060/1163 4419/4049/1160
f 4432/4063/1163 4431/4062/1163 4420/4051/1160
f 4433/4064/1163 4432/4063/1163 4421/4052/1160
f 4434/4065/1164 4433/4064/1163 4422/4053/1160
f 4424/4055/1162 4435/4066/1165 4434/4065/1164
f 4425/4056/1162 4436/4067/1165 4435/4066/1165
f 4426/4057/1162 4437/4068/1165 4436/4067/1165
f 4427/4059/1162 4438/4070/1165 4437/4068/1165
f 4428/4069/1162 4439/4080/1165 4438/4070/1165
f 4441/4071/1166 4440/4083/1166 4429/4072/1163
f 4442/4073/1166 4441/4071/1166 4430/4060/1163
f 4443/4074/1166 4442/4073/1166 4431/4062/1163
f 4444/4075/1166 4443/4074/1166 4432/4063/1163
f 4445/4076/1167 4444/4075/1166 4433/4064/1163
f 4435/4066/1165 4446/4077/1168 4445/4076/1167
f 4436/4067/1165 4447/4078/1168 4446/4077/1168
f 4437/4068/1165 4448/4079/1168 4447/4078/1168
f 4438/4070/1165 4449/4081/1168 4448/4079/1168
f 4439/4080/1165 4450/4091/1168 4449/4081/1168
f 4452/4082/1169 4451/4094/1169 4440/4083/1166
f 4453/4084/1170 4452/4082/1169 4441/4071/1166
f 4454/4085/1169 4453/4084/1170 4442/4073/1166
f 4455/4086/1169 4454/4085/1169 4443/4074/1166
f 4456/4087/1171 4455/4086/1169 4444/4075/1166
f 4446/4077/1168 4457/4088/1172 4456/4087/1171
f 4447/4078/1168 4458/4089/1172 4457/4088/1172
f 4448/4079/1168 4459/4090/1173 4458/4089/1172
f 4449/4081/1168 4460/4092/1173 4459/4090/1173
f 4450/4091/1168 4461/4102/1172 4460/4092/1173
f 4463/4093/1174 4462/4105/1174 4451/4094/1169
f 4464/4095/1174 4463/4093/1174 4452/4082/1169
f 4465/4096/1174 4464/4095/1174 4453/4084/1170
f 4466/4097/1174 4465/4096/1174 4454/4085/1169
f 4467/4098/1175 4466/4097/1174 4455/4086/1169
f 4457/4088/1172 4468/4099/1176 4467/4098/1175
f 4458/4089/1172 4469/4100/1176 4468/4099/1176
f 4459/4090/1173 4470/4101/1176 4469/4100/1176
f 4460/4092/1173 4471/4103/1176 4470/4101/1176
f 4461/4102/1172 4472/4113/1176 4471/4103/1176
f 4474/4104/1177 4473/4116/1177 4462/4105/1174
f 4475/4106/1177 4474/4104/1177 4463/4093/1174
f 4476/4107/1177 4475/4106/1177 4464/4095/1174
f 4477/4108/1177 4476/4107/1177 4465/4096/1174
f 4478/4109/1178 4477/4108/1177 4466/4097/1174
f 4468/4099/1176 4479/4110/1179 4478/4109/1178
f 4469/4100/1176 4480/4111/1179 4479/4110/1179
f 4470/4101/1176 4481/4112/1179 4480/4111/1179
f 4471/4103/1176 4482/4114/1179 4481/4112/1179
f 4472/4113/1176 4483/4126/1179 4482/4114/1179
f 4474/4104/1177 4485/4117/1180 4484/4115/1180
f 4475/4106/1177 4486/4118/1180 4485/4117/1180
f 4476/4107/1177 4487/4119/1180 4486/4118/1180
f 4477/4108/1177 4488/4120/1180 4487/4119/1180
f 4478/4109/1178 4489/4132/1184 4488/4120/1180
f 4490/4121/1181 4489/4132/1184 4478/4109/1178
f 4491/4122/1181 4490/4121/1181 4479/4110/1179
f 4492/4123/1181 4491/4122/1181 4480/4111/1179
f 4493/4124/1181 4492/4123/1181 4481/4112/1179
f 4494/4125/1181 4493/4124/1181 4482/4114/1179
f 4496/4127/1182 4495/4138/1182 4484/4115/1180
f 4497/4128/1182 4496/4127/1182 4485/4117/1180
f 4498/4129/1182 4497/4128/1182 4486/4118/1180
f 4499/4130/1182 4498/4129/1182 4487/4119/1180
f 4500/4131/1183 4499/4130/1182 4488/4120/1180
f 4490/4121/1181 4501/4133/1185 4500/4131/1183
f 4491/4122/1181 4502/4134/1185 4501/4133/1185
f 4492/4123/1181 4503/4135/1185 4502/4134/1185
f 4493/4124/1181 4504/4136/1185 4503/4135/1185
f 4494/4125/1181 4505/4146/1185 4504/4136/1185
f 4507/4137/1186 4506/4149/1186 4495/4138/1182
f 4508/4139/1186 4507/4137/1186 4496/4127/1182
f 4509/4140/1186 4508/4139/1186 4497/4128/1182
f 4510/4141/1186 4509/4140/1186 4498/4129/1182
f 4511/4142/1187 4510/4141/1186 4499/4130/1182
f 4501/4133/1185 4512/4143/1188 4511/4142/1187
f 4502/4134/1185 4513/4144/1188 4512/4143/1188
f 4503/4135/1185 4514/4145/1188 4513/4144/1188
f 4504/4136/1185 4515/4147/1188 4514/4145/1188
f 4505/4146/1185 4516/4157/1188 4515/4147/1188
f 4518/4148/1189 4517/4160/1189 4506/4149/1186
f 4519/4150/1189 4518/4148/1189 4507/4137/1186
f 4520/4151/1189 4519/4150/1189 4508/4139/1186
f 4521/4152/1189 4520/4151/1189 4509/4140/1186
f 4522/4153/1190 4521/4152/1189 4510/4141/1186
f 4512/4143/1188 4523/4154/1191 4522/4153/1190
f 4513/4144/1188 4524/4155/1191 4523/4154/1191
f 4514/4145/1188 4525/4156/1191 4524/4155/1191
f 4515/4147/1188 4526/4158/1191 4525/4156/1191
f 4516/4157/1188 4527/4168/1191 4526/4158/1191
f 4529/4159/1192 4528/4171/1192 4517/4160/1189
f 4530/4161/1192 4529/4159/1192 4518/4148/1189
f 4531/4162/1192 4530/4161/1192 4519/4150/1189
f 4532/4163/1192 4531/4162/1192 4520/4151/1189
f 4533/4164/1193 4532/4163/1192 4521/4152/1189
f 4523/4154/1191 4534/4165/1194 4533/4164/1193
f 4524/4155/1191 4535/4166/1194 4534/4165/1194
f 4525/4156/1191 4536/4167/1194 4535/4166/1194
f 4526/4158/1191 4537/4169/1194 4536/4167/1194
f 4527/4168/1191 4538/4179/1194 4537/4169/1194
f 4540/4170/1195 4539/4182/1195 4528/4171/1192
f 4541/4172/1195 4540/4170/1195 4529/4159/1192
f 4542/4173/1195 4541/4172/1195 4530/4161/1192
f 4543/4174/1195 4542/4173/1195 4531/4162/1192
f 4544/4175/1196 4543/4174/1195 4532/4163/1192
f 4534/4165/1194 4545/4176/1197 4544/4175/1196
f 4535/4166/1194 4546/4177/1197 4545/4176/1197
f 4536/4167/1194 4547/4178/1197 4546/4177/1197
f 4537/4169/1194 4548/4180/1198 4547/4178/1197
f 4538/4179/1194 4549/4190/1197 4548/4180/1198
f 4551/4181/1199 4550/4193/1199 4539/4182/1195
f 4552/4183/1199 4551/4181/1199 4540/4170/1195
f 4553/4184/1199 4552/4183/1199 4541/4172/1195
f 4554/4185/1199 4553/4184/1199 4542/4173/1195
f 4555/4186/1200 4554/4185/1199 4543/4174/1195
f 4545/4176/1197 4556/4187/1201 4555/4186/1200
f 4546/4177/1197 4557/4188/1201 4556/4187/1201
f 4547/4178/1197 4558/4189/1201 4557/4188/1201
f 4548/4180/1198 4559/4191/1201 4558/4189/1201
f 4549/4190/1197 4560/4201/1201 4559/4191/1201
f 4562/4192/1202 4561/4204/1202 4550/4193/1199
f 4563/4194/1202 4562/4192/1202 4551/4181/1199
f 4564/4195/1202 4563/4194/1202 4552/4183/1199
f 4565/4196/1202 4564/4195/1202 4553/4184/1199
f 4566/4197/1203 4565/4196/1202 4554/4185/1199
f 4556/4187/1201 4567/4198/1204 4566/4197/1203
f 4557/4188/1201 4568/4199/1204 4567/4198/1204
f 4558/4189/1201 4569/4200/1204 4568/4199/1204
f 4559/4191/1201 4570/4202/1204 4569/4200/1204
f 4560/4201/1201 4571/4212/1204 4570/4202/1204
f 4573/4203/1205 4572/4215/1205 4561/4204/1202
f 4574/4205/1205 4573/4203/1205 4562/4192/1202
f 4575/4206/1205 4574/4205/1205 4563/4194/1202
f 4576/4207/1205 4575/4206/1205 4564/4195/1202
f 4577/4208/1206 4576/4207/1205 4565/4196/1202
f 4567/4198/1204 4578/4209/1207 4577/4208/1206
f 4568/4199/1204 4579/4210/1207 4578/4209/1207
f 4569/4200/1204 4580/4211/1207 4579/4210/1207
f 4570/4202/1204 4581/4213/1207 4580/4211/1207
f 4571/4212/1204 4582/4225/1207 4581/4213/1207
f 4573/4203/1205 4584/4216/1208 4583/4214/1208
f 4574/4205/1205 4585/4217/1208 4584/4216/1208
f 4575/4206/1205 4586/4218/1208 4585/4217/1208
f 4576/4207/1205 4587/4219/1208 4586/4218/1208
f 4577/4208/1206 4588/4230/1211 4587/4219/1208
f 4589/4220/1209 4588/4230/1211 4577/4208/1206
f 4590/4221/1209 4589/4220/1209 4578/4209/1207
f 4591/4222/1209 4590/4221/1209 4579/4210/1207
f 4592/4223/1209 4591/4222/1209 4580/4211/1207
f 4593/4224/1209 4592/4223/1209 4581/4213/1207
f 4584/4216/1208 4595/4227/1210 4594/4226/1210
f 4585/4217/1208 4596/4228/1210 4595/4227/1210
f 4586/4218/1208 4597/4229/1210 4596/4228/1210
f 4587/4219/1208 4598/4231/1210 4597/4229/1210
f 4588/4230/1211 4599/4241/1214 4598/4231/1210
f 4600/4232/1212 4599/4241/1214 4588/4230/1211
f 4601/4233/1212 4600/4232/1212 4589/4220/1209
f 4602/4234/1212 4601/4233/1212 4590/4221/1209
f 4603/4235/1212 4602/4234/1212 4591/4222/1209
f 4604/4236/1212 4603/4235/1212 4592/4223/1209
f 4595/4227/1210 4606/4238/1213 4605/4237/1213
f 4596/4228/1210 4607/4239/1213 4606/4238/1213
f 4597/4229/1210 4608/4240/1213 4607/4239/1213
f 4598/4231/1210 4609/4242/1213 4608/4240/1213
f 4599/4241/1214 4610/4252/1217 4609/4242/1213
f 4611/4243/1215 4610/4252/1217 4599/4241/1214
f 4612/4244/1215 4611/4243/1215 4600/4232/1212
f 4613/4245/1215 4612/4244/1215 4601/4233/1212
f 4614/4246/1215 4613/4245/1215 4602/4234/1212
f 4615/4247/1215 4614/4246/1215 4603/4235/1212
f 4606/4238/1213 4617/4249/1216 4616/4248/1216
f 4607/4239/1213 4618/4250/1216 4617/4249/1216
f 4608/4240/1213 4619/4251/1216 4618/4250/1216
f 4609/4242/1213 4620/4253/1216 4619/4251/1216
f 4610/4252/1217 4621/4264/1221 4620/4253/1216
f 4622/4254/1218 4621/4264/1221 4610/4252/1217
f 4623/4255/1218 4622/4254/1218 4611/4243/1215
f 4624/4256/1218 4623/4255/1218 4612/4244/1215
f 4625/4257/1218 4624/4256/1218 4613/4245/1215
f 4626/4258/1218 4625/4257/1218 4614/4246/1215
f 4628/4259/1219 4627/4270/1219 4616/4248/1216
f 4629/4260/1219 4628/4259/1219 4617/4249/1216
f 4630/4261/1219 4629/4260/1219 4618/4250/1216
f 4631/4262/1219 4630/4261/1219 4619/4251/1216
f 4632/4263/1220 4631/4262/1219 4620/4253/1216
f 4622/4254/1218 4633/4265/1222 4632/4263/1220
f 4623/4255/1218 4634/4266/1222 4633/4265/1222
f 4624/4256/1218 4635/4267/1222 4634/4266/1222
f 4625/4257/1218 4636/4268/1222 4635/4267/1222
f 4626/4258/1218 4637/4280/1222 4636/4268/1222
f 4628/4259/1219 4639/4271/1223 4638/4269/1223
f 4629/4260/1219 4640/4272/1223 4639/4271/1223
f 4630/4261/1219 4641/4273/1223 4640/4272/1223
f 4631/4262/1219 4642/4274/1223 4641/4273/1223
f 4632/4263/1220 4643/4285/1226 4642/4274/1223
f 4644/4275/1224 4643/4285/1226 4632/4263/1220
f 4645/4276/1224 4644/4275/1224 4633/4265/1222
f 4646/4277/1224 4645/4276/1224 4634/4266/1222
f 4647/4278/1224 4646/4277/1224 4635/4267/1222
f 4648/4279/1224 4647/4278/1224 4636/4268/1222
f 4639/4271/1223 4650/4282/1225 4649/4281/1225
f 4640/4272/1223 4651/4283/1225 4650/4282/1225
f 4641/4273/1223 4652/4284/1225 4651/4283/1225
f 4642/4274/1223 4653/4286/1225 4652/4284/1225
f 4643/4285/1226 4654/4296/1229 4653/4286/1225
f 4655/4287/1227 4654/4296/1229 4643/4285/1226
f 4656/4288/1227 4655/4287/1227 4644/4275/1224
f 4657/4289/1227 4656/4288/1227 4645/4276/1224
f 4658/4290/1227 4657/4289/1227 4646/4277/1224
f 4659/4291/1227 4658/4290/1227 4647/4278/1224
f 4650/4282/1225 4661/4293/1228 4660/4292/1228
f 4651/4283/1225 4662/4294/1228 4661/4293/1228
f 4652/4284/1225 4663/4295/1228 4662/4294/1228
f 4653/4286/1225 4664/4297/1228 4663/4295/1228
f 4654/4296/1229 4665/4307/1232 4664/4297/1228
f 4666/4298/1230 4665/4307/1232 4654/4296/1229
f 4667/4299/1230 4666/4298/1230 4655/4287/1227
f 4668/4300/1230 4667/4299/1230 4656/4288/1227
f 4669/4301/1230 4668/4300/1230 4657/4289/1227
f 4670/4302/1230 4669/4301/1230 4658/4290/1227
f 4661/4293/1228 4672/4304/1231 4671/4303/1231
f 4662/4294/1228 4673/4305/1231 4672/4304/1231
f 4663/4295/1228 4674/4306/1231 4673/4305/1231
f 4664/4297/1228 4675/4308/1231 4674/4306/1231
f 4665/4307/1232 4676/4318/1236 4675/4308/1231
f 4677/4309/1233 4676/4318/1236 4665/4307/1232
f 4678/4310/1233 4677/4309/1233 4666/4298/1230
f 4679/4311/1233 4678/4310/1233 4667/4299/1230
f 4680/4312/1233 4679/4311/1233 4668/4300/1230
f 4681/4313/1233 4680/4312/1233 4669/4301/1230
f 4672/4304/1231 4683/4315/1235 4682/4314/1234
f 4673/4305/1231 4684/4316/1234 4683/4315/1235
f 4674/4306/1231 4685/4317/1234 4684/4316/1234
f 4675/4308/1231 4686/4319/1234 4685/4317/1234
f 4676/4318/1236 4687/4329/1240 4686/4319/1234
f 4688/4320/1237 4687/4329/1240 4676/4318/1236
f 4689/4321/1237 4688/4320/1237 4677/4309/1233
f 4690/4322/1237 4689/4321/1237 4678/4310/1233
f 4691/4323/1238 4690/4322/1237 4679/4311/1233
f 4692/4324/1237 4691/4323/1238 4680/4312/1233
f 4683/4315/1235 4694/4326/1239 4693/4325/1239
f 4684/4316/1234 4695/4327/1239 4694/4326/1239
f 4685/4317/1234 4696/4328/1239 4695/4327/1239
f 4686/4319/1234 4697/4330/1239 4696/4328/1239
f 4687/4329/1240 4698/4340/1243 4697/4330/1239
f 4699/4331/1241 4698/4340/1243 4687/4329/1240
f 4700/4332/1241 4699/4331/1241 4688/4320/1237
f 4701/4333/1241 4700/4332/1241 4689/4321/1237
f 4702/4334/1241 4701/4333/1241 4690/4322/1237
f 4703/4335/1241 4702/4334/1241 4691/4323/1238
f 4694/4326/1239 4705/4337/1242 4704/4336/1242
f 4695/4327/1239 4706/4338/1242 4705/4337/1242
f 4696/4328/1239 4707/4339/1242 4706/4338/1242
f 4697/4330/1239 4708/4341/1242 4707/4339/1242
f 4698/4340/1243 4709/4351/1246 4708/4341/1242
f 4710/4342/1244 4709/4351/1246 4698/4340/1243
f 4711/4343/1244 4710/4342/1244 4699/4331/1241
f 4712/4344/1244 4711/4343/1244 4700/4332/1241
f 4713/4345/1244 4712/4344/1244 4701/4333/1241
f 4714/4346/1244 4713/4345/1244 4702/4334/1241
f 4705/4337/1242 4716/4348/1245 4715/4347/1245
f 4706/4338/1242 4717/4349/1245 4716/4348/1245
f 4707/4339/1242 4718/4350/1245 4717/4349/1245
f 4708/4341/1242 4719/4352/1247 4718/4350/1245
f 4709/4351/1246 4720/4362/1250 4719/4352/1247
f 4721/4353/1248 4720/4362/1250 4709/4351/1246
f 4722/4354/1248 4721/4353/1248 4710/4342/1244
f 4723/4355/1248 4722/4354/1248 4711/4343/1244
f 4724/4356/1248 4723/4355/1248 4712/4344/1244
f 4725/4357/1248 4724/4356/1248 4713/4345/1244
f 4716/4348/1245 4727/4359/1249 4726/4358/1249
f 4717/4349/1245 4728/4360/1249 4727/4359/1249
f 4718/4350/1245 4729/4361/1249 4728/4360/1249
f 4719/4352/1247 4730/4363/1249 4729/4361/1249
f 4720/4362/1250 4731/4373/1253 4730/4363/1249
f 4732/4364/1251 4731/4373/1253 4720/4362/1250
f 4733/4365/1251 4732/4364/1251 4721/4353/1248
f 4734/4366/1251 4733/4365/1251 4722/4354/1248
f 4735/4367/1251 4734/4366/1251 4723/4355/1248
f 4736/4368/1251 4735/4367/1251 4724/4356/1248
f 4727/4359/1249 4738/4370/1252 4737/4369/1252
f 4728/4360/1249 4739/4371/1252 4738/4370/1252
f 4729/4361/1249 4740/4372/1252 4739/4371/1252
f 4730/4363/1249 4741/4374/1252 4740/4372/1252
f 4731/4373/1253 4742/4384/1256 4741/4374/1252
f 4743/4375/1254 4742/4384/1256 4731/4373/1253
f 4744/4376/1254 4743/4375/1254 4732/4364/1251
f 4745/4377/1254 4744/4376/1254 4733/4365/1251
f 4746/4378/1254 4745/4377/1254 4734/4366/1251
f 4747/4379/1254 4746/4378/1254 4735/4367/1251
f 4738/4370/1252 4749/4381/1255 4748/4380/1255
f 4739/4371/1252 4750/4382/1255 4749/4381/1255
f 4740/4372/1252 4751/4383/1255 4750/4382/1255
f 4741/4374/1252 4752/4385/1255 4751/4383/1255
f 4742/4384/1256 4753/4394/1258 4752/4385/1255
f 4754/4386/1257 4753/4394/1258 4742/4384/1256
f 4755/4387/1257 4754/4386/1257 4743/4375/1254
f 4756/4388/1257 4755/4387/1257 4744/4376/1254
f 4757/4389/1257 4756/4388/1257 4745/4377/1254
f 4758/4390/1257 4757/4389/1257 4746/4378/1254
f 4749/4381/1255 734/4391/4 733/303/4
f 4750/4382/1255 735/4392/4 734/4391/4
f 4751/4383/1255 736/4393/4 735/4392/4
f 4752/4385/1255 737/4395/4 736/4393/4
f 4753/4394/1258 738/4401/6 737/4395/4
f 739/4396/7 738/4401/6 4753/4394/1258
f 740/4397/7 739/4396/7 4754/4386/1257
f 741/4398/7 740/4397/7 4755/4387/1257
f 742/4399/7 741/4398/7 4756/4388/1257
f 743/4400/7 742/4399/7 4757/4389/1257
